comment,FALSE
info,TRUE
information,TRUE
click,TRUE
detail,TRUE
comment,FALSE
profile,FALSE
depend,TRUE
name,TRUE
click,TRUE
app,TRUE
please,FALSE
website,TRUE
hear,TRUE
receive,TRUE
make,TRUE
file,TRUE
consider,TRUE
processing,TRUE
review,TRUE
sign,TRUE
answer,TRUE
reject,FALSE
project,TRUE
proposal,FALSE
design,TRUE
plan,TRUE
plant,FALSE
bill,TRUE
build,TRUE
work,TRUE
decision,TRUE
construction,FALSE
law,FALSE
program,TRUE
contract,FALSE
change,TRUE
exist,TRUE
remain,FALSE
stand,FALSE
wait,TRUE
exist,TRUE
remain,FALSE
appear,TRUE
need,TRUE
exist,FALSE
need,TRUE
need,TRUE
begin,TRUE
ask,TRUE
continue,TRUE
require,TRUE
answer,TRUE
approve,TRUE
process,TRUE
receive,TRUE
submit,TRUE
accept,TRUE
hear,TRUE
grant,TRUE
reject,FALSE
make,TRUE
sign,TRUE
file,TRUE
consider,TRUE
issue,TRUE
review,TRUE
the,FALSE
a,FALSE
no,FALSE
long,FALSE
my,FALSE
dead,FALSE
last,FALSE
this,FALSE
only,FALSE
list,TRUE
one,FALSE
#,FALSE
#,FALSE
#,FALSE
number,TRUE
box,TRUE
order,TRUE
#,FALSE
still,FALSE
error,TRUE
additional,FALSE
sms,TRUE
interactive,FALSE
optional,FALSE
audio,FALSE
animate,FALSE
automate,FALSE
instant,FALSE
incoming,FALSE
empty,FALSE
electronic,FALSE
exit,FALSE
example,TRUE
incomplete,FALSE
message,TRUE
code,TRUE
correction,FALSE
signal,FALSE
table,TRUE
value,TRUE
mark,TRUE
rating,FALSE
result,TRUE
sign,TRUE
function,TRUE
vector,FALSE
score,FALSE
response,FALSE
FALSE,FALSE
zero,FALSE
one,FALSE
an,FALSE
user,TRUE
each,FALSE
your,FALSE
its,FALSE
every,FALSE
software,TRUE
any,FALSE
application,TRUE
their,FALSE
open,FALSE
developer,TRUE
application,TRUE
application,TRUE
user,TRUE
service,TRUE
development,FALSE
software,TRUE
provider,TRUE
app,FALSE
service,FALSE
site,TRUE
operator,TRUE
server,TRUE
#,FALSE
provide,TRUE
include,TRUE
use,TRUE
follow,TRUE
make,TRUE
support,TRUE
give,TRUE
offer,TRUE
take,TRUE
contain,TRUE
create,TRUE
ensure,TRUE
feature,TRUE
simple,FALSE
clear,FALSE
consistent,FALSE
accurate,FALSE
detail,FALSE
transparent,FALSE
basic,FALSE
precise,FALSE
descriptive,FALSE
easy,FALSE
comprehensive,FALSE
appropriate,FALSE
accessible,FALSE
flexible,FALSE
open,FALSE
language,TRUE
feature,TRUE
interface,TRUE
logic,TRUE
content,TRUE
communication,TRUE
element,FALSE
syntax,TRUE
statement,TRUE
datum,TRUE
principle,TRUE
style,FALSE
way,TRUE
manner,FALSE
sense,TRUE
fashion,FALSE
respect,FALSE
context,TRUE
case,TRUE
regard,TRUE
direction,FALSE
capacity,FALSE
way,TRUE
situation,TRUE
place,TRUE
view,TRUE
form,TRUE
reader,FALSE
people,TRUE
everyone,FALSE
student,TRUE
customer,TRUE
client,TRUE
consumer,FALSE
individual,TRUE
knowledge,TRUE
focus,TRUE
emphasis,FALSE
requirement,TRUE
resource,TRUE
limitation,FALSE
facility,TRUE
functionality,TRUE
background,FALSE
business,TRUE
home,TRUE
desktop,TRUE
web,TRUE
computer,TRUE
internet,TRUE
office,TRUE
desk,FALSE
it,FALSE
technology,TRUE
house,FALSE
service,TRUE
web,TRUE
mobile,TRUE
computer,TRUE
pc,TRUE
internet,TRUE
tv,FALSE
phone,TRUE
network,TRUE
compute,FALSE
make,TRUE
find,TRUE
consider,TRUE
keep,TRUE
find,TRUE
render,FALSE
get,TRUE
make,TRUE
consider,TRUE
find,TRUE
system,TRUE
tool,TRUE
tool,TRUE
terminology,FALSE
term,TRUE
understand,TRUE
share,TRUE
read,TRUE
learn,FALSE
access,TRUE
know,TRUE
implement,TRUE
edit,TRUE
develop,TRUE
#,FALSE
#,FALSE
#,FALSE
which,FALSE
new,FALSE
damage,FALSE
damage,FALSE
next,FALSE
compare,FALSE
lose,TRUE
destroy,FALSE
vulnerable,FALSE
close,FALSE
prior,FALSE
relative,FALSE
attach,FALSE
adjacent,FALSE
add,TRUE
state,TRUE
market,TRUE
2014,FALSE
2012,FALSE
2008,FALSE
2015,FALSE
2013,FALSE
2010,FALSE
2016,FALSE
2009,FALSE
2011,FALSE
2007,FALSE
2006,FALSE
2017,FALSE
2005,FALSE
2004,FALSE
first,FALSE
,FALSE
very,FALSE
new,FALSE
follow,FALSE
final,FALSE
special,FALSE
last,FALSE
simple,FALSE
latter,FALSE
upper,FALSE
reverse,FALSE
low,FALSE
well,FALSE
rule,TRUE
also,FALSE
procedure,FALSE
principle,FALSE
method,TRUE
model,TRUE
term,TRUE
operation,TRUE
provide,TRUE
use,TRUE
describe,TRUE
involve,TRUE
include,TRUE
define,TRUE
represent,TRUE
contain,TRUE
show,TRUE
allow,TRUE
specific,FALSE
actual,FALSE
particular,FALSE
exact,FALSE
general,FALSE
main,FALSE
time,TRUE
#,FALSE
#,FALSE
process,TRUE
point,TRUE
case,TRUE
#,FALSE
area,TRUE
say,TRUE
believe,TRUE
assume,TRUE
see,TRUE
conclude,TRUE
think,TRUE
agree,TRUE
note,TRUE
say,TRUE
suppose,TRUE
ask,TRUE
together,FALSE
solely,FALSE
exactly,FALSE
simply,FALSE
result,TRUE
outcome,FALSE
purpose,TRUE
scope,TRUE
parameter,FALSE
structure,TRUE
content,TRUE
operation,TRUE
rule,TRUE
end,TRUE
entry,TRUE
it,FALSE
call,TRUE
information,TRUE
contact,FALSE
access,TRUE
datum,TRUE
reference,TRUE
reservation,FALSE
trust,FALSE
decision,TRUE
selection,FALSE
do,TRUE
provide,TRUE
determine,TRUE
follow,TRUE
give,TRUE
specify,TRUE
available,FALSE
support,TRUE
indicate,TRUE
perform,TRUE
define,TRUE
allow,TRUE
enable,FALSE
require,TRUE
domain,FALSE
file,TRUE
another,FALSE
#,FALSE
ID,FALSE
name,TRUE
input,TRUE
permission,TRUE
identification,FALSE
registration,FALSE
authorization,FALSE
credential,FALSE
request,TRUE
identity,FALSE
password,TRUE
license,FALSE
certificate,FALSE
signature,FALSE
list,TRUE
logo,FALSE
description,FALSE
key,TRUE
member,TRUE
unit,TRUE
three,FALSE
location,TRUE
site,TRUE
season,FALSE
area,TRUE
place,TRUE
file,TRUE
population,FALSE
building,FALSE
track,FALSE
year,TRUE
place,TRUE
case,TRUE
construction,FALSE
name,TRUE
number,TRUE
determine,TRUE
choose,TRUE
call,TRUE
decide,FALSE
control,TRUE
get,TRUE
test,TRUE
transfer,TRUE
default,FALSE
bad,FALSE
entire,FALSE
expect,TRUE
trust,TRUE
realize,FALSE
find,TRUE
operate,TRUE
every,FALSE
system,TRUE
device,TRUE
machine,TRUE
hardware,TRUE
appliance,FALSE
module,FALSE
library,TRUE
network,TRUE
program,TRUE
server,TRUE
network,TRUE
database,TRUE
algorithm,FALSE
protocol,FALSE
protocol,FALSE
handle,TRUE
control,TRUE
perform,TRUE
manage,TRUE
run,TRUE
represent,TRUE
other,TRUE
option,TRUE
how,FALSE
ability,TRUE
help,TRUE
support,TRUE
technology,TRUE
able,FALSE
user,TRUE
need,TRUE
organize,FALSE
maintain,TRUE
build,TRUE
operate,TRUE
monitor,TRUE
update,TRUE
modify,TRUE
utilize,TRUE
store,TRUE
distribute,TRUE
expand,TRUE
inventory,TRUE
online,FALSE
product,TRUE
complete,FALSE
personal,FALSE
digital,FALSE
whole,FALSE
customer,TRUE
file,TRUE
environment,TRUE
part,TRUE
section,TRUE
level,TRUE
step,TRUE
chapter,FALSE
version,TRUE
article,TRUE
rule,TRUE
table,TRUE
figure,FALSE
stage,TRUE
book,FALSE
Act,FALSE
form,TRUE
level,TRUE
point,TRUE
goal,TRUE
game,TRUE
door,TRUE
source,TRUE
category,TRUE
see,TRUE
2003,FALSE
in,FALSE
air,FALSE
squadron,FALSE
home,FALSE
flight,FALSE
army,FALSE
total,FALSE
administrative,FALSE
on,FALSE
wing,FALSE
current,FALSE
military,FALSE
#,FALSE
#,FALSE
collection,TRUE
summary,FALSE
#,FALSE
bank,FALSE
link,TRUE
#,FALSE
stream,FALSE
source,TRUE
set,TRUE
entry,FALSE
#,FALSE
please,FALSE
quick,FALSE
FCC,FALSE
type,TRUE
protection,FALSE
#,FALSE
#,FALSE
item,TRUE
#,FALSE
select,TRUE
check,FALSE
declaration,FALSE
#,FALSE
if,FALSE
note,TRUE
condition,FALSE
without,FALSE
boundary,FALSE
two,FALSE
fix,FALSE
minimum,FALSE
present,FALSE
manual,FALSE
book,TRUE
page,TRUE
guide,FALSE
section,TRUE
statement,TRUE
#,FALSE
cover,TRUE
comprise,FALSE
encompasse,FALSE
thing,TRUE
activity,TRUE
function,TRUE
action,TRUE
task,TRUE
research,TRUE
change,TRUE
calculation,FALSE
work,TRUE
test,TRUE
arithmetic,FALSE
use,TRUE
obtain,TRUE
apply,TRUE
implement,TRUE
achieve,TRUE
create,TRUE
produce,TRUE
to,FALSE
they,FALSE
we,FALSE
company,TRUE
plant,FALSE
unit,TRUE
bank,FALSE
store,TRUE
manage,TRUE
oversee,FALSE
vacant,FALSE
city,FALSE
property,TRUE
municipal,FALSE
residential,FALSE
note,TRUE
mean,TRUE
except,FALSE
except,FALSE
so,FALSE
after,FALSE
mean,TRUE
ranking,FALSE
code,TRUE
regulation,FALSE
criterion,FALSE
statistic,FALSE
boundary,FALSE
position,FALSE
district,FALSE
rating,FALSE
class,FALSE
standard,TRUE
entity,FALSE
unit,TRUE
district,TRUE
division,TRUE
department,TRUE
region,FALSE
jurisdiction,FALSE
subdivision,FALSE
branch,FALSE
level,TRUE
location,TRUE
zone,FALSE
another,FALSE
that,FALSE
these,FALSE
#,FALSE
#,FALSE
#,FALSE
#,FALSE
#,FALSE
mode,FALSE
#,FALSE
#,FALSE
#,FALSE
occur,TRUE
start,TRUE
arise,TRUE
happen,TRUE
come,TRUE
begin,TRUE
end,TRUE
purchase,FALSE
create,TRUE
buy,TRUE
acquire,TRUE
identify,TRUE
develop,TRUE
receive,TRUE
introduce,TRUE
request,TRUE
order,TRUE
build,TRUE
want,TRUE
device,TRUE
installation,FALSE
machine,TRUE
game,TRUE
standard,FALSE
write,TRUE
training,FALSE
free,FALSE
instruction,FALSE
text,TRUE
english,FALSE
library,TRUE
format,TRUE
version,TRUE
class,TRUE
window,FALSE
class,TRUE
port,FALSE
type,FALSE
part,TRUE
release,FALSE
ios,FALSE
man,TRUE
person,TRUE
company,TRUE
woman,TRUE
guy,FALSE
boy,FALSE
officer,FALSE
year,TRUE
girl,FALSE
day,TRUE
assume,TRUE
take,TRUE
assume,TRUE
hold,TRUE
fill,FALSE
play,TRUE
take,TRUE
perform,TRUE
hold,TRUE
occupy,FALSE
play,TRUE
title,TRUE
position,FALSE
job,TRUE
role,TRUE
status,TRUE
post,TRUE
rank,FALSE
skill,FALSE
power,TRUE
experience,TRUE
public,FALSE
chief,FALSE
local,FALSE
site,TRUE
,FALSE
code,FALSE
index,FALSE
card,FALSE
search,TRUE
reference,TRUE
add,TRUE
assign,FALSE
contribute,FALSE
attach,FALSE
put,TRUE
add,TRUE
bring,TRUE
add,TRUE
addition,TRUE
move,TRUE
connect,FALSE
asset,TRUE
item,TRUE
attribute,FALSE
object,TRUE
character,TRUE
property,TRUE
asset,TRUE
value,TRUE
title,TRUE
like,TRUE
wish,TRUE
desire,TRUE
want,TRUE
want,TRUE
wish,TRUE
desire,FALSE
prefer,FALSE
wish,TRUE
like,TRUE
portfolio,FALSE
player,FALSE
account,FALSE
map,FALSE
use,TRUE
press,FALSE
choose,TRUE
help,TRUE
click,TRUE
automatically,FALSE
onto,FALSE
upon,FALSE
yet,FALSE
menu,FALSE
purchase,FALSE
red,FALSE
download,FALSE
individual,FALSE
age,TRUE
interested,FALSE
single,FALSE
active,FALSE
work,TRUE
remain,TRUE
survive,FALSE
small,FALSE
faculty,TRUE
staff,TRUE
board,TRUE
whose,FALSE
association,TRUE
community,TRUE
family,FALSE
union,TRUE
club,FALSE
group,TRUE
student,TRUE
member,TRUE
owner,FALSE
organization,TRUE
manager,TRUE
administrator,TRUE
hold,TRUE
claim,FALSE
identify,TRUE
buy,TRUE
inherit,FALSE
number,TRUE
book,TRUE
category,TRUE
piece,FALSE
article,TRUE
entry,FALSE
material,TRUE
index,FALSE
capital,FALSE
physical,FALSE
#,FALSE
date,TRUE
#,FALSE
#,FALSE
#,FALSE
address,TRUE
amount,TRUE
i,FALSE
from,FALSE
accord,TRUE
limit,TRUE
limit,TRUE
player,TRUE
mode,FALSE
license,TRUE
system,TRUE
choose,TRUE
apply,TRUE
register,FALSE
obtain,TRUE
locate,FALSE
pick,FALSE
acquire,FALSE
approve,FALSE
grant,TRUE
extend,TRUE
issue,TRUE
receive,TRUE
gain,FALSE
award,TRUE
assignment,FALSE
child,FALSE
job,TRUE
character,TRUE
know,TRUE
directory,FALSE
title,TRUE
key,FALSE
example,TRUE
language,TRUE
player,FALSE
key,TRUE
name,TRUE
point,TRUE
group,TRUE
member,TRUE
team,TRUE
project,TRUE
agent,FALSE
People,FALSE
assign,TRUE
allocate,FALSE
restrict,FALSE
award,FALSE
offer,TRUE
distribute,TRUE
candidate,FALSE
player,FALSE
applicant,FALSE
teacher,FALSE
team,TRUE
school,TRUE
officer,FALSE
judge,FALSE
club,FALSE
coach,FALSE
committee,FALSE
instructor,FALSE
due,FALSE
relate,TRUE
guide,TRUE
contributor,FALSE
dedicate,FALSE
adapt,FALSE
school,TRUE
degree,FALSE
team,TRUE
center,TRUE
#,FALSE
produce,TRUE
generate,TRUE
image,TRUE
document,TRUE
scenario,FALSE
prepare,FALSE
verify,FALSE
view,TRUE
publish,TRUE
request,TRUE
update,TRUE
access,TRUE
his,FALSE
#,FALSE
#,FALSE
#,FALSE
#,FALSE
#,FALSE
delete,FALSE
must,FALSE
can,FALSE
may,FALSE
could,FALSE
would,FALSE
applicable,FALSE
understand,TRUE
know,TRUE
speak,TRUE
cite,FALSE
encounter,FALSE
employ,TRUE
agree,TRUE
adopt,TRUE
quote,FALSE
vocabulary,TRUE
analysis,TRUE
literature,FALSE
notation,FALSE
documentation,FALSE
code,TRUE
end,TRUE
direct,FALSE
find,TRUE
active,FALSE
let,FALSE
for,FALSE
start,TRUE
use,FALSE
#,FALSE
buy,FALSE
save,FALSE
search,FALSE
design,FALSE
control,FALSE
draw,FALSE
pdf,FALSE
edition,TRUE
volume,FALSE
edition,FALSE
quarter,FALSE
print,TRUE
generation,FALSE
semester,FALSE
paper,TRUE
prize,FALSE
session,FALSE
such,FALSE
browser,TRUE
page,TRUE
engine,FALSE
application,FALSE
play,TRUE
install,FALSE
anyone,FALSE
platform,TRUE
os,FALSE
technology,TRUE
platform,TRUE
environment,FALSE
format,FALSE
contact,TRUE
command,TRUE
keyboard,FALSE
print,FALSE
instal,FALSE
store,TRUE
include,TRUE
execute,TRUE
embed,FALSE
license,FALSE
host,TRUE
part,TRUE
rule,TRUE
article,TRUE
track,FALSE
number,TRUE
book,TRUE
judge,FALSE
element,FALSE
lend,FALSE
show,TRUE
delegate,TRUE
pass,TRUE
deny,FALSE
decision,TRUE
responsibility,TRUE
power,TRUE
command,TRUE
duty,FALSE
role,TRUE
university,FALSE
education,TRUE
education,TRUE
Institute,FALSE
school,FALSE
volunteer,FALSE
also,FALSE
send,TRUE
give,TRUE
issue,TRUE
note,TRUE
offer,TRUE
release,TRUE
send,TRUE
publish,TRUE
send,TRUE
message,TRUE
mail,FALSE
email,FALSE
email,FALSE
letter,FALSE
package,FALSE
report,TRUE
calendar,FALSE
Map,FALSE
content,FALSE
register,FALSE
necessary,FALSE
activate,FALSE
establish,TRUE
visitor,FALSE
participant,FALSE
buyer,FALSE
explicitly,FALSE
become,TRUE
previously,FALSE
actively,FALSE
desire,FALSE
complete,TRUE
purchase,FALSE
b,FALSE
#,FALSE
d,FALSE
c,FALSE
ii,FALSE
IV,FALSE
tier,TRUE
tier,TRUE
category,TRUE
division,FALSE
grade,FALSE
second,FALSE
third,FALSE
junior,FALSE
top,FALSE
league,FALSE
championship,FALSE
senior,FALSE
high,FALSE
hall,FALSE
study,TRUE
college,FALSE
library,FALSE
council,FALSE
study,TRUE
administration,FALSE
science,FALSE
grade,TRUE
group,FALSE
analysis,FALSE
management,FALSE
classification,FALSE
distribution,FALSE
method,FALSE
manager,FALSE
production,FALSE
operate,TRUE
computer,TRUE
publishing,FALSE
product,TRUE
technical,FALSE
article,TRUE
online,FALSE
experience,FALSE
authorize,FALSE
expert,FALSE
external,FALSE
average,FALSE
alert,FALSE
inspector,FALSE
specialist,FALSE
audit,FALSE
controller,FALSE
technician,FALSE
collector,FALSE
review,TRUE
operator,TRUE
supervisor,FALSE
collect,TRUE
retrieve,FALSE
return,TRUE
recover,FALSE
good,TRUE
equipment,FALSE
product,TRUE
stock,FALSE
part,TRUE
store,TRUE
sale,FALSE
record,FALSE
load,FALSE
restore,FALSE
resume,FALSE
save,TRUE
retain,FALSE
write,TRUE
send,TRUE
write,TRUE
short,FALSE
brief,FALSE
warn,FALSE
video,FALSE
voice,FALSE
private,FALSE
word,TRUE
line,TRUE
block,FALSE
object,TRUE
event,TRUE
event,TRUE
action,TRUE
incident,FALSE
problem,TRUE
accident,FALSE
occurrence,FALSE
activity,TRUE
scenario,FALSE
disaster,FALSE
follow,TRUE
#,FALSE
#,FALSE
#,FALSE
#,FALSE
#,FALSE
#,FALSE
#,FALSE
#,FALSE
#,FALSE
#,FALSE
#,FALSE
visit,FALSE
permit,TRUE
fee,FALSE
transfer,TRUE
transfer,TRUE
transfer,TRUE
transaction,TRUE
initiate,FALSE
body,TRUE
university,TRUE
institution,FALSE
authority,TRUE
professor,FALSE
organisation,FALSE
lecturer,FALSE
professional,FALSE
teacher,FALSE
party,FALSE
college,FALSE
confirm,FALSE
acceptance,FALSE
either,FALSE
peer,FALSE
interest,TRUE
head,TRUE
association,TRUE
representative,FALSE
department,TRUE
stage,TRUE
mechanism,FALSE
aspect,TRUE
denote,FALSE
possibility,TRUE
concept,FALSE
act,TRUE
task,TRUE
ease,FALSE
idea,FALSE
difficulty,FALSE
practice,FALSE
create,TRUE
generate,TRUE
write,TRUE
implement,TRUE
develop,TRUE
execute,FALSE
prepare,FALSE
produce,TRUE
issue,TRUE
request,TRUE
select,TRUE
resource,TRUE
base,TRUE
current,FALSE
window,FALSE
combine,FALSE
enable,TRUE
advance,FALSE
support,TRUE
quick,FALSE
fast,FALSE
complex,FALSE
efficient,FALSE
rapid,FALSE
specialize,FALSE
extensive,FALSE
search,TRUE
manage,TRUE
handle,TRUE
generate,TRUE
conduct,TRUE
common,FALSE
free,FALSE
special,FALSE
land,FALSE
good,FALSE
fair,FALSE
multiple,FALSE
safe,FALSE
single,FALSE
public,FALSE
self,FALSE
drug,FALSE
limit,FALSE
indicate,TRUE
legal,FALSE
correct,FALSE
work,TRUE
development,TRUE
text,TRUE
programming,FALSE
write,TRUE
editing,FALSE
create,TRUE
write,TRUE
editor,TRUE
introduction,FALSE
publisher,TRUE
London,FALSE
2001,FALSE
1999,FALSE
1996,FALSE
complete,FALSE
full,FALSE
final,FALSE
all,FALSE
overall,FALSE
additional,FALSE
historical,FALSE
official,FALSE
where,FALSE
#,FALSE
result,TRUE
time,TRUE
pattern,FALSE
link,TRUE
screen,FALSE
match,TRUE
show,TRUE
stadium,FALSE
deal,FALSE
station,FALSE
extension,FALSE
car,FALSE
facility,TRUE
currently,FALSE
always,FALSE
already,FALSE
within,FALSE
worth,FALSE
usually,FALSE
court,FALSE
congressional,FALSE
regulatory,FALSE
Senate,FALSE
voter,FALSE
pende,FALSE
committee,FALSE
council,FALSE
Commission,FALSE
government,TRUE
ensure,TRUE
maintain,TRUE
connection,FALSE
path,FALSE
approach,FALSE
flow,FALSE
route,FALSE
reply,FALSE
introduction,FALSE
release,TRUE
channel,FALSE
archive,FALSE
archive,FALSE
campus,FALSE
source,TRUE
authority,TRUE
party,TRUE
country,TRUE
agency,TRUE
organisation,FALSE
company,TRUE
laboratory,FALSE
agent,FALSE
organization,TRUE
personnel,FALSE
expert,TRUE
government,TRUE
supplier,FALSE
moment,FALSE
rate,TRUE
opportunity,TRUE
hour,TRUE
cost,TRUE
period,TRUE
distance,FALSE
24,FALSE
daylight,FALSE
peak,FALSE
regular,FALSE
normal,FALSE
certain,FALSE
mathematic,FALSE
architecture,FALSE
system,FALSE
service,FALSE
designer,FALSE
Database,FALSE
call,TRUE
#,FALSE
#,FALSE
group,TRUE
act,TRUE
#,FALSE
question,TRUE
choose,TRUE
intend,TRUE
decide,TRUE
continue,TRUE
fail,TRUE
hear,TRUE
previous,FALSE
former,FALSE
shall,FALSE
might,FALSE
help,TRUE
list,TRUE
collect,FALSE
present,TRUE
privilege,FALSE
child,FALSE
guest,FALSE
client,TRUE
judge,FALSE
citizen,FALSE
driver,FALSE
lawyer,FALSE
other,FALSE
legal,FALSE
_,FALSE
then,FALSE
you,FALSE
just,FALSE
and,FALSE
packet,FALSE
type,TRUE
certificate,FALSE
update,TRUE
label,FALSE
specify,TRUE
verify,FALSE
define,TRUE
determine,TRUE
establish,TRUE
confirm,FALSE
option,FALSE
element,TRUE
result,TRUE
correspond,FALSE
total,FALSE
population,FALSE
energy,FALSE
internal,FALSE
buffer,FALSE
initial,FALSE
mean,FALSE
water,FALSE
vary,TRUE
differ,TRUE
change,TRUE
vary,TRUE
operate,TRUE
state,TRUE
proceed,FALSE
refer,TRUE
subject,FALSE
lead,TRUE
apply,TRUE
correspond,TRUE
relate,TRUE
lead,TRUE
amount,TRUE
resource,FALSE
#,FALSE
#,FALSE
#,FALSE
personal,FALSE
property,FALSE
local,FALSE
project,TRUE
general,FALSE
safety,FALSE
maintenance,TRUE
quality,FALSE
equipment,TRUE
security,FALSE
supply,FALSE
Personnel,FALSE
logistic,FALSE
health,FALSE
budget,FALSE
organization,TRUE
safety,FALSE
management,TRUE
skill,FALSE
maintenance,TRUE
technical,FALSE
specialist,FALSE
measure,FALSE
protect,TRUE
prepare,FALSE
infrastructure,FALSE
security,TRUE
step,TRUE
paragraph,FALSE
figure,FALSE
region,FALSE
department,TRUE
agent,FALSE
city,TRUE
location,TRUE
owner,FALSE
person,TRUE
entity,FALSE
business,TRUE
allow,TRUE
possess,FALSE
occur,TRUE
require,TRUE
go,TRUE
administer,FALSE
execute,FALSE
enforce,FALSE
exercise,FALSE
plan,TRUE
possible,FALSE
relevant,FALSE
instruction,FALSE
routine,FALSE
block,FALSE
script,FALSE
resume,FALSE
schedule,TRUE
discontinue,FALSE
suspend,FALSE
repeat,FALSE
stop,TRUE
terminate,FALSE
start,TRUE
#,FALSE
#,FALSE
when,FALSE
programming,TRUE
start,TRUE
enter,TRUE
#,FALSE
type,TRUE
call,TRUE
load,FALSE
testing,FALSE
mapping,FALSE
call,TRUE
next,FALSE
search,TRUE
#,FALSE
#,FALSE
#,FALSE
#,FALSE
age,TRUE
preference,FALSE
nationality,FALSE
hour,TRUE
director,TRUE
driver,FALSE
resident,FALSE
voter,FALSE
business,TRUE
office,TRUE
district,TRUE
network,FALSE
manager,TRUE
appoint,FALSE
promote,TRUE
deploy,FALSE
relegate,FALSE
transfer,TRUE
move,TRUE
elevate,FALSE
classify,FALSE
recruit,FALSE
elect,FALSE
reassign,FALSE
relate,TRUE
pertain,FALSE
respective,FALSE
various,FALSE
primary,FALSE
administrative,FALSE
different,FALSE
field,TRUE
at,FALSE
#,FALSE
favorite,FALSE
parameter,TRUE
factor,FALSE
maximum,FALSE
large,FALSE
potential,FALSE
small,FALSE
memory,TRUE
probability,FALSE
high,FALSE
intermediate,FALSE
low,FALSE
production,FALSE
high,FALSE
reserve,FALSE
operational,FALSE
top,FALSE
employee,TRUE
official,TRUE
director,TRUE
consultant,FALSE
representative,FALSE
assistant,FALSE
engineer,TRUE
agency,FALSE
even,FALSE
vote,FALSE
advisory,FALSE
monitor,FALSE
responsible,FALSE
provider,FALSE
evaluate,FALSE
assess,FALSE
submit,TRUE
accept,FALSE
paperwork,FALSE
project,TRUE
plan,TRUE
contract,FALSE
ask,TRUE
wait,TRUE
look,TRUE
approval,TRUE
delivery,FALSE
completion,FALSE
arrival,FALSE
inspection,FALSE
notice,FALSE
execution,FALSE
answer,TRUE
report,TRUE
argue,TRUE
feel,TRUE
merely,FALSE
objective,FALSE
objective,FALSE
consequence,TRUE
success,FALSE
goal,FALSE
nature,FALSE
hold,TRUE
roll,TRUE
go,TRUE
take,TRUE
count,FALSE
turn,TRUE
pay,TRUE
move,TRUE
come,TRUE
run,TRUE
bring,TRUE
product,TRUE
material,TRUE
instrument,FALSE
weapon,FALSE
animal,FALSE
piece,FALSE
those,FALSE
specie,FALSE
mark,TRUE
series,FALSE
genus,FALSE
world,TRUE
divide,FALSE
categorize,FALSE
sell,TRUE
group,TRUE
organize,TRUE
collect,FALSE
sort,TRUE
arrange,FALSE
split,FALSE
#,FALSE
#,FALSE
#,FALSE
concern,TRUE
thing,FALSE
harm,FALSE
#,FALSE
write,TRUE
word,TRUE
sentence,FALSE
form,TRUE
table,TRUE
script,FALSE
chart,FALSE
edit,TRUE
display,FALSE
animation,FALSE
everything,FALSE
something,FALSE
procedure,FALSE
anything,FALSE
remove,FALSE
diagram,FALSE
theory,FALSE
explain,FALSE
demonstrate,FALSE
examine,TRUE
discuss,TRUE
explore,FALSE
generate,TRUE
produce,TRUE
introduce,FALSE
deliver,FALSE
quality,FALSE
performance,FALSE
money,FALSE
drive,TRUE
rider,FALSE
ride,FALSE
speed,FALSE
attendance,FALSE
gross,FALSE
worker,TRUE
price,FALSE
fuel,FALSE
time,TRUE
month,TRUE
capita,FALSE
winner,FALSE
dollar,FALSE
repair,TRUE
rescue,FALSE
backup,FALSE
emergency,FALSE
replacement,FALSE
recovery,FALSE
salvage,FALSE
attack,FALSE
repair,FALSE
expansion,FALSE
reconstruction,FALSE
effort,TRUE
effort,TRUE
keep,TRUE
take,TRUE
leave,TRUE
carry,FALSE
place,TRUE
cut,FALSE
pull,FALSE
maintain,TRUE
order,TRUE
spare,FALSE
real,FALSE
reasonable,FALSE
prime,FALSE
idle,FALSE
condition,TRUE
framework,FALSE
package,FALSE
command,TRUE
set,TRUE
#,FALSE
sheet,FALSE
log,FALSE
download,FALSE
open,TRUE
share,TRUE
enter,TRUE
problem,TRUE
error,TRUE
enable,FALSE
preserve,FALSE
integrate,TRUE
secure,FALSE
structure,TRUE
strategy,FALSE
improvement,FALSE
process,TRUE
component,FALSE
corridor,FALSE
solution,FALSE
mechanism,FALSE
facilitate,FALSE
prevent,TRUE
encourage,TRUE
predict,FALSE
promote,TRUE
accelerate,FALSE
growth,FALSE
acquisition,FALSE
storage,TRUE
deployment,FALSE
improvement,FALSE
improve,TRUE
future,FALSE
well,FALSE
increase,TRUE
ongoing,FALSE
enhance,TRUE
improve,TRUE
continuous,FALSE
sustainable,FALSE
continue,TRUE
global,FALSE
proper,FALSE
space,TRUE
flexibility,FALSE
bandwidth,FALSE
capability,FALSE
strength,FALSE
office,TRUE
board,TRUE
body,TRUE
division,TRUE
center,FALSE
organ,FALSE
panel,FALSE
conduct,TRUE
oversee,FALSE
regulate,FALSE
coordinate,FALSE
financial,FALSE
transaction,FALSE
cash,FALSE
loan,FALSE
foreign,FALSE
operation,TRUE
respond,FALSE
belong,TRUE
contribute,TRUE
respond,FALSE
contribute,TRUE
commit,FALSE
participate,FALSE
report,TRUE
core,FALSE
military,FALSE
follow,TRUE
section,TRUE
area,TRUE
specification,FALSE
community,TRUE
language,TRUE
database,TRUE
destination,FALSE
region,TRUE
t,FALSE
eliminate,FALSE
winner,FALSE
task,TRUE
here,FALSE
feature,TRUE
per,FALSE
engineer,FALSE
worker,TRUE
assistant,FALSE
worker,TRUE
base,TRUE
base,TRUE
depend,TRUE
depend,TRUE
administration,TRUE
laptop,FALSE
tablet,FALSE
analog,FALSE
account,FALSE
contact,FALSE
key,TRUE
card,TRUE
identify,TRUE
notify,FALSE
list,TRUE
name,TRUE
select,TRUE
inform,FALSE
represent,TRUE
designate,FALSE
fund,TRUE
money,FALSE
opportunity,TRUE
place,TRUE
declare,FALSE
aircraft,FALSE
engine,TRUE
airplane,FALSE
automobile,FALSE
apartment,FALSE
instrument,FALSE
sell,TRUE
lease,FALSE
borrow,FALSE
#,FALSE
gift,FALSE
sale,FALSE
donation,FALSE
#,FALSE
scheme,FALSE
commercial,FALSE
practical,FALSE
behaviour,FALSE
algorithm,TRUE
human,FALSE
police,FALSE
force,TRUE
vehicle,FALSE
investigator,FALSE
board,FALSE
affiliation,FALSE
membership,FALSE
affiliate,FALSE
join,FALSE
teach,FALSE
chair,TRUE
lead,TRUE
attend,FALSE
four,FALSE
academic,FALSE
five,FALSE
six,FALSE
exist,TRUE
material,TRUE
bible,FALSE
guide,FALSE
Dictionary,FALSE
Journal,FALSE
press,FALSE
world,TRUE
editor,FALSE
typical,FALSE
permit,FALSE
involve,TRUE
kind,FALSE
kind,FALSE
range,FALSE
sort,FALSE
variety,FALSE
sort,FALSE
idea,FALSE
situation,TRUE
collection,FALSE
many,FALSE
he,FALSE
she,FALSE
who,FALSE
God,FALSE
whoever,FALSE
everyone,FALSE
nobody,FALSE
serve,FALSE
author,FALSE
applicant,FALSE
agent,FALSE
resident,FALSE
consent,FALSE
stack,FALSE
pile,FALSE
size,FALSE
container,FALSE
matrix,FALSE
packet,FALSE
load,FALSE
sum,FALSE
drive,FALSE
design,TRUE
useful,FALSE
expect,TRUE
build,TRUE
transport,FALSE
carry,FALSE
separate,FALSE
cover,TRUE
injury,FALSE
patient,FALSE
cancer,FALSE
treatment,FALSE
pain,FALSE
failure,FALSE
question,TRUE
deny,FALSE
refuse,FALSE
meet,TRUE
someone,FALSE
contact,TRUE
advise,FALSE
reach,TRUE
interview,FALSE
connect,TRUE
save,TRUE
pay,TRUE
serve,TRUE
12,FALSE
early,FALSE
eight,FALSE
chapter,FALSE
chief,FALSE
program,TRUE
administrator,TRUE
professor,TRUE
president,FALSE
student,FALSE
library,FALSE
provost,FALSE
employee,TRUE
President,FALSE
staff,FALSE
researcher,FALSE
responsibility,TRUE
expertise,FALSE
monopoly,FALSE
right,TRUE
curriculum,FALSE
with,FALSE
now,FALSE
life,TRUE
face,FALSE
#,FALSE
#,FALSE
encourage,TRUE
invite,FALSE
permit,FALSE
instruct,FALSE
unable,FALSE
force,TRUE
publish,TRUE
faculty,TRUE
teacher,FALSE
alumnus,FALSE
main,FALSE
deputy,FALSE
director,TRUE
other,TRUE
scientist,FALSE
scholar,FALSE
academic,TRUE
doctor,FALSE
author,FALSE
writer,FALSE
artist,FALSE
educator,FALSE
alumnus,FALSE
professional,TRUE
youth,FALSE
parent,FALSE
warning,FALSE
CO,FALSE
operation,TRUE
professional,FALSE
qualified,FALSE
qualified,FALSE
authorise,FALSE
government,FALSE
private,FALSE
register,TRUE
remote,FALSE
focus,TRUE
dependent,FALSE
intent,FALSE
conditional,FALSE
concentrate,FALSE
ready,FALSE
demand,TRUE
check,TRUE
wait,TRUE
wait,TRUE
wait,TRUE
preparation,FALSE
schedule,TRUE
confirmation,FALSE
clearance,FALSE
certification,FALSE
aircraft,FALSE
individual,TRUE
model,TRUE
assess,FALSE
choose,TRUE
judge,FALSE
influence,FALSE
evaluate,FALSE
calculate,FALSE
country,FALSE
topic,TRUE
season,FALSE
step,TRUE
zero,FALSE
take,TRUE
tax,FALSE
performance,FALSE
exchange,FALSE
propagation,FALSE
loss,TRUE
replace,FALSE
erase,FALSE
return,TRUE
by,FALSE
some,FALSE
give,TRUE
#,FALSE
grant,TRUE
we,FALSE
far,FALSE
#,FALSE
conduct,TRUE
implement,TRUE
#,FALSE
#,FALSE
agree,TRUE
fail,TRUE
fail,TRUE
selfish,FALSE
violent,FALSE
past,FALSE
heroic,FALSE
bad,FALSE
reckless,FALSE
political,FALSE
recent,FALSE
evil,FALSE
foolish,FALSE
man,FALSE
one,TRUE
start,TRUE
be,FALSE
stop,TRUE
finish,FALSE
sequence,FALSE
suggestion,FALSE
go,TRUE
always,FALSE
log,TRUE
log,TRUE
Wikipedia,FALSE
facebook,FALSE
Google,FALSE
portal,FALSE
handle,TRUE
problem,FALSE
knowledge,FALSE
process,FALSE
value,FALSE
Model,FALSE
student,FALSE
orient,FALSE
functional,FALSE
invariant,FALSE
intensive,FALSE
center,FALSE
drive,FALSE
friendly,FALSE
operational,FALSE
over,FALSE
during,FALSE
within,FALSE
of,FALSE
#,FALSE
week,TRUE
mw,FALSE
year,TRUE
#,FALSE
km,FALSE
phase,FALSE
month,TRUE
span,FALSE
shift,FALSE
vacation,FALSE
wage,FALSE
ratio,FALSE
day,TRUE
week,TRUE
inhabitant,FALSE
minute,FALSE
line,TRUE
#,FALSE
m²,FALSE
#,FALSE
#,FALSE
full,FALSE
॥,FALSE
lot,FALSE
count,TRUE
manipulate,FALSE
building,FALSE
ship,FALSE
holding,FALSE
security,TRUE
profit,FALSE
investment,FALSE
own,FALSE
possess,FALSE
#,FALSE
#,FALSE
#,FALSE
history,TRUE
reason,FALSE
answer,FALSE
winner,FALSE
copy,FALSE
bold,FALSE
null,FALSE
what,FALSE
schedule,FALSE
nothing,FALSE
unknown,FALSE
miss,FALSE
TRUE,FALSE
receiver,FALSE
referee,FALSE
speaker,FALSE
caller,FALSE
prepare,TRUE
criminal,FALSE
trial,FALSE
header,FALSE
length,FALSE
designer,FALSE
holder,FALSE
remove,FALSE
inspect,FALSE
image,TRUE
belong,TRUE
belong,TRUE
connect,FALSE
go,TRUE
belong,TRUE
master,FALSE
employer,TRUE
creator,FALSE
as,FALSE
friend,FALSE
leader,FALSE
shop,FALSE
ordinary,FALSE
instructor,FALSE
graduate,FALSE
researcher,FALSE
librarian,FALSE
visitor,FALSE
turn,FALSE
fact,TRUE
attempt,TRUE
#,FALSE
avoid,TRUE
undergo,FALSE
cause,TRUE
sure,FALSE
adjustment,FALSE
recommendation,FALSE
willing,FALSE
version,TRUE
route,FALSE
world,TRUE
map,FALSE
ending,FALSE
model,TRUE
path,FALSE
while,FALSE
#,FALSE
up,FALSE
#,FALSE
original,FALSE
annual,FALSE
census,FALSE
vary,TRUE
distribution,FALSE
#,FALSE
#,FALSE
#,FALSE
#,FALSE
#,FALSE
#,FALSE
admission,FALSE
material,FALSE
thesis,FALSE
paper,TRUE
#,FALSE
#,FALSE
#,FALSE
#,FALSE
#,FALSE
#,FALSE
#,FALSE
#,FALSE
#,FALSE
#,FALSE
president,TRUE
coordinator,FALSE
secretary,FALSE
advisor,FALSE
member,FALSE
principal,FALSE
associate,FALSE
fellow,FALSE
non,FALSE
panel,FALSE
originate,FALSE
come,TRUE
come,TRUE
originate,FALSE
derive,TRUE
stem,FALSE
learn,FALSE
educational,FALSE
rank,TRUE
honor,FALSE
enterprise,FALSE
job,FALSE
server,TRUE
domain,TRUE
assignment,FALSE
hire,FALSE
contract,TRUE
basis,FALSE
switch,FALSE
migrate,FALSE
differ,TRUE
jump,FALSE
transition,FALSE
communicate,TRUE
trade,FALSE
independently,FALSE
check,FALSE
change,FALSE
circulation,FALSE
commercial,FALSE
Daily,FALSE
regular,FALSE
joint,FALSE
passenger,FALSE
steam,FALSE
bus,FALSE
#,FALSE
funding,FALSE
warrant,FALSE
#,FALSE
disk,FALSE
medium,FALSE
binary,FALSE
ramp,FALSE
tunnel,FALSE
gate,FALSE
tank,FALSE
door,FALSE
hatch,FALSE
road,FALSE
pipe,FALSE
score,FALSE
seat,FALSE
fare,FALSE
sound,FALSE
number,FALSE
classification,FALSE
weather,FALSE
climate,FALSE
history,TRUE
anything,FALSE
everything,FALSE
anyone,FALSE
Germany,FALSE
India,FALSE
Japan,FALSE
China,FALSE
Pakistan,FALSE
Russia,FALSE
Switzerland,FALSE
Italy,FALSE
Romania,FALSE
Iran,FALSE
Greece,FALSE
ukraine,FALSE
France,FALSE
Canada,FALSE
Israel,FALSE
finance,FALSE
supervise,FALSE
regulate,FALSE
fund,TRUE
facilitate,FALSE
undertake,FALSE
international,FALSE
admission,FALSE
immigration,FALSE
#,FALSE
#,FALSE
vendor,FALSE
#,FALSE
#,FALSE
degree,FALSE
layer,FALSE
definition,FALSE
method,TRUE
allow,TRUE
help,TRUE
let,TRUE
become,FALSE
enjoy,FALSE
remain,TRUE
subset,FALSE
portion,FALSE
majority,FALSE
lot,FALSE
percentage,FALSE
address,TRUE
pass,TRUE
direct,TRUE
refer,TRUE
similar,FALSE
communicate,FALSE
requirement,TRUE
dinner,FALSE
ya,FALSE
exemption,FALSE
allowance,FALSE
rent,FALSE
tenant,FALSE
landlord,FALSE
#,FALSE
mortgage,FALSE
working,TRUE
small,FALSE
work,TRUE
community,FALSE
individual,FALSE
study,TRUE
large,FALSE
social,FALSE
#,FALSE
#,FALSE
#,FALSE
#,FALSE
#,FALSE
#,FALSE
#,FALSE
leader,FALSE
construct,FALSE
enter,TRUE
floor,FALSE
room,FALSE
roof,FALSE
permanent,FALSE
temporary,FALSE
organizational,FALSE
layout,FALSE
arrangement,FALSE
tile,FALSE
design,TRUE
seek,TRUE
urgent,FALSE
explicit,FALSE
immediate,FALSE
advance,FALSE
express,FALSE
letter,TRUE
directly,FALSE
card,TRUE
characteristic,FALSE
#,FALSE
#,FALSE
#,FALSE
deploy,FALSE
multiple,FALSE
via,FALSE
impossible,FALSE
difficult,FALSE
mandatory,FALSE
unnecessary,FALSE
spend,FALSE
car,FALSE
eligible,FALSE
seed,FALSE
certify,FALSE
release,TRUE
aged,FALSE
。,FALSE
good,FALSE
print,FALSE
expression,FALSE
refer,TRUE
equivalent,FALSE
#,FALSE
#,FALSE
#,FALSE
cause,TRUE
predict,FALSE
induce,FALSE
see,TRUE
accomplish,FALSE
test,TRUE
trial,FALSE
#,FALSE
usage,FALSE
team,TRUE
football,FALSE
sport,FALSE
National,FALSE
assistant,FALSE
engineer,TRUE
run,TRUE
surplus,FALSE
ownership,FALSE
industrial,FALSE
#,FALSE
#,FALSE
#,FALSE
#,FALSE
subsidiary,FALSE
own,FALSE
associate,FALSE
sub,FALSE
UK,FALSE
EU,FALSE
control,TRUE
vehicle,FALSE
inspect,FALSE
retain,FALSE
protect,FALSE
recognise,FALSE
state,FALSE
iso,FALSE
head,TRUE
official,TRUE
commander,FALSE
headquarter,FALSE
head,FALSE
comment,TRUE
work,TRUE
daily,FALSE
attempt,TRUE
advance,FALSE
progress,FALSE
proposal,FALSE
amendment,FALSE
successful,FALSE
unsuccessful,FALSE
succeed,FALSE
abandon,FALSE
justify,FALSE
apply,TRUE
incorporate,FALSE
employ,TRUE
understand,TRUE
define,TRUE
provide,TRUE
adopt,TRUE
utilize,FALSE
scientific,FALSE
modern,FALSE
accounting,FALSE
french,FALSE
common,FALSE
german,FALSE
concept,TRUE
assembly,FALSE
formal,FALSE
guideline,FALSE
practice,FALSE
address,TRUE
explain,FALSE
describe,TRUE
document,TRUE
meet,TRUE
maintain,TRUE
discuss,TRUE
include,TRUE
state,TRUE
ignore,FALSE
topic,FALSE
industry,FALSE
session,FALSE
string,FALSE
freedom,FALSE
capability,TRUE
initiate,FALSE
reject,FALSE
song,FALSE
episode,FALSE
Manual,FALSE
page,FALSE
directory,FALSE
x,FALSE
v,FALSE
#,FALSE
#,FALSE
#,FALSE
confirm,FALSE
indicate,TRUE
prove,FALSE
imply,FALSE
reveal,FALSE
say,TRUE
check,FALSE
reason,TRUE
extent,FALSE
effect,FALSE
effect,FALSE
administrator,TRUE
director,FALSE
Bureau,FALSE
copyright,FALSE
survey,FALSE
preservation,FALSE
museum,FALSE
educational,FALSE
federal,FALSE
net,FALSE
custom,FALSE
several,FALSE
box,TRUE
certificate,FALSE
Games,FALSE
medal,FALSE
award,FALSE
diploma,FALSE
scholarship,FALSE
study,FALSE
competition,FALSE
formula,FALSE
find,TRUE
get,TRUE
imagine,FALSE
story,FALSE
theme,FALSE
programmer,FALSE
convince,FALSE
hire,FALSE
force,TRUE
direct,TRUE
module,FALSE
document,TRUE
publication,FALSE
address,TRUE
meet,TRUE
outline,FALSE
establish,TRUE
fundamental,FALSE
late,FALSE
aspect,FALSE
strategy,FALSE
refuse,FALSE
much,FALSE
anybody,FALSE
file,TRUE
treat,FALSE
describe,TRUE
assemble,FALSE
structure,TRUE
historical,FALSE
discrete,FALSE
†,FALSE
appear,TRUE
fit,TRUE
seem,TRUE
appear,TRUE
guarantee,FALSE
passenger,FALSE
candidate,FALSE
choice,FALSE
chance,FALSE
discover,FALSE
touch,FALSE
java,FALSE
cloud,FALSE
template,FALSE
host,FALSE
#,FALSE
API,FALSE
begin,TRUE