report,TRUE
analysis,TRUE
datum,TRUE
information,TRUE
system,TRUE
output,TRUE
section,TRUE
index,TRUE
survey,FALSE
evaluation,FALSE
statistic,FALSE
commission,TRUE
field,TRUE
assessment,FALSE
committee,TRUE
consist,TRUE
contain,TRUE
consist,TRUE
include,TRUE
inform,FALSE
provide,TRUE
consist,TRUE
speak,FALSE
compose,TRUE
make,TRUE
tell,TRUE
yield,FALSE
deliver,FALSE
article,TRUE
section,TRUE
item,TRUE
part,TRUE
element,TRUE
report,TRUE
component,TRUE
page,TRUE
document,TRUE
paper,TRUE
publication,TRUE
statement,TRUE
sheet,FALSE
content,TRUE
see,TRUE
consider,TRUE
use,TRUE
use,TRUE
for,FALSE
note,TRUE
both,FALSE
take,TRUE
find,TRUE
in,FALSE
find,TRUE
consider,TRUE
hence,FALSE
limit,TRUE
value,TRUE
level,TRUE
bound,FALSE
temperature,TRUE
range,TRUE
parameter,TRUE
layer,FALSE
region,FALSE
limit,TRUE
state,TRUE
elevation,FALSE
range,TRUE
give,TRUE
specific,FALSE
particular,FALSE
certain,FALSE
constant,FALSE
specify,TRUE
fix,TRUE
maximum,FALSE
single,FALSE
different,FALSE
minimum,FALSE
high,FALSE
finite,FALSE
high,FALSE
measure,TRUE
monetary,FALSE
purchase,FALSE
dollar,FALSE
asset,FALSE
nominal,FALSE
daily,FALSE
total,FALSE
point,TRUE
market,FALSE
reference,TRUE
current,FALSE
production,FALSE
energy,TRUE
#,FALSE
,FALSE
these,FALSE
they,FALSE
all,FALSE
rule,TRUE
datum,TRUE
service,TRUE
example,TRUE
key,FALSE
change,TRUE
result,TRUE
application,TRUE
contain,TRUE
include,TRUE
define,TRUE
list,TRUE
detail,FALSE
describe,TRUE
publish,TRUE
state,TRUE
outline,TRUE
provide,TRUE
cover,TRUE
find,TRUE
write,TRUE
document,TRUE
follow,TRUE
standard,FALSE
relevant,FALSE
technical,FALSE
full,FALSE
final,FALSE
original,FALSE
general,FALSE
software,TRUE
iso,FALSE
correspond,FALSE
pdf,FALSE
main,FALSE
,FALSE
on,FALSE
use,TRUE
and,FALSE
build,TRUE
area,TRUE
room,TRUE
item,TRUE
vehicle,FALSE
case,TRUE
aircraft,FALSE
car,FALSE
equipment,TRUE
place,TRUE
site,FALSE
person,TRUE
application,TRUE
allow,TRUE
provide,TRUE
permit,TRUE
require,TRUE
prevent,FALSE
need,TRUE
allow,TRUE
enable,TRUE
support,TRUE
offer,TRUE
control,TRUE
include,TRUE
contain,TRUE
heating,TRUE
heat,TRUE
cool,TRUE
warm,FALSE
electricity,TRUE
power,TRUE
ventilation,FALSE
warmth,FALSE
lighting,FALSE
hot,FALSE
expansion,FALSE
water,TRUE
temperature,TRUE
air,TRUE
oil,FALSE
gas,FALSE
cold,FALSE
cool,FALSE
cook,FALSE
light,TRUE
deny,TRUE
refuse,FALSE
grant,TRUE
reject,FALSE
decline,FALSE
miss,FALSE
without,FALSE
delay,TRUE
miss,FALSE
ignore,FALSE
issue,TRUE
withdraw,FALSE
request,TRUE
permit,TRUE
task,TRUE
option,FALSE
permission,TRUE
test,TRUE
job,TRUE
project,TRUE
offer,TRUE
possibility,FALSE
idea,FALSE
use,TRUE
service,TRUE
thermal,FALSE
load,TRUE
fuel,TRUE
floor,TRUE
ground,FALSE
shoot,FALSE
player,FALSE
contestant,FALSE
line,TRUE
word,TRUE
hand,FALSE
round,FALSE
frame,FALSE
one,TRUE
character,TRUE
verse,FALSE
bullet,FALSE
piece,FALSE
minute,FALSE
half,TRUE
20,FALSE
10,FALSE
hundred,FALSE
15,FALSE
twenty,FALSE
30,FALSE
ten,FALSE
25,FALSE
thirty,FALSE
five,FALSE
two,FALSE
100,FALSE
amount,TRUE
length,TRUE
period,TRUE
unit,TRUE
question,TRUE
window,FALSE
ratio,FALSE
duration,FALSE
percentage,TRUE
passage,FALSE
order,TRUE
length,FALSE
measure,TRUE
capacity,FALSE
time,TRUE
space,TRUE
efficiency,FALSE
cost,TRUE
intake,FALSE
inlet,FALSE
fan,FALSE
electrical,FALSE
supply,TRUE
shower,FALSE
pump,TRUE
storage,TRUE
conditioning,TRUE
maintenance,TRUE
exhaust,FALSE
run,TRUE
receive,TRUE
plant,FALSE
cycle,TRUE
station,TRUE
operation,TRUE
tower,FALSE
process,TRUE
facility,TRUE
installation,FALSE
element,TRUE
step,TRUE
ii,FALSE
#,FALSE
committee,FALSE
group,FALSE
agreement,FALSE
#,FALSE
#,FALSE
board,FALSE
Act,FALSE
division,FALSE
council,FALSE
#,FALSE
Commission,FALSE
member,FALSE
#,FALSE
determine,TRUE
reflect,FALSE
establish,TRUE
identify,TRUE
affect,TRUE
define,TRUE
maintain,TRUE
verify,FALSE
specify,TRUE
indicate,TRUE
ensure,TRUE
confirm,FALSE
decide,FALSE
follow,TRUE
on,FALSE
e,FALSE
a,FALSE
no,FALSE
or,FALSE
to,FALSE
n,FALSE
o,FALSE
CE,FALSE
GO,FALSE
t,FALSE
s,FALSE
SE,FALSE
in,FALSE
an,FALSE
position,TRUE
rating,FALSE
pattern,FALSE
record,TRUE
signal,TRUE
configuration,TRUE
orientation,FALSE
signal,TRUE
record,TRUE
signature,FALSE
state,TRUE
user,TRUE
reader,FALSE
author,FALSE
page,TRUE
member,TRUE
program,TRUE
server,TRUE
file,TRUE
student,FALSE
client,FALSE
agent,FALSE
create,TRUE
generate,TRUE
produce,TRUE
call,TRUE
retrieve,TRUE
store,TRUE
entire,FALSE
whole,FALSE
next,FALSE
source,TRUE
text,TRUE
procedure,TRUE
step,TRUE
statement,TRUE
sequence,TRUE
result,TRUE
number,TRUE
code,TRUE
table,TRUE
instruction,TRUE
form,TRUE
three,FALSE
previous,FALSE
four,FALSE
last,FALSE
remain,TRUE
precede,FALSE
table,TRUE
equation,TRUE
example,TRUE
detail,TRUE
function,TRUE
sentence,FALSE
link,TRUE
specification,TRUE
describe,TRUE
outline,FALSE
illustrate,FALSE
discuss,FALSE
explain,TRUE
describe,TRUE
list,TRUE
support,TRUE
cover,TRUE
address,TRUE
result,TRUE
participate,TRUE
send,TRUE
type,TRUE
appear,TRUE
reside,TRUE
write,TRUE
terminate,FALSE
engage,FALSE
work,TRUE
fill,FALSE
enter,TRUE
bring,TRUE
object,TRUE
xml,FALSE
electronic,FALSE
adjacent,FALSE
individual,FALSE
external,FALSE
open,FALSE
image,FALSE
entity,TRUE
additional,FALSE
abstract,FALSE
associate,FALSE
article,TRUE
administrative,FALSE
thereof,FALSE
district,FALSE
jurisdiction,FALSE
zone,FALSE
shall,FALSE
administrator,TRUE
recipient,FALSE
editor,FALSE
programmer,FALSE
administrator,FALSE
user,TRUE
customer,TRUE
manager,FALSE
operator,TRUE
publish,TRUE
manage,TRUE
handle,TRUE
implement,TRUE
read,TRUE
document,TRUE
paper,TRUE
value,TRUE
name,TRUE
content,TRUE
derive,TRUE
take,TRUE
obtain,FALSE
extract,FALSE
compile,FALSE
draw,FALSE
generate,TRUE
collect,TRUE
calculate,TRUE
create,TRUE
available,FALSE
source,TRUE
make,TRUE
retrieve,TRUE
actual,FALSE
input,TRUE
exist,TRUE
background,FALSE
relate,FALSE
file,TRUE
mark,FALSE
database,TRUE
language,TRUE
receiver,TRUE
computer,TRUE
machine,TRUE
device,TRUE
sensor,TRUE
engine,FALSE
processor,TRUE
controller,TRUE
manufacturer,TRUE
robot,FALSE
change,TRUE
display,TRUE
transmit,FALSE
store,TRUE
adjust,FALSE
monitor,TRUE
calculate,TRUE
generate,TRUE
use,TRUE
read,TRUE
record,TRUE
count,FALSE
maintain,TRUE
measure,TRUE
processing,TRUE
pulse,FALSE
reading,TRUE
gas,FALSE
device,TRUE
measurement,TRUE
particle,FALSE
charge,TRUE
load,TRUE
clock,FALSE
switch,TRUE
clock,FALSE
significant,FALSE
#,FALSE
temporal,FALSE
#,FALSE
feedback,FALSE
linear,FALSE
physical,FALSE
#,FALSE
#,FALSE
noticeable,FALSE
delay,TRUE
difference,TRUE
error,TRUE
change,TRUE
interference,FALSE
interval,FALSE
connection,FALSE
response,TRUE
loss,FALSE
transmitter,FALSE
satellite,FALSE
result,TRUE
new,FALSE
respective,FALSE
high,FALSE
initial,FALSE
effect,FALSE
#,FALSE
clause,FALSE
condition,TRUE
domain,TRUE
function,TRUE
term,TRUE
occur,TRUE
differ,FALSE
remain,FALSE
end,TRUE
vary,TRUE
lie,TRUE
exist,TRUE
come,TRUE
depend,TRUE
appropriate,FALSE
account,TRUE
cover,TRUE
define,TRUE
meet,TRUE
address,TRUE
list,TRUE
consider,TRUE
#,FALSE
handle,TRUE
issue,TRUE
rule,TRUE
requirement,TRUE
matter,TRUE
case,TRUE
problem,FALSE
aspect,FALSE
question,TRUE
deal,TRUE
concern,TRUE
involve,TRUE
compliance,FALSE
along,FALSE
align,FALSE
deal,TRUE
connect,TRUE
consistent,FALSE
embed,FALSE
operational,FALSE
central,FALSE
commercial,FALSE
critical,FALSE
digital,FALSE
transport,FALSE
business,TRUE
residential,FALSE
major,FALSE
component,TRUE
implementation,TRUE
part,TRUE
side,FALSE
aspect,FALSE
portion,TRUE
capability,TRUE
version,TRUE
management,TRUE
development,FALSE
functionality,TRUE
license,FALSE
app,FALSE
website,TRUE
method,TRUE
technology,TRUE
model,TRUE
tool,TRUE
product,TRUE
design,TRUE
technique,TRUE
design,TRUE
intend,TRUE
say,TRUE
mean,TRUE
expect,TRUE
suppose,FALSE
able,FALSE
believe,FALSE
consider,TRUE
plan,TRUE
propose,FALSE
go,TRUE
recommend,FALSE
operate,TRUE
maintain,TRUE
run,TRUE
instal,TRUE
utilize,FALSE
control,TRUE
employ,TRUE
implement,TRUE
perform,TRUE
staff,TRUE
manage,TRUE
man,FALSE
company,TRUE
business,TRUE
organization,TRUE
utility,FALSE
firm,FALSE
contractor,TRUE
department,TRUE
architect,FALSE
engineer,FALSE
industry,FALSE
manufacturer,TRUE
plant,FALSE
building,FALSE
agency,TRUE
operate,TRUE
control,TRUE
install,FALSE
know,TRUE
utilize,FALSE
access,TRUE
steam,FALSE
electric,FALSE
security,TRUE
drainage,FALSE
sound,FALSE
safety,FALSE
system,TRUE
condition,TRUE
facility,TRUE
service,TRUE
surface,TRUE
unit,TRUE
fixture,FALSE
community,FALSE
city,FALSE
factory,FALSE
submit,TRUE
receive,TRUE
issue,TRUE
answer,FALSE
require,TRUE
accept,FALSE
grant,TRUE
present,TRUE
generator,FALSE
voltage,FALSE
switch,TRUE
button,FALSE
motor,FALSE
charge,TRUE
spark,FALSE
valve,FALSE
plug,FALSE
turn,TRUE
shut,TRUE
fire,TRUE
close,TRUE
take,TRUE
sell,TRUE
cut,TRUE
burn,FALSE
lock,FALSE
set,TRUE
pay,TRUE
base,TRUE
radio,FALSE
charge,TRUE
mobile,FALSE
operate,TRUE
apparatus,FALSE
court,TRUE
court,FALSE
book,TRUE
witness,FALSE
letter,FALSE
Lord,FALSE
judge,FALSE
satisfy,TRUE
obey,FALSE
govern,FALSE
replace,TRUE
apply,TRUE
involve,TRUE
become,TRUE
continue,TRUE
series,FALSE
project,FALSE
curriculum,FALSE
report,FALSE
collection,FALSE
collection,FALSE
divide,TRUE
organize,FALSE
split,TRUE
classify,FALSE
subdivide,FALSE
break,TRUE
structure,TRUE
organise,FALSE
separate,TRUE
categorize,FALSE
group,TRUE
sort,TRUE
arrange,FALSE
form,TRUE
area,TRUE
phase,TRUE
category,TRUE
stage,TRUE
division,FALSE
group,TRUE
task,TRUE
sector,FALSE
segment,FALSE
change,TRUE
circumstance,FALSE
factor,TRUE
reason,FALSE
request,TRUE
suggest,TRUE
show,TRUE
represent,FALSE
meet,TRUE
cause,TRUE
need,TRUE
demand,TRUE
requirement,TRUE
desire,FALSE
preference,FALSE
wish,TRUE
recommendation,TRUE
motion,FALSE
tendency,FALSE
threshold,TRUE
potential,FALSE
vacuum,FALSE
clean,FALSE
solution,TRUE
surface,TRUE
knob,FALSE
replace,TRUE
rate,TRUE
locate,TRUE
activate,FALSE
heat,TRUE
add,TRUE
attach,FALSE
company,TRUE
owner,FALSE
contractor,TRUE
employer,FALSE
EPA,FALSE
FCC,FALSE
supplier,FALSE
authority,FALSE
engineer,FALSE
initiate,FALSE
command,TRUE
decision,TRUE
rule,TRUE
notice,TRUE
warn,FALSE
focus,TRUE
start,TRUE
put,TRUE
check,TRUE
stop,TRUE
click,FALSE
addition,TRUE
#,FALSE
attempt,TRUE
attempt,TRUE
#,FALSE
order,TRUE
order,TRUE
#,FALSE
attempt,TRUE
hope,FALSE
try,TRUE
transmit,FALSE
give,TRUE
get,TRUE
convey,TRUE
obtain,TRUE
pass,FALSE
carry,TRUE
relay,FALSE
update,TRUE
indication,TRUE
indicator,TRUE
estimate,TRUE
explanation,TRUE
announcement,FALSE
overview,FALSE
approximation,FALSE
identification,TRUE
movement,FALSE
status,TRUE
return,TRUE
proximity,FALSE
location,TRUE
placement,FALSE
presence,FALSE
progress,FALSE
transfer,TRUE
arrival,FALSE
flow,TRUE
warm,FALSE
cool,TRUE
cool,FALSE
treatment,FALSE
appliance,FALSE
internal,FALSE
mechanical,FALSE
instrument,TRUE
channel,TRUE
trace,FALSE
contact,FALSE
vital,FALSE
performance,TRUE
sign,FALSE
indicator,FALSE
symbol,FALSE
freeze,FALSE
dry,FALSE
command,TRUE
message,FALSE
code,TRUE
image,FALSE
remove,TRUE
download,FALSE
import,FALSE
delete,FALSE
select,TRUE
load,TRUE
header,FALSE
tree,FALSE
stack,FALSE
board,FALSE
console,FALSE
enter,TRUE
send,TRUE
integrate,TRUE
introduce,TRUE
upload,FALSE
insert,FALSE
copy,FALSE
deposit,FALSE
pass,FALSE
feed,FALSE
transfer,TRUE
folder,FALSE
format,FALSE
library,TRUE
module,FALSE
package,FALSE
container,FALSE
directory,FALSE
registration,FALSE
translation,FALSE
execution,FALSE
testing,FALSE
certification,FALSE
acquisition,FALSE
write,TRUE
plan,TRUE
vehicle,FALSE
service,FALSE
system,FALSE
power,FALSE
surface,FALSE
route,FALSE
standard,FALSE
state,TRUE
road,FALSE
Signal,FALSE
source,TRUE
measurement,TRUE
curve,FALSE
correction,FALSE
disturbance,FALSE
factor,TRUE
parameter,TRUE
dash,FALSE
shift,FALSE
level,TRUE
tolerance,FALSE
height,FALSE
stage,FALSE
distance,FALSE
mean,TRUE
within,FALSE
pressure,TRUE
material,TRUE
circuit,TRUE
coefficient,FALSE
reach,TRUE
attain,FALSE
achieve,TRUE
meet,TRUE
reach,TRUE
hit,FALSE
lose,TRUE
altitude,FALSE
phase,FALSE
region,FALSE
convection,FALSE
compression,FALSE
lower,FALSE
humidity,TRUE
environment,TRUE
reach,TRUE
match,FALSE
interrupt,TRUE
exceed,TRUE
survive,FALSE
adjust,TRUE
alter,FALSE
escape,FALSE
withstand,FALSE
normal,FALSE
require,FALSE
ideal,FALSE
conservation,FALSE
reduction,FALSE
adjustment,FALSE
#,FALSE
fail,FALSE
want,TRUE
#,FALSE
call,TRUE
go,TRUE
stay,TRUE
hold,TRUE
move,TRUE
fly,FALSE
dial,FALSE
low,FALSE
upper,FALSE
chart,FALSE
figure,FALSE
observation,FALSE
calculation,FALSE
comprise,FALSE
#,FALSE
platform,TRUE
suite,FALSE
framework,FALSE
server,FALSE
license,TRUE
program,TRUE
enable,TRUE
guarantee,FALSE
ready,FALSE
certify,FALSE
free,FALSE
rely,FALSE
play,TRUE
execute,TRUE
run,TRUE
perform,TRUE
fit,TRUE
Microsoft,FALSE
window,FALSE
office,FALSE
enterprise,FALSE
visual,FALSE
ms,FALSE
integrate,FALSE
personal,FALSE
pc,FALSE
operate,TRUE
base,TRUE
os,FALSE
network,TRUE
environment,TRUE
fact,TRUE
principle,TRUE
definition,TRUE
objective,TRUE
point,TRUE
criterion,TRUE
finding,FALSE
purpose,FALSE
goal,FALSE
explain,TRUE
illustrate,FALSE
discuss,TRUE
summarize,FALSE
express,FALSE
present,TRUE
formulate,FALSE
address,TRUE
subsequent,FALSE
early,FALSE
closing,FALSE
later,FALSE
formula,FALSE
example,FALSE
assumption,FALSE
prediction,FALSE
scenario,TRUE
conjecture,FALSE
claim,TRUE
theorem,FALSE
hypothesis,FALSE
observation,FALSE
property,TRUE
assertion,FALSE
theory,FALSE
algorithm,TRUE
way,TRUE
pump,TRUE
unit,FALSE
u,TRUE
at,FALSE
it,FALSE
ET,FALSE
v,FALSE
CT,FALSE
#,FALSE
K,FALSE
r,FALSE
h,FALSE
solar,FALSE
L,FALSE
c,FALSE
b,FALSE
patient,FALSE
animal,FALSE
host,TRUE
body,TRUE
child,FALSE
participant,TRUE
subject,TRUE
go,TRUE
proceed,FALSE
pass,TRUE
progress,FALSE
continue,TRUE
operate,TRUE
move,TRUE
work,TRUE
flow,TRUE
travel,FALSE
go,TRUE
advance,FALSE
develop,TRUE
process,TRUE
motion,TRUE
problem,FALSE
determine,TRUE
increase,TRUE
decrease,TRUE
obtain,TRUE
find,TRUE
compute,FALSE
evaluate,TRUE
reduce,TRUE
define,TRUE
gain,FALSE
target,FALSE
population,FALSE
priority,FALSE
#,FALSE
#,FALSE
respond,TRUE
cater,FALSE
refer,TRUE
listen,FALSE
extend,TRUE
evaluate,TRUE
lead,TRUE
react,FALSE
adapt,FALSE
situation,TRUE
event,TRUE
threat,FALSE
measure,TRUE
response,TRUE
demand,TRUE
action,TRUE
event,TRUE
accident,FALSE
occurrence,FALSE
incident,TRUE
emergency,FALSE
event,TRUE
attack,FALSE
earthquake,FALSE
injury,FALSE
action,TRUE
outbreak,FALSE
instance,TRUE
explosion,FALSE
occur,TRUE
happen,TRUE
arise,FALSE
appear,TRUE
occur,TRUE
exist,TRUE
strike,FALSE
arrive,FALSE
begin,TRUE
emerge,FALSE
representative,FALSE
manager,FALSE
office,TRUE
select,TRUE
choose,TRUE
assign,FALSE
recognize,TRUE
calculate,TRUE
variable,FALSE
path,FALSE
immediately,FALSE
mechanism,TRUE
declare,TRUE
trigger,FALSE
detect,FALSE
message,TRUE
alert,FALSE
sms,FALSE
distress,FALSE
weather,FALSE
also,FALSE
mode,FALSE
typically,FALSE
automatically,FALSE
effectively,FALSE
determine,TRUE
give,TRUE
yield,FALSE
use,TRUE
produce,TRUE
reduce,TRUE
increase,TRUE
set,TRUE
guarantee,FALSE
preserve,FALSE
number,TRUE
size,FALSE
volume,TRUE
quantity,FALSE
speed,TRUE
density,FALSE
sum,FALSE
distribute,FALSE
assign,TRUE
allocate,TRUE
store,TRUE
number,TRUE
produce,TRUE
space,TRUE
program,TRUE
machine,TRUE
application,TRUE
computer,TRUE
processor,TRUE
operation,TRUE
thread,FALSE
party,TRUE
division,FALSE
group,TRUE
contract,TRUE
category,TRUE
class,TRUE
act,TRUE
union,FALSE
hear,FALSE
approve,FALSE
bear,FALSE
current,FALSE
the,FALSE
operational,FALSE
official,FALSE
present,FALSE
general,FALSE
initial,FALSE
maintenance,FALSE
historical,FALSE
historic,FALSE
full,FALSE
total,FALSE
special,FALSE
#,FALSE
member,TRUE
#,FALSE
#,FALSE
more,FALSE
#,FALSE
feature,TRUE
characteristic,TRUE
#,FALSE
criticism,FALSE
limitation,TRUE
#,FALSE
concept,TRUE
architecture,TRUE
specification,TRUE
depend,TRUE
depend,TRUE
rely,TRUE
rest,FALSE
rest,TRUE
focus,TRUE
lay,FALSE
center,TRUE
protection,FALSE
connectivity,FALSE
stability,FALSE
offer,TRUE
afford,FALSE
need,TRUE
supply,TRUE
deliver,TRUE
support,TRUE
represent,TRUE
interface,TRUE
hardware,TRUE
channel,TRUE
connection,FALSE
accord,TRUE
limit,TRUE
compare,TRUE
lead,TRUE
see,TRUE
from,FALSE
include,TRUE
read,TRUE
follow,TRUE
annual,FALSE
official,FALSE
late,FALSE
biographical,FALSE
mission,FALSE
map,TRUE
track,TRUE
travel,FALSE
staff,FALSE
incorporate,FALSE
activity,TRUE
property,TRUE
build,TRUE
deploy,FALSE
construct,FALSE
place,TRUE
product,TRUE
constituent,FALSE
module,TRUE
equation,TRUE
present,TRUE
description,TRUE
summary,TRUE
definition,TRUE
view,TRUE
history,TRUE
presentation,TRUE
picture,FALSE
schedule,FALSE
list,FALSE
list,TRUE
edition,FALSE
bill,FALSE
chapter,FALSE
schedule,TRUE
fulfill,FALSE
justify,FALSE
almost,FALSE
above,FALSE
almost,FALSE
of,FALSE
decision,TRUE
law,TRUE
provision,FALSE
other,TRUE
claim,TRUE
amendment,FALSE
right,TRUE
regulation,TRUE
power,TRUE
agreement,FALSE
resolution,FALSE
exception,TRUE
help,TRUE
approval,FALSE
creation,FALSE
adoption,FALSE
completion,FALSE
aid,FALSE
introduction,FALSE
consent,FALSE
exception,TRUE
subset,FALSE
formulation,FALSE
discuss,FALSE
show,TRUE
explain,TRUE
outline,TRUE
principle,TRUE
direction,FALSE
activity,TRUE
situation,TRUE
impact,FALSE
risk,FALSE
complete,TRUE
complete,FALSE
incomplete,FALSE
prepare,FALSE
team,TRUE
Secretariat,FALSE
remove,TRUE
extract,FALSE
collect,TRUE
gather,TRUE
download,FALSE
pull,FALSE
recover,FALSE
separate,TRUE
search,TRUE
entry,TRUE
date,TRUE
historical,FALSE
log,FALSE
log,FALSE
register,TRUE
calendar,FALSE
source,TRUE
date,TRUE
frequency,TRUE
day,TRUE
year,TRUE
rank,FALSE
month,FALSE
season,FALSE
country,FALSE
prepare,FALSE
review,TRUE
release,TRUE
publish,FALSE
make,TRUE
establish,TRUE
create,TRUE
representation,TRUE
understand,FALSE
call,TRUE
far,FALSE
#,FALSE
#,FALSE
many,FALSE
basic,FALSE
#,FALSE
#,FALSE
#,FALSE
#,FALSE
#,FALSE
name,TRUE
#,FALSE
#,FALSE
version,TRUE
organization,TRUE
industry,FALSE
organisation,FALSE
vendor,FALSE
ensure,TRUE
include,TRUE
identify,TRUE
comparison,FALSE
integration,FALSE
documentation,TRUE
detail,TRUE
coordination,FALSE
engineering,FALSE
license,TRUE
prior,FALSE
relate,TRUE
relative,FALSE
apply,TRUE
manage,TRUE
implement,TRUE
introduce,TRUE
interface,TRUE
tool,TRUE
structure,TRUE
store,TRUE
hold,TRUE
track,TRUE
represent,TRUE
collect,TRUE
display,TRUE
capture,FALSE
compare,TRUE
variable,FALSE
object,FALSE
transaction,FALSE
driver,TRUE
monitor,TRUE
display,TRUE
panel,FALSE
screen,FALSE
desk,FALSE
chart,FALSE
compare,TRUE
sensor,TRUE
solution,TRUE
climate,TRUE
usage,FALSE
environmental,FALSE
currency,FALSE
income,FALSE
cash,FALSE
exchange,FALSE
numerical,FALSE
financial,FALSE
money,FALSE
know,TRUE
distinct,FALSE
determine,TRUE
receive,TRUE
inherit,FALSE
supplement,FALSE
ceiling,FALSE
those,FALSE
power,TRUE
report,TRUE
party,TRUE
aircraft,FALSE
record,TRUE
person,TRUE
force,TRUE
work,TRUE
activity,TRUE
act,TRUE
event,TRUE
matter,TRUE
area,TRUE
building,FALSE
exceed,TRUE
exceed,TRUE
cross,FALSE
violate,FALSE
exceed,TRUE
overlap,FALSE
breach,FALSE
prescribe,FALSE
legal,FALSE
permit,TRUE
acceptable,FALSE
authorize,FALSE
applicable,FALSE
post,FALSE
statutory,FALSE
scale,TRUE
mark,FALSE
treat,FALSE
regard,TRUE
declare,TRUE
designate,FALSE
characterize,TRUE
mark,TRUE
standard,TRUE
compatible,FALSE
do,TRUE
possible,FALSE
set,FALSE
#,FALSE
load,TRUE
gear,FALSE
setting,TRUE
drop,TRUE
trade,FALSE
station,FALSE
buffer,FALSE
bear,FALSE
type,TRUE
location,TRUE
method,TRUE
procedure,TRUE
technique,TRUE
protocol,FALSE
set,TRUE
stress,FALSE
time,TRUE
weight,FALSE
rate,TRUE
coefficient,FALSE
rating,FALSE
#,FALSE
#,FALSE
#,FALSE
#,FALSE
#,FALSE
core,TRUE
compose,TRUE
consist,TRUE
comprise,FALSE
capable,FALSE
constitute,FALSE
manual,FALSE
desktop,TRUE
keyboard,FALSE
physic,FALSE
chassis,FALSE
bus,FALSE
electronic,TRUE
graphic,FALSE
graphical,FALSE
video,FALSE
programming,FALSE
basis,TRUE
hold,TRUE
put,TRUE
call,TRUE
cut,TRUE
send,TRUE
carry,TRUE
act,TRUE
take,TRUE
leave,TRUE
read,TRUE
work,TRUE
complete,TRUE
every,FALSE
finish,FALSE
start,TRUE
cover,TRUE
select,TRUE
issue,TRUE
enter,TRUE
print,FALSE
fire,TRUE
perform,TRUE
file,TRUE
character,TRUE
symbol,FALSE
color,FALSE
candidate,FALSE
letter,FALSE
model,TRUE
card,FALSE
department,TRUE
agency,TRUE
printer,FALSE
print,FALSE
style,FALSE
color,FALSE
font,FALSE
allow,TRUE
enable,TRUE
increase,TRUE
preserve,FALSE
opportunity,TRUE
ability,TRUE
capability,TRUE
flexibility,TRUE
resource,TRUE
scope,FALSE
secretary,FALSE
public,TRUE
government,TRUE
President,FALSE
government,FALSE
army,FALSE
distinguish,TRUE
differentiate,FALSE
alternate,FALSE
transition,FALSE
pick,TRUE
convert,FALSE
divide,FALSE
kind,FALSE
sort,TRUE
line,TRUE
class,TRUE
form,TRUE
pair,FALSE
evidence,FALSE
conduct,FALSE
month,TRUE
year,TRUE
week,TRUE
day,TRUE
hour,FALSE
decade,TRUE
season,FALSE
cycle,FALSE
round,FALSE
minute,FALSE
session,FALSE
timeline,FALSE
future,FALSE
past,FALSE
twelve,FALSE
way,TRUE
thing,TRUE
modify,TRUE
influence,FALSE
improve,TRUE
enhance,FALSE
employ,TRUE
overall,FALSE
optimal,FALSE
local,FALSE
effective,FALSE
equilibrium,FALSE
desire,FALSE
rise,FALSE
alarm,FALSE
time,TRUE
freeze,FALSE
file,TRUE
note,TRUE
information,TRUE
track,TRUE
image,FALSE
number,TRUE
word,TRUE
feature,TRUE
property,TRUE
link,TRUE
web,FALSE
follow,TRUE
generate,TRUE
decide,FALSE
want,TRUE
choose,TRUE
continue,TRUE
agree,FALSE
plan,TRUE
refuse,FALSE
node,FALSE
immediate,FALSE
long,FALSE
automatic,FALSE
life,FALSE
resolution,FALSE
send,TRUE
report,TRUE
apply,TRUE
give,TRUE
provide,TRUE
deliver,TRUE
add,TRUE
pass,FALSE
transfer,TRUE
communicating,FALSE
compare,TRUE
present,TRUE
sample,FALSE
packet,FALSE
with,FALSE
thus,FALSE
within,FALSE
to,FALSE
air,FALSE
earth,FALSE
high,FALSE
wind,FALSE
heat,FALSE
climate,FALSE
low,FALSE
direct,FALSE
hot,FALSE
maximum,FALSE
average,TRUE
average,TRUE
term,TRUE
word,TRUE
constraint,TRUE
explicitly,FALSE
restriction,FALSE
begin,TRUE
together,FALSE
combine,FALSE
end,TRUE
inconsistent,FALSE
couple,FALSE
#,FALSE
#,FALSE
#,FALSE
#,FALSE
#,FALSE
#,FALSE
#,FALSE
#,FALSE
#,FALSE
#,FALSE
#,FALSE
#,FALSE
#,FALSE
#,FALSE
#,FALSE
#,FALSE
#,FALSE
#,FALSE
#,FALSE
#,FALSE
#,FALSE
#,FALSE
#,FALSE
#,FALSE
#,FALSE
#,FALSE
#,FALSE
#,FALSE
cause,TRUE
involve,TRUE
previously,FALSE
currently,FALSE
temporarily,FALSE
temporary,FALSE
locally,FALSE
normally,FALSE
physically,FALSE
remote,FALSE
feed,FALSE
enter,TRUE
translate,FALSE
play,TRUE
fit,TRUE
lead,TRUE
come,TRUE
fall,TRUE
tie,FALSE
menu,FALSE
box,FALSE
send,TRUE
receive,TRUE
take,TRUE
release,TRUE
boost,FALSE
lock,FALSE
feed,FALSE
lift,FALSE
burn,FALSE
turn,TRUE
melt,FALSE
feed,FALSE
suggestion,FALSE
petition,FALSE
proposal,FALSE
lease,FALSE
add,TRUE
build,TRUE
comment,FALSE
fix,TRUE
refrigerator,FALSE
toilet,TRUE
request,TRUE
submit,TRUE
file,TRUE
accept,TRUE
ask,TRUE
hear,FALSE
activate,FALSE
proceed,FALSE
comply,TRUE
replacement,FALSE
approve,FALSE
fulfil,FALSE
failure,FALSE
tap,FALSE
battery,TRUE
outlet,FALSE
use,TRUE
allow,TRUE
open,TRUE
furnace,FALSE
wind,FALSE
washing,FALSE
functional,FALSE
structural,FALSE
architectural,FALSE
organizational,FALSE
guideline,FALSE
consideration,FALSE
resource,TRUE
infrastructure,FALSE
knowledge,TRUE
voice,FALSE
telephone,FALSE
communication,TRUE
wireless,FALSE
communication,TRUE
machinery,FALSE
necessary,FALSE
sufficient,FALSE
transmission,FALSE
complex,FALSE
d,FALSE
DE,FALSE
2011,FALSE
2009,FALSE
2008,FALSE
2007,FALSE
2012,FALSE
2006,FALSE
2017,FALSE
2013,FALSE
2010,FALSE
2014,FALSE
2015,FALSE
2004,FALSE
2003,FALSE
2005,FALSE
capture,FALSE
analyze,FALSE
combine,FALSE
manipulate,FALSE
interpret,FALSE
integrate,TRUE
develop,TRUE
understand,FALSE
combustion,FALSE
assume,TRUE
estimate,TRUE
hope,FALSE
likely,FALSE
think,FALSE
report,TRUE
important,FALSE
show,TRUE
note,TRUE
claim,TRUE
detector,FALSE
reactor,FALSE
amplifi,FALSE
experiment,FALSE
match,FALSE
fit,TRUE
ambient,FALSE
global,FALSE
absolute,FALSE
pH,FALSE
rate,TRUE
back,FALSE
respectively,FALSE
distribution,TRUE
reorganize,FALSE
chapter,FALSE
control,FALSE
basic,FALSE
test,TRUE
emergency,FALSE
monitor,TRUE
radar,FALSE
automatic,FALSE
electronic,FALSE
advanced,FALSE
visitor,FALSE
referee,FALSE
student,FALSE
position,TRUE
nominee,FALSE
team,TRUE
applicant,FALSE
employee,TRUE
bank,FALSE
check,TRUE
update,TRUE
decide,FALSE
monitor,TRUE
input,TRUE
cell,FALSE
find,TRUE
spell,FALSE
single,TRUE
turn,TRUE
fill,FALSE
carry,TRUE
pick,FALSE
test,TRUE
map,TRUE
another,FALSE
either,FALSE
indicate,TRUE
have,FALSE
be,FALSE
denote,TRUE
default,FALSE
entry,FALSE
declaration,FALSE
intervene,FALSE
change,TRUE
reduce,TRUE
rise,TRUE
hazard,FALSE
rainfall,FALSE
noise,FALSE
exposure,FALSE
record,TRUE
sun,FALSE
moisture,FALSE
elevation,FALSE
significantly,FALSE
even,FALSE
actually,FALSE
substantially,FALSE
reach,TRUE
approach,FALSE
crosse,FALSE
break,TRUE
match,FALSE
intersect,FALSE
impose,FALSE
imply,FALSE
establish,TRUE
suggest,FALSE
dictate,FALSE
indicate,TRUE
observe,TRUE
camera,FALSE
radar,FALSE
antenna,FALSE
ship,FALSE
advantage,FALSE
benefit,FALSE
distinction,FALSE
advantage,FALSE
privilege,FALSE
disadvantage,FALSE
convenience,FALSE
monitor,TRUE
adjust,TRUE
hold,TRUE
own,TRUE
open,TRUE
power,TRUE
test,TRUE
check,TRUE
combination,TRUE
variant,FALSE
mechanism,FALSE
scenario,FALSE
happen,TRUE
arise,FALSE
fall,TRUE
result,TRUE
invalid,FALSE
incorrect,FALSE
extreme,FALSE
experimental,FALSE
abnormal,FALSE
exclusion,FALSE
exact,FALSE
unusual,FALSE
adverse,FALSE
unexpected,FALSE
reaction,FALSE
behavior,FALSE
#,FALSE
peak,FALSE
calculation,FALSE
transmit,FALSE
detect,FALSE
recover,FALSE
laboratory,FALSE
sample,FALSE
dose,FALSE
beyond,FALSE
satisfy,TRUE
outside,FALSE
surpass,FALSE
safe,FALSE
theoretical,FALSE
mean,TRUE
understanding,FALSE
consider,TRUE
give,TRUE
regard,TRUE
include,TRUE
besides,FALSE
treaty,FALSE
convention,FALSE
law,TRUE
treaty,FALSE
charter,FALSE
agreement,FALSE
law,FALSE
code,FALSE
constitution,FALSE
derivative,FALSE
successor,FALSE
ally,FALSE
predecessor,FALSE
agent,FALSE
variant,FALSE
warrant,FALSE
oven,FALSE
pad,FALSE
start,TRUE
fit,TRUE
initiate,TRUE
echo,FALSE
inquiry,FALSE
audit,FALSE
advertisement,FALSE
register,TRUE
announce,TRUE
schedule,TRUE
notify,FALSE
identify,TRUE
mention,FALSE
#,FALSE
prevent,FALSE
cancel,FALSE
#,FALSE
#,FALSE
#,FALSE
fix,TRUE
meet,TRUE
hold,TRUE
view,TRUE
precision,FALSE
value,TRUE
magnitude,FALSE
price,FALSE
zero,FALSE
boundary,FALSE
bind,FALSE
spectrum,FALSE
band,TRUE
range,TRUE
stand,TRUE
quality,FALSE
horizon,FALSE
label,FALSE
reject,FALSE
treat,FALSE
denote,TRUE
attribute,FALSE
culminate,FALSE
online,FALSE
accompany,FALSE
automate,FALSE
_,FALSE
detection,FALSE
loop,FALSE
still,FALSE
directly,FALSE
therefore,FALSE
return,TRUE
deliver,TRUE
raw,FALSE
#,FALSE
team,FALSE
organize,FALSE
river,FALSE
stream,FALSE
vessel,FALSE
week,FALSE
moment,FALSE
hour,FALSE
meter,FALSE
second,FALSE
metre,FALSE
per,FALSE
recovery,FALSE
responsible,FALSE
none,FALSE
corner,FALSE
wall,FALSE
cell,FALSE
storey,FALSE
plane,FALSE
dome,FALSE
orbit,FALSE
cloud,FALSE
grid,FALSE
runway,FALSE
rotate,FALSE
equip,FALSE
carry,TRUE
flight,FALSE
statistical,FALSE
regulation,FALSE
adjustment,FALSE
examine,FALSE
encode,FALSE
gather,TRUE
display,TRUE
#,FALSE
sheet,FALSE
#,FALSE
#,FALSE
assess,TRUE
technology,TRUE
independent,FALSE
thing,TRUE
agree,FALSE
conflict,FALSE
deal,TRUE
correspond,FALSE
help,TRUE
start,TRUE
interfere,FALSE
compete,FALSE
combine,FALSE
traffic,FALSE
memory,TRUE
activation,FALSE
underlie,FALSE
dynamic,FALSE
#,FALSE
recognition,FALSE
generation,FALSE
if,FALSE
when,FALSE
indoor,FALSE
seat,FALSE
profile,FALSE
profile,FALSE
planet,FALSE
room,TRUE
river,FALSE
zone,FALSE
lake,FALSE
city,FALSE
place,TRUE
would,FALSE
may,FALSE
could,FALSE
must,FALSE
might,FALSE
whether,FALSE
well,FALSE
something,FALSE
night,FALSE
morning,FALSE
#,FALSE
evening,FALSE
time,FALSE
sound,TRUE
raise,TRUE
trigger,TRUE
sound,TRUE
trip,FALSE
upcoming,FALSE
interesting,FALSE
impend,FALSE
ongoing,FALSE
anticipate,FALSE
brain,FALSE
encounter,FALSE
lack,FALSE
express,FALSE
experience,TRUE
face,TRUE
spot,FALSE
substrate,FALSE
consider,TRUE
assess,FALSE
explain,FALSE
describe,TRUE
discuss,FALSE
address,TRUE
analyze,TRUE
examine,FALSE
study,TRUE
concept,TRUE
design,TRUE
study,TRUE
assumption,TRUE
improvement,FALSE
suggestion,FALSE
choice,FALSE
recommendation,FALSE
proposal,FALSE
development,TRUE
discovery,FALSE
modification,FALSE
develop,TRUE
lay,FALSE
layout,FALSE
arrangement,FALSE
ignition,FALSE
seal,FALSE
name,TRUE
location,TRUE
number,TRUE
name,TRUE
photo,FALSE
name,TRUE
length,FALSE
inside,FALSE
part,TRUE
suffix,FALSE
prefix,FALSE
designation,FALSE
abbreviation,FALSE
let,FALSE
then,FALSE
vector,FALSE
goal,FALSE
gradient,FALSE
delta,FALSE
δ,FALSE
δ,FALSE
simulation,FALSE
dependence,FALSE
determination,TRUE
admission,FALSE
appointment,FALSE
amendment,FALSE
award,FALSE
provision,FALSE
undertake,FALSE
render,FALSE
adopt,TRUE
execute,TRUE
accordance,TRUE
accord,TRUE
keep,TRUE
harmony,FALSE
conjunction,FALSE
conform,FALSE
consultation,FALSE
alignment,FALSE
concert,FALSE
article,FALSE
paragraph,FALSE
section,TRUE
chapter,FALSE
§,FALSE
rule,FALSE
table,FALSE
regulation,FALSE
get,TRUE
answer,TRUE
hear,FALSE
reason,FALSE
caller,FALSE
email,FALSE
extension,FALSE
assignment,FALSE
ID,FALSE
not,FALSE
this,FALSE
never,FALSE
each,FALSE
every,FALSE
single,FALSE
main,FALSE
one,FALSE
an,FALSE
finish,FALSE
seal,FALSE
kick,FALSE
generator,FALSE
supervisor,TRUE
technician,FALSE
cpu,FALSE
worker,FALSE
maintain,TRUE
begin,TRUE
repeat,FALSE
succession,FALSE
array,FALSE
alternate,FALSE
approximately,FALSE
roughly,FALSE
regular,FALSE
simultaneous,FALSE
continuous,FALSE
around,FALSE
tone,FALSE
sound,TRUE
know,FALSE
other,FALSE
follow,TRUE
find,FALSE
2016,FALSE
protocol,FALSE
update,TRUE
collaboration,FALSE
association,FALSE
cooperation,FALSE
partnership,FALSE
tandem,FALSE
parallel,FALSE
ieee,FALSE
SC,FALSE
EA,FALSE
Atari,FALSE
f,FALSE
federal,FALSE
US,FALSE
cs,FALSE
IBM,FALSE
after,FALSE
at,FALSE
during,FALSE
exercise,FALSE
happen,TRUE
originate,FALSE
eliminate,FALSE
remove,TRUE
avoid,FALSE
eliminate,FALSE
eliminate,FALSE
decrease,FALSE
necessity,FALSE
right,TRUE
coil,FALSE
mount,FALSE
software,FALSE
performance,TRUE
distribution,FALSE
management,FALSE
additional,FALSE
new,FALSE
optional,FALSE
game,FALSE
repair,FALSE
upgrade,FALSE
quarter,FALSE
stroke,FALSE
thousand,FALSE
fifteen,FALSE
sixty,FALSE
fifty,FALSE
million,FALSE
help,TRUE
effort,FALSE
assemble,FALSE
forecast,FALSE
perspective,FALSE
framework,FALSE
justification,FALSE
journal,FALSE
predict,FALSE
inventory,FALSE
impression,FALSE
since,FALSE
modification,FALSE
commitment,FALSE
revision,FALSE
bring,TRUE
cause,TRUE
boiler,FALSE
#,FALSE
#,FALSE
monthly,FALSE
#,FALSE
#,FALSE
release,TRUE
access,TRUE
difference,TRUE
sensitivity,FALSE
intensity,FALSE
correlate,FALSE
link,TRUE
identical,FALSE
feature,TRUE
world,FALSE
draft,FALSE
serve,FALSE
see,TRUE
follow,TRUE
view,TRUE
interpret,FALSE
foundation,FALSE
template,FALSE
guidance,FALSE
guide,FALSE
practical,FALSE
formal,FALSE
conceptual,FALSE
foundation,FALSE
remain,TRUE
act,TRUE
count,FALSE
stand,FALSE
serve,FALSE
regulate,FALSE
assume,FALSE
know,TRUE
feel,FALSE
bandwidth,FALSE
violate,FALSE
release,TRUE
lift,FALSE
recording,FALSE
circuit,TRUE
most,FALSE
part,TRUE
many,FALSE
some,FALSE
much,FALSE
element,TRUE
operator,TRUE
valid,FALSE
differential,FALSE
real,FALSE
gauge,FALSE
#,FALSE
#,FALSE
#,FALSE
#,FALSE
#,FALSE
#,FALSE
magnetic,FALSE
precipitation,FALSE
step,TRUE
figure,FALSE
stage,TRUE
version,TRUE
phase,TRUE
type,TRUE
line,TRUE
UTC,FALSE
up,FALSE
#,FALSE
status,TRUE
protection,FALSE
operation,TRUE
range,FALSE
#,FALSE
composition,FALSE
role,TRUE
provisional,FALSE
Afghanistan,FALSE
character,FALSE
key,FALSE
title,FALSE
interaction,TRUE
interchange,FALSE
engine,FALSE
supply,TRUE
tower,FALSE
accomplish,TRUE
direct,FALSE
door,FALSE
door,FALSE
entrance,FALSE
wire,FALSE
cable,FALSE
phone,FALSE
instrument,TRUE
#,FALSE
#,FALSE
#,FALSE
#,FALSE
#,FALSE
#,FALSE
#,FALSE
#,FALSE
#,FALSE
center,TRUE
provider,FALSE
reflect,FALSE
comprise,FALSE
discharge,FALSE
column,FALSE
citation,FALSE
treat,FALSE
incorporate,FALSE
name,TRUE
meaning,FALSE
noun,FALSE
title,FALSE
phrase,FALSE
terminology,FALSE
expression,FALSE
initial,TRUE
mean,TRUE
translation,FALSE
consequence,FALSE
origin,TRUE
effect,TRUE
context,FALSE
publication,TRUE
dictionary,FALSE
track,FALSE
#,FALSE
news,FALSE
info,FALSE
get,TRUE
draw,FALSE
select,TRUE
pick,FALSE
find,TRUE
make,TRUE
candidate,FALSE
substitute,FALSE
seat,FALSE
fare,FALSE
pair,FALSE
matrix,FALSE
integer,FALSE
binary,FALSE
relation,FALSE
relationship,TRUE
direction,FALSE
fan,FALSE
choose,TRUE
force,TRUE
bid,TRUE
knowledge,FALSE
evidence,FALSE
analysis,TRUE
development,TRUE
project,TRUE
material,TRUE
purchase,TRUE
order,TRUE
access,TRUE
buy,FALSE
acquire,TRUE
program,FALSE
technical,FALSE
programme,FALSE
engineering,FALSE
design,FALSE
operation,FALSE
product,FALSE
station,FALSE
production,FALSE
assume,TRUE
guarantee,FALSE
say,TRUE
radiation,FALSE
flux,FALSE
experience,FALSE
rotate,FALSE
typical,FALSE
observer,FALSE
attain,FALSE
achieve,TRUE
angle,FALSE
degree,TRUE
#,FALSE
°,FALSE
#,FALSE
°,FALSE
degree,TRUE
#,FALSE
support,TRUE
integration,FALSE
planning,FALSE
search,TRUE
command,TRUE
specifically,FALSE
construct,TRUE
copy,FALSE
demonstration,FALSE
choice,FALSE
prototype,TRUE
investigation,FALSE
inspection,FALSE
improvement,FALSE
deployment,FALSE
transaction,FALSE
keep,TRUE
house,FALSE
process,TRUE
public,FALSE
word,FALSE
internet,FALSE
security,FALSE
#,FALSE
#,FALSE
#,FALSE
#,FALSE
#,FALSE
#,FALSE
#,FALSE
#,FALSE
card,TRUE
certificate,FALSE
sit,TRUE
reside,TRUE
employee,TRUE
applicant,FALSE
holder,FALSE
variation,FALSE
leave,TRUE
forward,FALSE
assistance,FALSE
advice,FALSE
shape,FALSE
make,TRUE
course,FALSE
preparation,FALSE
note,TRUE
customer,TRUE
handle,TRUE
ignore,TRUE
accuracy,FALSE
weight,TRUE
special,FALSE
pende,FALSE
unique,FALSE
recall,FALSE
request,TRUE
classification,FALSE
occur,TRUE
non,FALSE
potentially,FALSE
specifically,FALSE
legally,FALSE
already,FALSE
otherwise,FALSE
answer,TRUE
accept,FALSE
photograph,FALSE
mention,FALSE
depiction,FALSE
affect,TRUE
key,TRUE
proportion,FALSE
variety,FALSE
wet,FALSE
fill,FALSE
lift,FALSE
boil,FALSE
dry,FALSE
remove,TRUE
#,FALSE
#,FALSE
#,FALSE
#,FALSE
#,FALSE
#,FALSE
#,FALSE
#,FALSE
#,FALSE
#,FALSE
#,FALSE
#,FALSE
#,FALSE
#,FALSE
reasonable,FALSE
appoint,FALSE
instant,FALSE
supply,TRUE
electrical,FALSE
water,TRUE
urgent,FALSE
regulation,FALSE
reduce,TRUE
restrict,FALSE
minimize,FALSE
decrease,FALSE
#,FALSE
principal,FALSE
various,FALSE
presently,FALSE
constitute,FALSE
become,TRUE
form,TRUE
breakdown,FALSE
draw,FALSE
archive,FALSE
commune,FALSE
municipality,FALSE
or,FALSE
testing,TRUE
diagnosis,FALSE
arbitrary,FALSE
empty,FALSE
password,FALSE
utility,FALSE
PT,FALSE
TX,FALSE
TD,FALSE
ST,FALSE
pp,FALSE
lamp,FALSE
turn,TRUE
switch,TRUE
move,TRUE
fire,TRUE
work,TRUE
wear,FALSE
correspond,TRUE
agree,TRUE
warning,FALSE
change,TRUE
check,TRUE
top,TRUE
#,FALSE
edge,FALSE
front,FALSE
pipe,FALSE
cable,FALSE
#,FALSE
#,FALSE
#,FALSE
#,FALSE
#,FALSE
avoid,FALSE
approach,TRUE
algorithm,TRUE
string,FALSE
kind,FALSE
attack,FALSE
explosion,FALSE
wait,TRUE
cease,FALSE
pause,FALSE
fire,TRUE
raise,FALSE
broadcast,FALSE
push,FALSE
put,TRUE
audio,FALSE
exit,FALSE
rear,FALSE
glass,FALSE
per,FALSE
election,FALSE
construction,TRUE
due,FALSE
birth,FALSE
work,TRUE
death,FALSE
depend,TRUE
incumbent,FALSE
graph,FALSE
bridge,FALSE
album,FALSE
be,FALSE
only,FALSE
phenomenon,FALSE
prompt,FALSE
force,TRUE
cause,TRUE
invasion,FALSE
eruption,FALSE
infection,FALSE
abortion,FALSE
epidemic,FALSE
explode,FALSE
fail,TRUE
you,FALSE
we,FALSE
it,FALSE
he,FALSE
user,TRUE
she,FALSE
student,FALSE
#,FALSE
#,FALSE
#,FALSE
#,FALSE
#,FALSE
#,FALSE
#,FALSE
#,FALSE
#,FALSE
#,FALSE
#,FALSE
#,FALSE
consumer,TRUE
structure,TRUE
description,TRUE
perspective,FALSE
expectation,FALSE
preference,FALSE
experience,FALSE
view,TRUE
relationship,TRUE
relation,TRUE
interaction,FALSE
role,FALSE
interpretation,FALSE
absence,FALSE
face,TRUE
midst,FALSE
conflict,TRUE
confusion,FALSE
dispute,TRUE
disagreement,FALSE
dispute,TRUE
compromise,FALSE
conflict,TRUE
contamination,FALSE
litigation,FALSE
tension,FALSE
war,FALSE
person,TRUE
authority,FALSE
society,FALSE
platform,TRUE
site,FALSE
website,TRUE
language,TRUE
school,FALSE
school,FALSE
library,FALSE
journal,FALSE
literature,FALSE
institute,FALSE
institution,FALSE
database,TRUE
book,TRUE
proceeding,FALSE
loan,FALSE
hire,FALSE
sale,FALSE
research,FALSE
subscription,FALSE
rental,FALSE
study,TRUE
London,FALSE
library,TRUE
dining,FALSE
panel,FALSE
accommodate,FALSE
contribution,FALSE
contribution,FALSE
figure,FALSE
affect,FALSE
influence,FALSE
latter,FALSE
evaluate,TRUE
analyze,TRUE
analogy,FALSE
correlation,FALSE
contrast,TRUE
bulb,FALSE
switch,TRUE
keep,TRUE
possess,FALSE
retain,FALSE
leave,TRUE
early,FALSE
head,FALSE
restore,FALSE
inform,FALSE
connect,TRUE
drive,TRUE
pipeline,FALSE
emission,FALSE
reference,TRUE
engine,FALSE
radio,FALSE
gps,FALSE
weather,FALSE
fuel,FALSE
equipment,TRUE
vary,TRUE
refer,TRUE
error,TRUE
addition,TRUE
mistake,FALSE
conclusion,FALSE
prediction,FALSE
concern,FALSE
encounter,FALSE
correct,FALSE
score,FALSE
vote,FALSE
apart,FALSE
light,FALSE
energy,TRUE
aside,FALSE
electricity,FALSE
make,TRUE
rise,TRUE
smoke,FALSE
little,FALSE
teach,FALSE
participant,FALSE
party,FALSE
chance,FALSE
inspect,FALSE
scan,TRUE
weigh,FALSE
battery,FALSE
window,FALSE
ask,TRUE
discover,FALSE
observe,FALSE
want,TRUE
vent,FALSE
screw,FALSE
quality,FALSE
#,FALSE
apply,TRUE
differ,FALSE
digit,FALSE
noun,FALSE
#,FALSE
sanitation,FALSE
route,FALSE
direct,TRUE
refer,TRUE
roll,TRUE
officer,FALSE
join,FALSE
effectiveness,FALSE
likelihood,FALSE
availability,FALSE
probability,FALSE
validity,FALSE
six,FALSE
seven,FALSE
nine,FALSE
category,TRUE
volume,TRUE
National,FALSE
southern,FALSE
high,FALSE
International,FALSE
global,FALSE
central,FALSE
start,TRUE
steam,FALSE
gas,FALSE
internal,FALSE
mix,FALSE
replace,TRUE
subsequently,FALSE
outcome,FALSE
volume,TRUE
archive,FALSE
collection,FALSE
useful,FALSE
helpful,FALSE
valuable,FALSE
essential,FALSE
adapt,FALSE
sensitive,FALSE
tune,FALSE
proportional,FALSE
tailor,FALSE
assess,FALSE
API,FALSE
suitable,FALSE
delivery,FALSE
consideration,FALSE
acceptance,FALSE
authority,FALSE
architect,FALSE
agency,FALSE
Bureau,FALSE
panel,FALSE
Institute,FALSE
stakeholder,FALSE
professional,FALSE
people,FALSE
individual,TRUE
developer,FALSE
partner,FALSE
researcher,FALSE
evolution,FALSE
formation,FALSE
plan,TRUE
growth,FALSE
success,FALSE
promotion,FALSE
administration,FALSE
under,FALSE
period,FALSE
strike,FALSE
architect,FALSE
editor,FALSE
developer,FALSE
designer,FALSE
take,TRUE
also,FALSE
name,TRUE
but,FALSE
allegedly,FALSE
reportedly,FALSE
reply,FALSE
opposition,FALSE
respond,TRUE
2000,FALSE
parental,FALSE
personal,FALSE
medical,FALSE
any,FALSE
household,FALSE
equal,FALSE
match,FALSE
convert,FALSE
equivalent,FALSE
similar,FALSE
sense,FALSE
low,FALSE
illness,FALSE
disease,FALSE
pregnancy,FALSE
digit,FALSE
vowel,FALSE
incorporate,FALSE
duty,FALSE
purpose,FALSE
honor,FALSE
close,TRUE
conference,FALSE
Database,FALSE
reveal,TRUE
announce,FALSE
#,FALSE
political,FALSE
scheme,FALSE
bell,FALSE
such,FALSE
make,TRUE
legislation,FALSE
#,FALSE
one,TRUE
just,FALSE
even,FALSE
especially,FALSE
especially,FALSE
age,FALSE
game,FALSE
its,FALSE
that,FALSE
their,FALSE
his,FALSE
her,FALSE
low,FALSE
derivative,FALSE
sell,FALSE
satellite,FALSE
district,FALSE
extension,FALSE
reference,TRUE
•,FALSE
physical,FALSE
overall,FALSE
unit,TRUE
system,FALSE
point,TRUE
model,FALSE
station,FALSE
material,TRUE
resource,FALSE
index,FALSE
grade,FALSE
rate,FALSE
distance,FALSE
piece,FALSE
scientific,FALSE
accessible,FALSE
#,FALSE
#,FALSE
#,FALSE
#,FALSE
#,FALSE
#,FALSE
#,FALSE
#,FALSE
#,FALSE
#,FALSE
#,FALSE
perform,TRUE
become,TRUE
branch,FALSE
disclosure,FALSE
denial,FALSE
confirmation,FALSE
police,FALSE
introduce,TRUE
risk,FALSE
complexity,FALSE
harm,FALSE
upset,FALSE
damage,FALSE
hurt,FALSE
distract,FALSE
concern,FALSE
threaten,FALSE
disturb,FALSE
trouble,FALSE
fool,FALSE
Police,FALSE
route,FALSE
alarm,TRUE
destroy,FALSE
attack,FALSE
insert,FALSE
translate,FALSE
expand,FALSE
intelligence,FALSE
assurance,FALSE
philippine,FALSE
law,TRUE
right,FALSE
Games,FALSE
project,TRUE
laboratory,FALSE
relate,TRUE
attribute,FALSE
predict,FALSE
hit,FALSE
equal,FALSE
rf,FALSE
directional,FALSE
awareness,FALSE
missile,FALSE
spacecraft,FALSE
carrier,FALSE
movement,FALSE
among,FALSE
despite,FALSE
vegetation,FALSE
specie,FALSE
terrain,FALSE
soil,FALSE
habitat,FALSE
bird,FALSE
weapon,FALSE
school,FALSE
award,FALSE
manufacture,FALSE
standardize,FALSE
solve,FALSE
assembly,FALSE
connector,FALSE
chip,FALSE
term,TRUE
denote,TRUE
can,FALSE
can,FALSE
modify,TRUE
precise,FALSE
terminate,TRUE
finally,FALSE
therefore,FALSE
however,FALSE
accordingly,FALSE
additionally,FALSE
far,FALSE
generally,FALSE
furthermore,FALSE
moreover,FALSE
again,FALSE
consequently,FALSE
render,FALSE
fund,FALSE
revenue,FALSE
funding,FALSE
small,FALSE
negative,FALSE
positive,FALSE
large,FALSE
reverse,FALSE
induce,FALSE
passive,FALSE
conversion,FALSE
#,FALSE
#,FALSE
repeat,TRUE
await,FALSE
answer,TRUE
licence,FALSE
service,TRUE
fill,FALSE
contribute,FALSE
reader,FALSE
editor,FALSE
inspector,FALSE
caution,FALSE
complaint,FALSE
resident,FALSE
bit,FALSE
dot,FALSE
displacement,FALSE
bar,FALSE
expect,TRUE
undergo,FALSE
indicate,TRUE
shock,FALSE
fail,TRUE
wait,FALSE
inequality,FALSE
equality,FALSE
interpretation,FALSE
conclusion,FALSE
identity,FALSE
track,TRUE
call,TRUE
process,TRUE
Map,TRUE
survey,FALSE
preview,FALSE
interact,TRUE
deal,TRUE
compete,FALSE
cooperate,FALSE
ratio,TRUE
count,FALSE
bid,FALSE
wish,FALSE
appeal,FALSE
visit,FALSE
ask,TRUE
bath,FALSE
packet,FALSE
slot,FALSE
retain,FALSE
session,FALSE
because,FALSE
as,FALSE
out,FALSE
instead,FALSE
regardless,FALSE
outside,FALSE
remainder,FALSE
copy,FALSE
manuscript,FALSE
give,TRUE
share,FALSE
stream,FALSE
assure,FALSE
proper,FALSE
permanent,FALSE
satisfactory,FALSE
good,FALSE
usable,FALSE
stable,FALSE
ownership,FALSE
installation,FALSE
grant,TRUE
place,TRUE
ask,TRUE
note,TRUE
know,TRUE
think,FALSE
serve,FALSE
connect,TRUE
stand,FALSE
how,FALSE
try,FALSE
try,FALSE
help,TRUE
need,TRUE
distinguish,TRUE
intermediate,FALSE
communicate,FALSE
balance,FALSE
readiness,FALSE
which,FALSE
visa,FALSE
flag,FALSE
resistance,FALSE
backup,FALSE
1994,FALSE
1998,FALSE
1993,FALSE
2002,FALSE
1995,FALSE
1989,FALSE
compatibility,FALSE
package,FALSE
segment,FALSE
CO,FALSE
expression,FALSE
reverse,FALSE
train,FALSE
broadcast,FALSE
dispatch,FALSE
return,TRUE
assist,TRUE
consult,FALSE
impulse,FALSE
come,TRUE
convey,TRUE
emit,FALSE
researcher,FALSE
quota,FALSE
conduct,TRUE
bulk,FALSE
significance,FALSE
restrict,FALSE
confine,FALSE
extend,TRUE
narrow,FALSE
fundamental,FALSE
duct,FALSE
respond,FALSE
open,TRUE
extend,TRUE
rise,TRUE
roof,FALSE
floor,TRUE
office,TRUE
bay,FALSE
space,TRUE
apartment,FALSE
classroom,FALSE
side,FALSE
corner,FALSE
wall,FALSE
story,FALSE
front,FALSE
apartment,FALSE
headquarter,FALSE
tall,FALSE
please,FALSE
must,FALSE
now,FALSE
#,FALSE
#,FALSE