owner,TRUE
recipient,TRUE
applicant,TRUE
plaintiff,FALSE
buyer,FALSE
customer,TRUE
seller,FALSE
donor,FALSE
defendant,FALSE
holder,FALSE
receiver,FALSE
governor,FALSE
voter,FALSE
client,TRUE
trustee,FALSE
place,TRUE
purchase,TRUE
receive,TRUE
leave,TRUE
locate,TRUE
use,TRUE
obtain,TRUE
request,TRUE
sell,TRUE
deposit,FALSE
buy,TRUE
present,TRUE
provide,TRUE
find,TRUE
offer,TRUE
contract,TRUE
service,TRUE
agreement,TRUE
loan,TRUE
work,TRUE
payment,TRUE
award,FALSE
letter,TRUE
invitation,FALSE
order,TRUE
advice,FALSE
card,TRUE
particular,FALSE
private,FALSE
legal,FALSE
insurance,TRUE
suitable,FALSE
financial,FALSE
commercial,FALSE
available,FALSE
give,TRUE
potential,FALSE
service,TRUE
single,FALSE
care,TRUE
date,TRUE
event,TRUE
time,TRUE
price,TRUE
venue,FALSE
party,TRUE
meet,TRUE
site,TRUE
restaurant,FALSE
location,TRUE
point,TRUE
transaction,TRUE
dinner,FALSE
address,TRUE
name,TRUE
account,TRUE
choice,TRUE
interest,TRUE
runner,FALSE
team,TRUE
runner,FALSE
suit,FALSE
runner,FALSE
set,TRUE
line,TRUE
match,TRUE
come,TRUE
player,FALSE
pick,TRUE
step,TRUE
leg,FALSE
#,FALSE
care,FALSE
#,FALSE
cancer,FALSE
#,FALSE
#,FALSE
#,FALSE
#,FALSE
management,FALSE
#,FALSE
company,FALSE
company,TRUE
product,TRUE
master,FALSE
director,FALSE
artist,FALSE
producer,FALSE
author,FALSE
publisher,FALSE
bank,FALSE
President,FALSE
partner,FALSE
business,FALSE
project,FALSE
take,TRUE
derive,TRUE
different,FALSE
adapt,FALSE
source,TRUE
datum,TRUE
information,TRUE
copy,TRUE
apart,FALSE
info,FALSE
extract,TRUE
quote,FALSE
change,TRUE
delete,FALSE
datum,TRUE
double,FALSE
body,FALSE
bar,FALSE
check,TRUE
the,FALSE
time,FALSE
no,FALSE
quick,FALSE
high,FALSE
low,FALSE
straight,FALSE
point,FALSE
back,FALSE
zero,FALSE
single,FALSE
obtain,TRUE
calculate,TRUE
update,TRUE
retrieve,TRUE
compile,FALSE
read,TRUE
expect,TRUE
order,TRUE
learn,TRUE
check,TRUE
download,TRUE
#,FALSE
file,TRUE
rule,TRUE
page,TRUE
error,TRUE
text,TRUE
note,TRUE
file,TRUE
list,TRUE
view,TRUE
app,TRUE
ID,FALSE
hence,FALSE
also,FALSE
through,FALSE
allow,TRUE
with,FALSE
for,FALSE
thus,FALSE
allow,TRUE
and,FALSE
in,FALSE
consider,TRUE
use,TRUE
size,TRUE
length,FALSE
capacity,TRUE
ability,TRUE
number,TRUE
amount,TRUE
width,FALSE
speed,TRUE
area,TRUE
availability,TRUE
space,TRUE
cost,TRUE
usage,FALSE
efficiency,FALSE
#,FALSE
#,FALSE
combination,TRUE
card,TRUE
system,TRUE
#,FALSE
value,TRUE
library,TRUE
type,TRUE
function,TRUE
#,FALSE
exchange,FALSE
chain,FALSE
database,TRUE
key,FALSE
bank,TRUE
new,FALSE
document,TRUE
business,TRUE
user,TRUE
need,TRUE
require,TRUE
use,TRUE
able,FALSE
need,TRUE
necessary,FALSE
allow,TRUE
choose,TRUE
need,TRUE
rate,TRUE
efficient,FALSE
accurate,FALSE
fast,FALSE
quality,TRUE
reliable,FALSE
local,FALSE
dynamic,FALSE
automatic,FALSE
distance,FALSE
overall,FALSE
access,TRUE
#,FALSE
per,FALSE
engine,FALSE
software,TRUE
game,TRUE
system,TRUE
platform,TRUE
engine,FALSE
project,TRUE
hardware,FALSE
application,TRUE
product,TRUE
technology,TRUE
design,TRUE
graphic,FALSE
code,TRUE
architecture,TRUE
base,TRUE
run,TRUE
build,TRUE
run,TRUE
implement,TRUE
instal,TRUE
support,TRUE
develop,TRUE
host,TRUE
test,TRUE
manufacture,TRUE
release,TRUE
deploy,FALSE
#,FALSE
#,FALSE
#,FALSE
#,FALSE
#,FALSE
it,FALSE
screen,TRUE
cover,TRUE
end,TRUE
version,TRUE
#,FALSE
page,FALSE
open,FALSE
3d,FALSE
2d,FALSE
digital,FALSE
lead,TRUE
transparent,FALSE
improve,TRUE
functional,FALSE
integrate,TRUE
red,FALSE
free,FALSE
simple,FALSE
paint,FALSE
interactive,FALSE
interface,TRUE
support,TRUE
mode,FALSE
display,TRUE
#,FALSE
#,FALSE
#,FALSE
#,FALSE
control,TRUE
render,FALSE
input,TRUE
recognition,FALSE
standard,FALSE
free,FALSE
new,FALSE
simple,FALSE
universal,FALSE
all,FALSE
current,FALSE
reference,FALSE
common,FALSE
basic,FALSE
alternative,FALSE
regular,FALSE
open,FALSE
type,TRUE
form,TRUE
contain,TRUE
include,TRUE
use,TRUE
use,TRUE
term,TRUE
version,TRUE
one,TRUE
form,TRUE
#,FALSE
#,FALSE
committee,FALSE
#,FALSE
Tribunal,FALSE
Commission,FALSE
#,FALSE
website,TRUE
#,FALSE
board,FALSE
#,FALSE
capability,TRUE
option,TRUE
possibility,FALSE
right,TRUE
opportunity,TRUE
power,TRUE
capability,TRUE
functionality,TRUE
chance,FALSE
determine,TRUE
establish,TRUE
check,TRUE
verify,TRUE
change,TRUE
indicate,TRUE
confirm,TRUE
calculate,TRUE
show,TRUE
follow,TRUE
identify,TRUE
specify,TRUE
know,TRUE
declare,FALSE
a,FALSE
every,FALSE
another,FALSE
candidate,FALSE
student,TRUE
application,TRUE
player,FALSE
person,TRUE
member,TRUE
applicant,TRUE
member,TRUE
content,TRUE
nature,TRUE
purpose,TRUE
content,TRUE
value,TRUE
requirement,TRUE
characteristic,TRUE
scope,TRUE
type,TRUE
function,TRUE
law,TRUE
guideline,TRUE
standard,TRUE
regulation,FALSE
standard,TRUE
legislation,FALSE
protocol,TRUE
program,TRUE
policy,TRUE
plan,TRUE
regulation,FALSE
Act,FALSE
management,TRUE
structure,TRUE
provision,TRUE
delivery,FALSE
implementation,TRUE
health,TRUE
primary,FALSE
patient,TRUE
medical,FALSE
manage,TRUE
critical,FALSE
emergency,FALSE
personal,FALSE
social,FALSE
clinical,FALSE
urgent,FALSE
acute,FALSE
specialise,FALSE
health,FALSE
home,TRUE
relate,TRUE
sector,TRUE
plan,TRUE
promotion,FALSE
facility,TRUE
product,TRUE
package,FALSE
document,TRUE
package,FALSE
plan,TRUE
record,TRUE
provider,TRUE
equipment,TRUE
operational,FALSE
operate,TRUE
perceive,FALSE
professional,FALSE
general,FALSE
technical,FALSE
internal,FALSE
activity,TRUE
level,TRUE
infrastructure,FALSE
resource,TRUE
documentation,TRUE
procedure,TRUE
condition,TRUE
criterion,TRUE
objective,TRUE
obligation,FALSE
demand,TRUE
expectation,FALSE
demand,TRUE
challenge,FALSE
goal,TRUE
requirement,TRUE
obligation,FALSE
follow,TRUE
establish,TRUE
adopt,TRUE
meet,TRUE
enforce,FALSE
apply,TRUE
maintain,TRUE
observe,FALSE
determine,TRUE
define,TRUE
impose,TRUE
institution,TRUE
hospital,TRUE
patient,TRUE
organisation,FALSE
organization,TRUE
entity,FALSE
clinic,FALSE
company,TRUE
agency,TRUE
party,TRUE
people,TRUE
employee,TRUE
staff,TRUE
customer,TRUE
client,TRUE
stakeholder,FALSE
user,TRUE
partner,TRUE
agent,TRUE
participant,FALSE
supplier,FALSE
representative,TRUE
mechanism,TRUE
method,TRUE
mechanism,TRUE
process,TRUE
process,TRUE
framework,FALSE
procedure,TRUE
mean,TRUE
ensure,TRUE
achieve,FALSE
improve,TRUE
maintain,TRUE
manage,TRUE
determine,TRUE
enhance,TRUE
protect,TRUE
secure,FALSE
measure,TRUE
keep,TRUE
raise,TRUE
increase,TRUE
assess,TRUE
deliver,TRUE
result,TRUE
risk,TRUE
situation,TRUE
compliance,FALSE
outcome,FALSE
outline,FALSE
publish,TRUE
formulate,FALSE
describe,TRUE
include,TRUE
identify,TRUE
specify,TRUE
introduce,TRUE
discuss,TRUE
present,TRUE
list,TRUE
table,TRUE
range,TRUE
group,TRUE
pool,FALSE
list,TRUE
class,TRUE
table,FALSE
selection,TRUE
menu,FALSE
position,TRUE
character,TRUE
gender,TRUE
category,FALSE
specie,FALSE
gender,FALSE
name,TRUE
subspecie,FALSE
competitor,FALSE
role,TRUE
part,TRUE
one,FALSE
development,TRUE
goal,TRUE
goal,TRUE
mission,TRUE
another,FALSE
application,TRUE
work,TRUE
funding,FALSE
role,TRUE
much,FALSE
program,TRUE
part,TRUE
most,FALSE
ensure,TRUE
register,TRUE
pay,TRUE
online,FALSE
window,FALSE
device,TRUE
operator,TRUE
driver,TRUE
one,FALSE
person,TRUE
download,FALSE
edit,FALSE
save,FALSE
update,TRUE
modify,FALSE
copy,TRUE
create,TRUE
retrieve,TRUE
store,TRUE
import,FALSE
add,TRUE
print,FALSE
store,FALSE
change,TRUE
access,TRUE
release,TRUE
save,FALSE
replace,TRUE
find,TRUE
read,TRUE
view,TRUE
use,TRUE
review,TRUE
search,TRUE
control,TRUE
#,FALSE
#,FALSE
#,FALSE
#,FALSE
#,FALSE
certificate,TRUE
include,TRUE
via,FALSE
security,TRUE
specific,FALSE
license,FALSE
,FALSE
parameter,FALSE
ranking,FALSE
table,TRUE
number,TRUE
chart,FALSE
equation,FALSE
vary,TRUE
differ,TRUE
also,FALSE
shift,TRUE
depend,TRUE
depend,TRUE
hand,TRUE
dependent,FALSE
depend,TRUE
depend,TRUE
slightly,FALSE
back,FALSE
later,FALSE
perspective,FALSE
significantly,FALSE
board,TRUE
final,FALSE
committee,TRUE
panel,FALSE
decision,TRUE
case,TRUE
rank,TRUE
conference,TRUE
vote,FALSE
club,FALSE
winner,FALSE
city,TRUE
band,FALSE
state,FALSE
municipality,FALSE
author,FALSE
country,TRUE
artist,FALSE
omit,FALSE
remove,TRUE
distinguish,FALSE
translate,FALSE
manual,FALSE
comment,FALSE
research,TRUE
study,TRUE
experiment,FALSE
experience,TRUE
experience,TRUE
comparison,FALSE
survey,FALSE
interview,FALSE
analysis,TRUE
discussion,FALSE
report,TRUE
effort,TRUE
test,TRUE
foreign,FALSE
development,TRUE
state,TRUE
international,FALSE
humanitarian,FALSE
government,TRUE
economic,FALSE
mutual,FALSE
external,FALSE
direct,FALSE
economic,TRUE
economist,FALSE
project,TRUE
program,TRUE
aid,TRUE
finance,FALSE
bank,TRUE
strategy,FALSE
model,TRUE
assistance,TRUE
country,TRUE
programme,TRUE
group,TRUE
industry,TRUE
many,FALSE
various,FALSE
human,FALSE
cost,TRUE
would,FALSE
could,FALSE
exist,TRUE
provide,TRUE
simulation,FALSE
day,TRUE
test,TRUE
installation,TRUE
operation,TRUE
session,FALSE
trial,TRUE
flight,FALSE
computer,TRUE
viewer,FALSE
algorithm,TRUE
reader,FALSE
machine,TRUE
manager,FALSE
take,TRUE
give,TRUE
get,TRUE
consider,TRUE
implement,TRUE
learn,TRUE
follow,TRUE
relevant,FALSE
spatial,FALSE
production,TRUE
important,FALSE
element,TRUE
signal,FALSE
variable,FALSE
component,TRUE
step,TRUE
particle,FALSE
event,TRUE
item,TRUE
see,TRUE
understand,TRUE
make,TRUE
enable,TRUE
define,TRUE
describe,TRUE
allow,TRUE
processing,TRUE
more,FALSE
possible,FALSE
easy,FALSE
less,FALSE
very,FALSE
decision,TRUE
occur,TRUE
sale,TRUE
successful,FALSE
trading,FALSE
retail,FALSE
marketing,TRUE
cycle,FALSE
phase,TRUE
period,TRUE
round,FALSE
campaign,TRUE
trip,FALSE
drive,TRUE
call,TRUE
consumer,TRUE
dealer,FALSE
contestant,FALSE
remember,FALSE
recognize,TRUE
keep,TRUE
identity,TRUE
position,TRUE
face,FALSE
image,TRUE
surname,FALSE
role,TRUE
voice,FALSE
partner,FALSE
initial,FALSE
photo,FALSE
well,FALSE
last,FALSE
win,TRUE
miss,FALSE
young,FALSE
next,FALSE
correct,FALSE
top,FALSE
#,FALSE
representative,FALSE
unit,TRUE
agent,FALSE
#,FALSE
agency,TRUE
#,FALSE
#,FALSE
entity,FALSE
select,TRUE
name,TRUE
start,TRUE
hire,FALSE
directly,FALSE
assign,TRUE
promote,FALSE
encourage,TRUE
stimulate,FALSE
facilitate,TRUE
improve,TRUE
enhance,FALSE
increase,TRUE
strengthen,FALSE
foster,FALSE
expand,TRUE
accelerate,FALSE
advance,FALSE
supply,TRUE
distribution,TRUE
allocation,FALSE
extension,FALSE
introduction,TRUE
export,FALSE
electricity,FALSE
education,TRUE
healthcare,FALSE
employment,FALSE
good,TRUE
job,TRUE
energy,FALSE
food,TRUE
labour,FALSE
sector,TRUE
segment,TRUE
part,TRUE
area,TRUE
section,TRUE
region,TRUE
segment,FALSE
aspect,TRUE
population,TRUE
community,TRUE
world,TRUE
economy,FALSE
nation,TRUE
population,TRUE
society,TRUE
region,FALSE
UK,FALSE
market,TRUE
community,TRUE
EU,FALSE
continent,FALSE
planet,FALSE
target,TRUE
achieve,FALSE
develop,TRUE
enterprise,FALSE
industry,TRUE
transport,FALSE
sector,FALSE
growth,FALSE
participation,FALSE
competition,TRUE
share,TRUE
investment,FALSE
ownership,FALSE
activity,TRUE
action,TRUE
penetration,FALSE
initiative,TRUE
we,FALSE
anything,FALSE
car,FALSE
page,TRUE
patent,TRUE
post,TRUE
tax,TRUE
registration,TRUE
district,TRUE
register,TRUE
claim,TRUE
claim,TRUE
field,TRUE
court,TRUE
central,FALSE
complaint,TRUE
lawyer,FALSE
petition,FALSE
prepare,FALSE
send,TRUE
submit,TRUE
sign,TRUE
deliver,TRUE
produce,TRUE
enter,TRUE
review,TRUE
complete,TRUE
write,TRUE
execute,FALSE
file,TRUE
submit,TRUE
file,TRUE
write,TRUE
request,TRUE
approve,TRUE
submission,FALSE
paper,TRUE
entry,TRUE
either,FALSE
automatically,FALSE
manually,FALSE
email,FALSE
mail,FALSE
appointment,TRUE
correspondence,FALSE
examination,FALSE
audit,FALSE
consultation,FALSE
module,TRUE
feature,TRUE
model,TRUE
level,TRUE
performance,TRUE
resolution,FALSE
compatibility,FALSE
connectivity,FALSE
graphical,FALSE
definition,FALSE
reliability,FALSE
detail,TRUE
due,FALSE
limit,TRUE
protection,FALSE
clearance,FALSE
right,TRUE
public,FALSE
internet,TRUE
maximum,FALSE
physical,FALSE
easy,FALSE
internet,TRUE
full,FALSE
main,FALSE
remote,FALSE
get,TRUE
connect,TRUE
interface,TRUE
know,TRUE
come,TRUE
visit,FALSE
belong,FALSE
go,TRUE
input,TRUE
refer,TRUE
relate,TRUE
pc,FALSE
console,FALSE
network,TRUE
environment,TRUE
keyboard,FALSE
desktop,FALSE
cover,TRUE
within,FALSE
inside,FALSE
control,TRUE
module,TRUE
button,FALSE
feature,TRUE
control,TRUE
command,TRUE
server,TRUE
panel,FALSE
sub,TRUE
mini,FALSE
micro,FALSE
non,FALSE
e,FALSE
pre,FALSE
c,FALSE
anti,FALSE
auto,TRUE
b,FALSE
t,FALSE
meta,FALSE
g,FALSE
board,TRUE
assembly,FALSE
screen,TRUE
high,FALSE
low,FALSE
low,FALSE
high,FALSE
base,TRUE
upper,FALSE
high,FALSE
he,FALSE
this,FALSE
she,FALSE
each,FALSE
there,FALSE
cricket,FALSE
that,FALSE
chess,FALSE
follow,TRUE
under,FALSE
by,FALSE
meet,TRUE
principle,TRUE
pattern,FALSE
principle,TRUE
convention,FALSE
line,TRUE
formula,FALSE
assumption,FALSE
,FALSE
iso,FALSE
standard,TRUE
equipment,TRUE
service,TRUE
software,TRUE
contact,TRUE
mission,FALSE
special,FALSE
additional,FALSE
background,FALSE
basic,FALSE
detail,FALSE
key,FALSE
class,FALSE
character,FALSE
category,FALSE
general,FALSE
code,FALSE
source,FALSE
production,FALSE
world,FALSE
level,FALSE
construction,FALSE
understand,TRUE
testing,TRUE
creation,TRUE
assembly,FALSE
maintenance,FALSE
engineering,FALSE
configuration,FALSE
build,TRUE
evaluation,TRUE
interpretation,FALSE
study,TRUE
manipulation,FALSE
knowledge,TRUE
classification,TRUE
language,TRUE
library,TRUE
section,FALSE
article,TRUE
category,TRUE
book,TRUE
divide,TRUE
subdivide,FALSE
split,TRUE
separate,TRUE
organize,FALSE
classify,TRUE
group,TRUE
categorize,FALSE
break,TRUE
sort,TRUE
structure,TRUE
organise,FALSE
arrange,FALSE
differentiate,FALSE
three,FALSE
four,FALSE
two,FALSE
five,FALSE
several,FALSE
six,FALSE
seven,FALSE
eight,FALSE
10,FALSE
ten,FALSE
sub,FALSE
class,TRUE
division,FALSE
zone,FALSE
#,FALSE
way,TRUE
method,TRUE
goal,TRUE
method,FALSE
guarantee,TRUE
#,FALSE
capable,FALSE
#,FALSE
#,FALSE
privacy,FALSE
individual,FALSE
safe,FALSE
good,FALSE
safety,FALSE
enjoy,FALSE
own,TRUE
hold,TRUE
share,TRUE
protect,FALSE
exercise,TRUE
experience,TRUE
demand,TRUE
desire,TRUE
government,FALSE
law,TRUE
police,FALSE
court,FALSE
any,FALSE
medical,FALSE
special,FALSE
additional,FALSE
complete,FALSE
integrate,FALSE
every,FALSE
treatment,TRUE
treatment,FALSE
therapy,TRUE
medication,TRUE
treatment,TRUE
diagnosis,TRUE
treat,TRUE
assessment,TRUE
relief,FALSE
screen,TRUE
accord,TRUE
accord,TRUE
similar,FALSE
tailor,FALSE
allocate,FALSE
subject,TRUE
thank,FALSE
agree,FALSE
link,TRUE
design,TRUE
create,TRUE
devise,FALSE
specifically,FALSE
scheme,TRUE
programme,TRUE
scheme,TRUE
scheme,FALSE
compare,TRUE
combine,TRUE
alternative,FALSE
prescribe,FALSE
HIV,FALSE
ST,FALSE
cancer,FALSE
find,TRUE
contain,TRUE
family,TRUE
gene,FALSE
offer,TRUE
distribute,TRUE
accessible,FALSE
supply,TRUE
sell,TRUE
deliver,TRUE
license,TRUE
send,TRUE
child,TRUE
doctor,TRUE
parent,FALSE
individual,TRUE
adult,FALSE
researcher,FALSE
family,TRUE
volunteer,FALSE
woman,TRUE
citizen,FALSE
physician,TRUE
duration,FALSE
sake,FALSE
benefit,TRUE
purpose,TRUE
life,TRUE
lifetime,FALSE
majority,TRUE
enjoyment,FALSE
entirety,FALSE
remainder,FALSE
whole,TRUE
due,FALSE
similar,FALSE
compare,TRUE
similarly,FALSE
as,FALSE
prior,FALSE
next,FALSE
set,TRUE
different,FALSE
up,FALSE
provider,TRUE
host,TRUE
physician,TRUE
participant,FALSE
victim,FALSE
#,FALSE
#,FALSE
#,FALSE
#,FALSE
#,FALSE
#,FALSE
#,FALSE
#,FALSE
preference,FALSE
status,TRUE
relationship,FALSE
spouse,FALSE
friend,FALSE
parent,FALSE
husband,FALSE
guest,FALSE
wife,FALSE
doctor,TRUE
boyfriend,FALSE
employee,TRUE
server,TRUE
visitor,FALSE
resident,FALSE
consultant,FALSE
associate,TRUE
therapist,FALSE
child,TRUE
conjunction,FALSE
accordance,FALSE
cooperation,FALSE
partnership,FALSE
association,TRUE
connection,FALSE
collaboration,FALSE
coordination,FALSE
station,TRUE
route,FALSE
expansion,FALSE
proposal,FALSE
facility,TRUE
car,TRUE
vehicle,TRUE
item,TRUE
example,TRUE
piece,FALSE
aircraft,FALSE
bottle,FALSE
barrel,FALSE
locomotive,FALSE
issue,TRUE
accept,TRUE
receive,TRUE
open,TRUE
valid,FALSE
school,TRUE
least,FALSE
latter,FALSE
great,FALSE
major,FALSE
name,FALSE
transaction,TRUE
form,TRUE
content,FALSE
combine,TRUE
merge,FALSE
correspond,FALSE
agree,FALSE
coincide,FALSE
start,TRUE
begin,TRUE
go,TRUE
contrast,TRUE
overlap,FALSE
comply,FALSE
compete,FALSE
join,TRUE
API,FALSE
vendor,FALSE
search,TRUE
memory,FALSE
transfer,TRUE
directory,TRUE
slot,FALSE
password,FALSE
resource,TRUE
size,TRUE
depth,FALSE
layout,FALSE
16,FALSE
32,FALSE
option,TRUE
path,FALSE
window,FALSE
setting,FALSE
register,TRUE
request,TRUE
mode,FALSE
space,TRUE
scale,TRUE
upside,FALSE
drop,TRUE
pull,TRUE
slow,FALSE
close,TRUE
strip,FALSE
low,FALSE
window,FALSE
bar,TRUE
#,FALSE
algorithm,TRUE
filter,FALSE
avoid,TRUE
prevent,TRUE
reduce,TRUE
minimize,TRUE
eliminate,FALSE
detect,TRUE
remove,TRUE
handle,TRUE
manage,TRUE
limit,TRUE
fix,TRUE
batch,TRUE
multiple,FALSE
flow,FALSE
acquisition,FALSE
storage,TRUE
retention,FALSE
integrity,FALSE
handle,TRUE
mining,FALSE
volume,TRUE
property,TRUE
quantity,FALSE
attribute,FALSE
set,TRUE
amount,TRUE
entry,FALSE
version,FALSE
episode,FALSE
volume,TRUE
track,FALSE
number,TRUE
section,TRUE
detail,TRUE
list,TRUE
source,TRUE
statistic,FALSE
entry,TRUE
deal,FALSE
sale,TRUE
instruction,TRUE
address,TRUE
master,TRUE
example,TRUE
actual,FALSE
exact,FALSE
history,TRUE
date,TRUE
log,FALSE
year,TRUE
time,TRUE
decade,FALSE
month,TRUE
year,TRUE
day,TRUE
past,TRUE
season,TRUE
1990s,FALSE
week,TRUE
decade,FALSE
period,TRUE
branch,FALSE
demonstration,FALSE
tournament,FALSE
lottery,FALSE
propose,TRUE
initiate,FALSE
start,TRUE
launch,TRUE
plan,TRUE
make,TRUE
begin,TRUE
undertake,FALSE
announce,FALSE
involve,TRUE
active,FALSE
extend,TRUE
see,TRUE
engage,TRUE
interested,FALSE
scale,TRUE
national,FALSE
regional,FALSE
UN,FALSE
educational,FALSE
domestic,FALSE
#,FALSE
portion,TRUE
block,TRUE
#,FALSE
master,TRUE
old,FALSE
audio,FALSE
work,TRUE
artist,FALSE
art,FALSE
music,FALSE
owner,TRUE
volume,TRUE
center,TRUE
side,TRUE
these,FALSE
they,FALSE
those,FALSE
Us,FALSE
developer,FALSE
developer,FALSE
release,TRUE
output,FALSE
generate,TRUE
print,TRUE
#,FALSE
#,FALSE
#,FALSE
#,FALSE
#,FALSE
#,FALSE
#,FALSE
#,FALSE
report,FALSE
#,FALSE
feed,FALSE
video,TRUE
archive,FALSE
bear,FALSE
hold,TRUE
convey,FALSE
initial,FALSE
previous,FALSE
statement,FALSE
hear,TRUE
statement,TRUE
photographer,FALSE
reveal,FALSE
record,TRUE
publish,TRUE
claim,TRUE
FALSE,FALSE
#,FALSE
step,TRUE
exit,FALSE
film,TRUE
report,TRUE
documentary,FALSE
communicate,FALSE
coordinate,FALSE
relay,FALSE
distribute,TRUE
connect,TRUE
pass,TRUE
link,TRUE
transmit,FALSE
balance,FALSE
importance,FALSE
impact,TRUE
bulk,FALSE
momentum,FALSE
attention,TRUE
agreement,TRUE
relationship,TRUE
transfer,TRUE
deal,FALSE
contract,TRUE
arrangement,FALSE
negotiation,FALSE
exchange,TRUE
operation,TRUE
it,TRUE
#,FALSE
#,FALSE
#,FALSE
manager,TRUE
office,TRUE
Bureau,FALSE
center,TRUE
#,FALSE
department,TRUE
other,TRUE
IBM,FALSE
map,FALSE
play,TRUE
visual,FALSE
color,FALSE
play,TRUE
grid,FALSE
display,TRUE
show,TRUE
represent,TRUE
denote,FALSE
reflect,TRUE
coordinate,FALSE
location,TRUE
boundary,FALSE
land,FALSE
locality,FALSE
city,FALSE
street,FALSE
town,FALSE
place,FALSE
river,FALSE
street,FALSE
road,FALSE
county,FALSE
township,FALSE
village,FALSE
area,FALSE
neighborhood,FALSE
district,FALSE
town,FALSE
employer,FALSE
manufacturer,TRUE
contractor,FALSE
require,TRUE
issue,TRUE
separate,FALSE
reference,TRUE
formal,FALSE
certify,FALSE
summary,TRUE
sheet,FALSE
score,FALSE
rely,FALSE
base,TRUE
focus,TRUE
focus,TRUE
center,TRUE
model,TRUE
conditional,FALSE
print,TRUE
contingent,FALSE
fact,TRUE
evidence,TRUE
judgment,FALSE
message,TRUE
gather,TRUE
collect,TRUE
acquire,TRUE
gain,TRUE
accumulate,FALSE
generate,TRUE
produce,TRUE
original,FALSE
print,FALSE
mapping,FALSE
integration,TRUE
proof,FALSE
scan,FALSE
track,TRUE
identification,TRUE
tool,TRUE
interact,FALSE
integrate,TRUE
help,TRUE
assist,TRUE
interfere,FALSE
cooperate,FALSE
come,TRUE
hand,TRUE
bio,FALSE
electronic,FALSE
self,TRUE
#,FALSE
operate,TRUE
size,FALSE
pin,FALSE
press,FALSE
pad,FALSE
#,FALSE
see,TRUE
nail,FALSE
lock,FALSE
cap,FALSE
technique,FALSE
tool,TRUE
format,FALSE
previously,FALSE
already,FALSE
commonly,FALSE
currently,FALSE
often,FALSE
typically,FALSE
formerly,FALSE
verify,TRUE
report,TRUE
sign,TRUE
student,TRUE
default,TRUE
rule,TRUE
command,FALSE
character,TRUE
profile,FALSE
aspect,TRUE
series,TRUE
depend,TRUE
locate,TRUE
add,TRUE
complete,TRUE
image,TRUE
message,TRUE
script,FALSE
replace,TRUE
cancel,FALSE
lose,TRUE
return,TRUE
renew,FALSE
revoke,FALSE
drop,TRUE
buy,TRUE
modify,TRUE
reduce,TRUE
store,TRUE
alter,TRUE
duty,FALSE
reason,TRUE
clause,FALSE
label,TRUE
click,TRUE
even,FALSE
except,FALSE
immediately,FALSE
indefinitely,FALSE
oppose,TRUE
field,TRUE
visit,TRUE
entire,FALSE
lose,TRUE
host,TRUE
bid,FALSE
receive,TRUE
officer,TRUE
office,TRUE
department,TRUE
authority,TRUE
member,TRUE
fail,TRUE
refuse,TRUE
decide,TRUE
choose,TRUE
fail,TRUE
want,TRUE
wish,TRUE
fail,TRUE
continue,TRUE
refuse,TRUE
agree,TRUE
reason,TRUE
location,TRUE
town,FALSE
district,FALSE
population,TRUE
division,FALSE
stage,TRUE
drug,TRUE
diagnostic,FALSE
animal,FALSE
genetic,FALSE
pharmaceutical,FALSE
laboratory,TRUE
dental,FALSE
nutrition,FALSE
disease,TRUE
psychological,FALSE
technician,FALSE
personnel,FALSE
science,FALSE
skill,FALSE
investigation,FALSE
training,TRUE
supervision,FALSE
IV,FALSE
note,FALSE
test,TRUE
medicine,FALSE
system,FALSE
centre,FALSE
card,FALSE
service,FALSE
center,FALSE
plan,FALSE
system,FALSE
facility,FALSE
server,FALSE
meet,TRUE
satisfy,FALSE
enforce,FALSE
fulfill,FALSE
settlement,FALSE
license,TRUE
lease,FALSE
consent,FALSE
work,TRUE
exchange,TRUE
negotiate,FALSE
record,TRUE
technology,TRUE
food,TRUE
training,FALSE
maintenance,FALSE
science,FALSE
material,TRUE
construction,TRUE
building,TRUE
practice,FALSE
participate,TRUE
result,TRUE
engage,FALSE
contribute,FALSE
succeed,FALSE
invest,FALSE
factor,TRUE
believe,TRUE
improvement,TRUE
monitor,TRUE
assurance,FALSE
change,TRUE
determination,FALSE
environmental,FALSE
task,TRUE
course,FALSE
policy,TRUE
initiative,FALSE
complex,FALSE
portfolio,FALSE
end,TRUE
frequency,FALSE
length,FALSE
hundred,FALSE
thousand,FALSE
couple,FALSE
q,FALSE
#,FALSE
r,FALSE
People,FALSE
drug,FALSE
thing,FALSE
thing,FALSE
unknown,FALSE
exit,FALSE
expo,FALSE
gateway,FALSE
exempt,FALSE
status,FALSE
transfer,TRUE
retire,FALSE
distance,FALSE
administrator,TRUE
editor,FALSE
administrator,FALSE
alter,TRUE
#,FALSE
collection,TRUE
exclude,FALSE
withdraw,TRUE
detach,FALSE
discharge,FALSE
eliminate,FALSE
transfer,TRUE
withdraw,FALSE
title,TRUE
source,TRUE
plot,FALSE
call,TRUE
place,TRUE
attacker,FALSE
browser,FALSE
protect,FALSE
save,TRUE
encryption,FALSE
#,FALSE
account,TRUE
correspond,TRUE
associate,TRUE
index,FALSE
attribute,FALSE
index,FALSE
variable,FALSE
information,TRUE
parameter,FALSE
definition,TRUE
pair,FALSE
format,FALSE
outline,FALSE
equation,FALSE
diagram,FALSE
chart,FALSE
explain,TRUE
illustrate,FALSE
demonstrate,FALSE
discuss,TRUE
examine,TRUE
judge,TRUE
investigator,FALSE
collect,TRUE
interpret,FALSE
analyze,FALSE
gather,FALSE
accept,TRUE
capture,TRUE
element,TRUE
word,TRUE
#,FALSE
#,FALSE
#,FALSE
#,FALSE
#,FALSE
#,FALSE
#,FALSE
#,FALSE
#,FALSE
#,FALSE
list,TRUE
among,FALSE
round,FALSE
grade,FALSE
edition,FALSE
year,FALSE
team,FALSE
lab,FALSE
choice,FALSE
beta,FALSE
prize,FALSE
stage,FALSE
figure,FALSE
#,FALSE
#,FALSE
#,FALSE
#,FALSE
#,FALSE
withdraw,TRUE
dismiss,FALSE
deny,FALSE
reject,FALSE
hear,TRUE
approve,TRUE
investigate,FALSE
evaluate,TRUE
question,TRUE
draft,FALSE
bill,TRUE
publication,FALSE
accession,FALSE
termination,FALSE
completion,TRUE
launch,TRUE
report,TRUE
condition,TRUE
fix,TRUE
adjust,FALSE
revise,FALSE
amend,TRUE
confirm,TRUE
correct,TRUE
suspend,FALSE
appropriate,FALSE
federal,FALSE
statutory,FALSE
warrant,FALSE
minimum,FALSE
headquarter,FALSE
authority,TRUE
#,FALSE
lack,TRUE
loss,TRUE
#,FALSE
#,FALSE
#,FALSE
vessel,FALSE
structure,TRUE
device,TRUE
ship,FALSE
vehicle,TRUE
unit,TRUE
design,TRUE
machine,TRUE
vessel,FALSE
instrument,FALSE
case,TRUE
hear,TRUE
view,TRUE
cite,TRUE
review,TRUE
clerk,FALSE
return,TRUE
distributor,FALSE
brand,TRUE
supplier,FALSE
trade,FALSE
security,TRUE
unit,TRUE
branch,FALSE
technical,FALSE
group,FALSE
Personnel,FALSE
weapon,FALSE
station,FALSE
communication,TRUE
contact,TRUE
call,TRUE
post,TRUE
email,FALSE
establishment,FALSE
deployment,FALSE
arrival,FALSE
administration,FALSE
formation,FALSE
good,FALSE
m,FALSE
subsequent,FALSE
successive,FALSE
usually,FALSE
always,FALSE
leader,FALSE
normally,FALSE
total,TRUE
strength,FALSE
quota,FALSE
squad,FALSE
complement,FALSE
weight,FALSE
॥,FALSE
#,FALSE
component,TRUE
bridge,FALSE
tower,FALSE
tunnel,FALSE
dam,FALSE
building,TRUE
stadium,FALSE
house,FALSE
constraint,FALSE
database,TRUE
fee,TRUE
money,TRUE
value,FALSE
quantity,TRUE
worth,FALSE
sum,TRUE
percentage,FALSE
payment,TRUE
pay,TRUE
reservation,FALSE
charge,TRUE
pay,TRUE
income,FALSE
cash,FALSE
revenue,FALSE
contribution,FALSE
unknown,FALSE
zero,FALSE
optional,FALSE
alternate,FALSE
guide,TRUE
advise,FALSE
lead,TRUE
ask,TRUE
inform,FALSE
permit,TRUE
testing,TRUE
develop,TRUE
team,TRUE
engineer,FALSE
body,TRUE
expert,FALSE
assess,TRUE
solve,FALSE
resolve,FALSE
Manual,FALSE
process,FALSE
manager,FALSE
perform,TRUE
problem,TRUE
preparation,FALSE
effectiveness,FALSE
function,TRUE
execution,FALSE
solution,FALSE
solution,FALSE
feedback,FALSE
confidence,TRUE
guidance,FALSE
recommendation,FALSE
influence,FALSE
priority,FALSE
decide,TRUE
validity,FALSE
success,FALSE
progress,FALSE
date,TRUE
council,FALSE
council,FALSE
assume,FALSE
bring,TRUE
gain,TRUE
effect,TRUE
effort,TRUE
risk,TRUE
flexibility,TRUE
room,FALSE
chair,FALSE
floor,FALSE
box,TRUE
chamber,FALSE
cup,FALSE
manner,FALSE
shape,TRUE
require,TRUE
represent,TRUE
remain,TRUE
take,TRUE
consider,TRUE
enable,TRUE
become,TRUE
provide,TRUE
make,TRUE
contain,TRUE
commodity,FALSE
asset,FALSE
matter,FALSE
thing,TRUE
skill,FALSE
provide,TRUE
include,TRUE
offer,TRUE
include,TRUE
essential,FALSE
primary,FALSE
advisory,FALSE
diabete,FALSE
chronic,FALSE
hospital,TRUE
advance,FALSE
tuberculosis,FALSE
victim,FALSE
resident,TRUE
#,FALSE
survivor,FALSE
if,FALSE
when,FALSE
everything,FALSE
where,FALSE
anything,FALSE
then,FALSE
however,FALSE
point,TRUE
derive,TRUE
disappear,FALSE
originate,FALSE
appear,TRUE
emerge,FALSE
exist,TRUE
exist,TRUE
current,FALSE
official,FALSE
monitor,TRUE
picture,FALSE
screen,FALSE
word,TRUE
mention,TRUE
enter,TRUE
represent,TRUE
record,FALSE
record,FALSE
move,TRUE
travel,FALSE
walk,TRUE
respond,FALSE
proceed,FALSE
reply,FALSE
switch,TRUE
destination,FALSE
discover,FALSE
check,TRUE
charge,TRUE
coverage,FALSE
incomplete,FALSE
unavailable,FALSE
incorrect,FALSE
destroy,FALSE
wrong,FALSE
leak,TRUE
lack,TRUE
insufficient,FALSE
discover,TRUE
inadequate,FALSE
news,FALSE
testimony,FALSE
alarm,FALSE
reveal,TRUE
miss,FALSE
disclose,FALSE
immigration,FALSE
registry,FALSE
head,FALSE
commander,FALSE
inspector,FALSE
trace,FALSE
refer,TRUE
turn,TRUE
complaint,FALSE
military,FALSE
army,FALSE
FBI,FALSE
put,TRUE
settle,FALSE
dump,FALSE
treat,TRUE
animal,FALSE
prisoner,FALSE
responsible,FALSE
secure,FALSE
certain,FALSE
restrict,FALSE
geographic,FALSE
control,TRUE
small,FALSE
•,FALSE
compiler,FALSE
representation,FALSE
motion,FALSE
movement,FALSE
none,TRUE
expel,FALSE
disconnect,FALSE
script,FALSE
movie,FALSE
album,TRUE
novel,FALSE
organization,TRUE
organizational,FALSE
professional,FALSE
National,FALSE
administrative,FALSE
individual,FALSE
personal,FALSE
community,TRUE
Industrial,FALSE
#,FALSE
#,FALSE
#,FALSE
#,FALSE
set,TRUE
approach,FALSE
interaction,FALSE
organization,TRUE
behavior,FALSE
#,FALSE
#,FALSE
calculation,TRUE
breakdown,FALSE
basis,TRUE
dollar,FALSE
#,FALSE
damage,FALSE
liability,FALSE
indicate,TRUE
do,TRUE
explain,TRUE
illustrate,FALSE
International,FALSE
fia,FALSE
FIFA,FALSE
icc,FALSE
official,FALSE
australian,FALSE
UEFA,FALSE
property,TRUE
yard,FALSE
illness,FALSE
infection,FALSE
wound,FALSE
injury,FALSE
virus,FALSE
fever,FALSE
pain,FALSE
tumor,FALSE
infect,FALSE
healthy,FALSE
admit,FALSE
ready,FALSE
sick,FALSE
cure,FALSE
well,FALSE
immune,FALSE
conscious,FALSE
hospital,FALSE
nurse,TRUE
clinic,FALSE
surgeon,FALSE
gp,FALSE
admit,FALSE
ship,TRUE
assign,TRUE
institution,TRUE
cause,TRUE
amendment,FALSE
person,FALSE
order,TRUE
assessment,FALSE
aid,TRUE
party,FALSE
degree,FALSE
chance,FALSE
who,FALSE
FDA,FALSE
nhs,FALSE
research,TRUE
Google,FALSE
describe,TRUE
present,TRUE
identify,TRUE
cover,TRUE
place,TRUE
custody,FALSE
specification,FALSE
kit,FALSE
division,FALSE
edition,FALSE
take,TRUE
take,TRUE
take,TRUE
carry,TRUE
consist,TRUE
advantage,FALSE
consist,TRUE
#,FALSE
#,FALSE
specification,FALSE
response,TRUE
video,TRUE
film,TRUE
sequence,FALSE
picture,FALSE
consistent,FALSE
compatible,FALSE
moment,FALSE
birth,FALSE
death,TRUE
origin,FALSE
marriage,FALSE
election,FALSE
composition,FALSE
#,FALSE
verb,FALSE
letter,TRUE
sign,TRUE
ending,FALSE
noun,FALSE
language,TRUE
mark,TRUE
contest,FALSE
commission,TRUE
deadline,FALSE
task,TRUE
invite,FALSE
force,TRUE
director,TRUE
journalist,FALSE
dvd,FALSE
footage,FALSE
material,TRUE
court,TRUE
measure,TRUE
len,FALSE
sense,FALSE
strategy,FALSE
context,FALSE
justify,FALSE
express,FALSE
question,TRUE
behind,FALSE
threat,FALSE
fund,TRUE
fee,TRUE
grant,TRUE
loan,TRUE
subsidy,FALSE
benefit,TRUE
rate,TRUE
funding,TRUE
contribution,FALSE
credit,TRUE
donation,FALSE
donate,FALSE
award,TRUE
grant,TRUE
tertiary,FALSE
worker,TRUE
holder,FALSE
professional,TRUE
practitioner,FALSE
field,TRUE
medium,TRUE
market,TRUE
school,TRUE
assistant,FALSE
specialist,FALSE
officer,TRUE
nurse,TRUE
nursing,TRUE
teacher,FALSE
mother,FALSE
#,FALSE
lawyer,FALSE
trainer,FALSE
instructor,FALSE
administrator,FALSE
educator,FALSE
teach,FALSE
mental,FALSE
university,TRUE
official,TRUE
body,TRUE
ministry,FALSE
minister,FALSE
faith,TRUE
volunteer,FALSE
membership,FALSE
Singapore,FALSE
locally,FALSE
web,FALSE
orient,FALSE
drive,TRUE
share,TRUE
lead,TRUE
neutral,FALSE
promote,FALSE
healing,FALSE
centre,TRUE
attach,TRUE
applicable,FALSE
equal,FALSE
annex,FALSE
identical,FALSE
normal,FALSE
scenario,FALSE
notice,FALSE
expect,TRUE
note,TRUE
bit,TRUE
fragment,FALSE
chunk,FALSE
sample,FALSE
strand,FALSE
object,TRUE
process,TRUE
analyze,FALSE
evaluate,TRUE
monitor,TRUE
document,TRUE
continue,TRUE
spend,FALSE
focus,TRUE
keep,TRUE
work,TRUE
enter,TRUE
go,TRUE
insertion,FALSE
surgery,FALSE
practice,TRUE
know,TRUE
consider,TRUE
designate,FALSE
regard,TRUE
mark,TRUE
perform,TRUE
count,TRUE
inform,FALSE
invite,FALSE
attend,TRUE
note,TRUE
state,TRUE
say,TRUE
suggest,TRUE
universe,FALSE
suite,FALSE
phase,TRUE
cell,FALSE
layer,FALSE
cell,FALSE
kind,TRUE
revision,FALSE
chapter,FALSE
textbook,FALSE
journal,FALSE
course,FALSE
intend,TRUE
mean,TRUE
suppose,FALSE
dedicate,FALSE
aim,TRUE
try,TRUE
attempt,TRUE
explore,FALSE
evolution,FALSE
dynamic,FALSE
complexity,FALSE
origin,FALSE
concept,TRUE
become,TRUE
feel,TRUE
get,FALSE
stay,TRUE
keep,TRUE
operate,TRUE
interact,FALSE
evolve,FALSE
live,TRUE
think,FALSE
communicating,TRUE
act,TRUE
design,TRUE
bring,TRUE
tie,TRUE
bind,FALSE
connect,FALSE
blend,FALSE
fuse,FALSE
fit,FALSE
couple,TRUE
an,FALSE
first,FALSE
some,FALSE
second,FALSE
#,FALSE
#,FALSE
#,FALSE
organisation,FALSE
freedom,TRUE
intention,FALSE
employ,TRUE
involve,TRUE
sort,FALSE
combination,TRUE
app,TRUE
website,TRUE
age,TRUE
geographical,FALSE
concept,TRUE
technique,TRUE
credit,TRUE
cash,TRUE
mortgage,FALSE
pension,FALSE
#,FALSE
#,FALSE
#,FALSE
evaluation,TRUE
planning,FALSE
design,TRUE
regulation,FALSE
creation,FALSE
integration,TRUE
analysis,TRUE
operation,FALSE
motion,FALSE
action,FALSE
rely,TRUE
model,TRUE
found,FALSE
framework,FALSE
monthly,FALSE
wholesale,FALSE
stock,FALSE
description,TRUE
rating,FALSE
drug,TRUE
#,FALSE
#,FALSE
#,FALSE
#,FALSE
department,FALSE
ministry,FALSE
head,FALSE
Minister,FALSE
region,FALSE
housing,FALSE
ward,FALSE
administration,FALSE
country,FALSE
zone,FALSE
site,FALSE
rank,FALSE
quality,TRUE
institution,FALSE
prison,FALSE
settlement,FALSE
residence,FALSE
property,FALSE
municipality,FALSE
draw,TRUE
prepare,TRUE
target,TRUE
presence,FALSE
#,FALSE
#,FALSE
#,FALSE
#,FALSE
contractor,FALSE
sponsor,FALSE
operator,TRUE
investor,FALSE
producer,FALSE
senior,FALSE
secondary,FALSE
corporate,FALSE
institutional,FALSE
annual,FALSE
periodic,FALSE
mandatory,FALSE
adjustment,FALSE
adjustment,FALSE
restriction,FALSE
provision,TRUE
eligibility,FALSE
approval,FALSE
residence,FALSE
purchase,TRUE
carry,TRUE
enrol,FALSE
future,TRUE
unchanged,FALSE
erase,FALSE
song,FALSE
lyric,FALSE
cd,FALSE
kind,TRUE
block,FALSE
box,TRUE
comprehensive,FALSE
mind,FALSE
addition,TRUE
operate,TRUE
qualify,TRUE
serve,TRUE
behave,FALSE
late,FALSE
foundation,FALSE
foundation,FALSE
institute,FALSE
maintain,TRUE
run,TRUE
manage,TRUE
support,TRUE
lead,TRUE
oversee,FALSE
cluster,FALSE
fleet,FALSE
pilot,FALSE
mobile,FALSE
logistic,FALSE
centre,TRUE
partnership,FALSE
site,TRUE
early,FALSE
transition,FALSE
stage,TRUE
season,FALSE
#,FALSE
descriptive,FALSE
measurement,FALSE
accuracy,FALSE
emphasis,FALSE
suffix,FALSE
term,TRUE
accent,FALSE
mean,TRUE
prefix,FALSE
ground,FALSE
permit,TRUE
enable,TRUE
effective,FALSE
backup,FALSE
replacement,FALSE
copy,TRUE
#,FALSE
download,FALSE
stream,FALSE
post,TRUE
#,FALSE
#,FALSE
mill,FALSE
discount,FALSE
profit,FALSE
return,TRUE
Non,FALSE
not,FALSE
loss,TRUE
yes,FALSE
return,FALSE
out,FALSE
sale,TRUE
share,TRUE
order,TRUE
mark,FALSE
purchase,TRUE
ticket,FALSE
point,FALSE
profit,TRUE
r,FALSE
Model,FALSE
directorate,FALSE
feature,FALSE
dynamic,FALSE
direction,FALSE
programmer,FALSE
incorporate,FALSE
load,TRUE
plug,FALSE
insert,FALSE
translate,FALSE
paragraph,FALSE
header,FALSE
bottom,FALSE
article,TRUE
choose,TRUE
stem,FALSE
depart,FALSE
inherit,FALSE
hand,TRUE
pass,TRUE
refer,TRUE
transmit,FALSE
consideration,FALSE
inspection,FALSE
disposal,FALSE
accept,TRUE
confirm,TRUE
receive,TRUE
publish,TRUE
issue,TRUE
treat,TRUE
deliver,TRUE
paperwork,FALSE
paper,TRUE
#,FALSE
answer,TRUE
move,TRUE
deposit,TRUE
register,FALSE
upcoming,FALSE
month,TRUE
week,TRUE
begin,TRUE
conclusion,FALSE
close,TRUE
open,TRUE
dawn,FALSE
early,FALSE
commencement,FALSE
middle,FALSE
episode,FALSE
arrive,FALSE
sit,TRUE
act,TRUE
revenue,TRUE
budget,TRUE
enforcement,FALSE
compensation,FALSE
SEC,FALSE
CA,FALSE
SA,FALSE
PA,FALSE
EPA,FALSE
NGO,FALSE
era,FALSE
ACC,FALSE
MAC,FALSE
MCA,FALSE
state,TRUE
behalf,FALSE
detection,FALSE
removal,FALSE
confirmation,FALSE
fake,FALSE
unique,FALSE
object,FALSE
caller,FALSE
clear,FALSE
warn,FALSE
short,FALSE
quick,FALSE
whether,FALSE
never,FALSE
refuse,TRUE
terminate,FALSE
kill,FALSE
rename,FALSE
dead,FALSE
lose,TRUE
forget,FALSE
amendment,TRUE
incentive,FALSE
likelihood,FALSE
probability,FALSE
extend,TRUE
maintain,TRUE
sustain,FALSE
fund,TRUE
conduct,TRUE
qualify,FALSE
#,FALSE
regulatory,FALSE
must,FALSE
shall,FALSE
may,FALSE
can,FALSE
remain,TRUE
stay,TRUE
remain,TRUE
become,TRUE
apply,TRUE
they,FALSE
here,FALSE
below,FALSE
weekly,FALSE
daily,FALSE
#,FALSE
#,FALSE
#,FALSE
#,FALSE
methodology,FALSE
philosophy,FALSE
constitution,FALSE
concentrate,FALSE
scientific,FALSE
vote,TRUE
count,TRUE
wait,TRUE
substitute,FALSE
arrange,FALSE
follow,FALSE
mark,TRUE
signal,FALSE
sensor,FALSE
instance,TRUE
second,FALSE
minute,FALSE
hour,TRUE
round,TRUE
cycle,FALSE
occur,TRUE
occur,TRUE
appear,TRUE
happen,FALSE
controller,FALSE
broadcast,FALSE
positive,FALSE
alert,FALSE
sequence,FALSE
hit,FALSE
de,FALSE
number,FALSE
number,TRUE
code,TRUE
randomly,FALSE
custom,FALSE
digitally,FALSE
uniquely,FALSE
#,FALSE
independent,FALSE
#,FALSE
combine,TRUE
program,TRUE
execute,TRUE
equip,FALSE
serial,FALSE
phone,FALSE
telephone,FALSE
route,FALSE
along,FALSE
tag,FALSE
protocol,FALSE
measure,TRUE
initiate,FALSE
key,TRUE
choice,TRUE
action,TRUE
press,TRUE
response,TRUE
like,FALSE
answer,FALSE
only,FALSE
say,TRUE
no,FALSE
yes,FALSE
nothing,FALSE
go,TRUE
again,FALSE
mouse,FALSE
try,TRUE
attempt,TRUE
start,TRUE
try,TRUE
begin,TRUE
attempt,TRUE
introduce,TRUE
unfamiliar,FALSE
expression,FALSE
button,FALSE
say,TRUE
reply,FALSE
write,TRUE
say,TRUE
enter,TRUE
vote,TRUE
declare,FALSE
want,TRUE
tell,FALSE
feel,FALSE
answer,TRUE
#,FALSE
objective,TRUE
aim,TRUE
intent,TRUE
idea,TRUE
survey,FALSE
limitation,FALSE
existence,FALSE
gps,FALSE
abs,FALSE
sms,FALSE
ms,FALSE
VC,FALSE
sm,FALSE
SV,FALSE
MV,FALSE
NFC,FALSE
LLC,FALSE
meeting,TRUE
conference,TRUE
session,FALSE
talk,FALSE
workshop,FALSE
seminar,FALSE
forum,FALSE
conversation,FALSE
debate,FALSE
conduct,TRUE
schedule,TRUE
convene,FALSE
occur,TRUE
hold,TRUE
28th,TRUE
30th,TRUE
27th,TRUE
25th,TRUE
26th,TRUE
29th,TRUE
24th,TRUE
21st,FALSE
19th,TRUE
22nd,FALSE
20th,TRUE
15th,TRUE
10th,TRUE
31st,TRUE
23rd,FALSE
11th,TRUE
automation,FALSE
intelligence,FALSE
mandate,FALSE
generation,FALSE
generation,FALSE
spread,FALSE
expand,TRUE
audience,FALSE
extent,FALSE
coordinator,FALSE
well,FALSE
fully,FALSE
quickly,FALSE
easily,FALSE
organize,FALSE
track,TRUE
train,TRUE
build,TRUE
onto,FALSE
around,FALSE
advantage,TRUE
criticism,FALSE
flaw,FALSE
weakness,FALSE
difference,TRUE
problem,TRUE
strength,FALSE
concern,FALSE
consequence,FALSE
approach,TRUE
yield,FALSE
aim,TRUE
adjust,FALSE
labor,FALSE
burden,FALSE
raise,TRUE
assure,FALSE
productivity,FALSE
practical,FALSE
real,FALSE
#,FALSE
#,FALSE
#,FALSE
#,FALSE
#,FALSE
#,FALSE
#,FALSE
#,FALSE
#,FALSE
#,FALSE
responsibility,TRUE
office,FALSE
authority,FALSE
look,TRUE
predict,FALSE
push,TRUE
adapt,FALSE
hope,TRUE
outcome,FALSE
improvement,FALSE
preserve,FALSE
theory,FALSE
demonstrate,FALSE
repeat,FALSE
study,TRUE
patent,TRUE
employ,FALSE
utilize,FALSE
1960,TRUE
mid,FALSE
60,FALSE
1950,FALSE
1970s,FALSE
nineteen,FALSE
twenty,FALSE
six,FALSE
forty,FALSE
1980s,FALSE
1940,FALSE
1965,FALSE
1975,FALSE
90,TRUE
80,TRUE
70,FALSE
2000,TRUE
era,FALSE
today,FALSE
2000,FALSE
#,FALSE
#,FALSE
#,FALSE
#,FALSE
#,FALSE
let,TRUE
help,TRUE
help,TRUE
help,TRUE
acquire,FALSE
trend,TRUE
price,TRUE
expense,FALSE
relate,TRUE
pertain,FALSE
prior,FALSE
lead,TRUE
relative,FALSE
unrelated,FALSE
distribution,TRUE
weight,FALSE
network,TRUE
purchase,TRUE
promotion,FALSE
buy,TRUE
postal,FALSE
identify,TRUE
#,FALSE
#,FALSE
#,FALSE
#,FALSE
bar,TRUE
label,TRUE
candidate,FALSE
select,TRUE
extract,TRUE
scan,FALSE
processor,FALSE
satellite,FALSE
talk,TRUE
virtual,FALSE
#,FALSE
bit,FALSE
piece,FALSE
act,TRUE
follow,TRUE
working,FALSE
agreement,TRUE
later,FALSE
immediately,FALSE
quarterly,FALSE
schedule,TRUE
cover,TRUE
express,FALSE
indicate,TRUE
rate,FALSE
book,FALSE
certificate,FALSE
paper,FALSE
schedule,FALSE
commissioner,FALSE
upon,FALSE
write,TRUE
circulation,FALSE
accounting,FALSE
tape,FALSE
integrate,TRUE
incorporate,TRUE
load,TRUE
put,TRUE
fit,TRUE
implement,TRUE
get,TRUE
bring,TRUE
transfer,TRUE
place,TRUE
issue,TRUE
multi,FALSE
p,FALSE
cross,FALSE
co,TRUE
counter,FALSE
pseudo,FALSE
plot,FALSE
power,TRUE
#,FALSE
sort,FALSE
agent,FALSE
guide,FALSE
assistant,FALSE
valuable,FALSE
dance,FALSE
man,FALSE
tie,FALSE
runner,FALSE
check,TRUE
review,TRUE
collect,TRUE
return,TRUE
examine,FALSE
compare,TRUE
make,TRUE
find,TRUE
count,TRUE
accept,TRUE
steal,FALSE
auction,FALSE
broker,FALSE
still,FALSE
sometimes,FALSE
whether,FALSE
unless,FALSE
ticket,FALSE
trace,FALSE
ship,FALSE
#,FALSE
#,FALSE
#,FALSE
#,FALSE
#,FALSE
water,FALSE
plant,FALSE
isolate,FALSE
referendum,FALSE
closing,FALSE
licence,FALSE
camera,FALSE
camera,FALSE
essence,FALSE
personality,FALSE
marketing,FALSE
operation,FALSE
responsibility,TRUE
regulator,FALSE
ceo,FALSE
regulate,FALSE
decide,TRUE
govern,FALSE
bid,FALSE
#,FALSE
#,FALSE
#,FALSE
#,FALSE
#,FALSE
#,FALSE
laboratory,FALSE
clinical,FALSE
see,TRUE
namely,FALSE
test,TRUE
result,TRUE
dna,FALSE
surgery,FALSE
CT,FALSE
drug,FALSE
blood,FALSE
physical,FALSE
experimental,FALSE
drive,TRUE
field,FALSE
mental,FALSE
scientific,FALSE
psychological,FALSE
#,FALSE
#,FALSE
#,FALSE
#,FALSE
#,FALSE
#,FALSE
#,FALSE
#,FALSE
interview,FALSE
therapy,FALSE
survey,FALSE
substance,FALSE
simply,FALSE
declare,FALSE
actually,FALSE
visit,TRUE
tour,FALSE
admission,FALSE
recommendation,FALSE
ward,FALSE
select,FALSE
once,FALSE
since,FALSE
whenever,FALSE
after,FALSE
unless,FALSE
because,FALSE
while,FALSE
should,FALSE
Wikipedia,FALSE
summarize,FALSE
age,TRUE
period,TRUE
day,TRUE
adoption,FALSE
sign,TRUE
nomination,FALSE
tear,TRUE
cut,TRUE
rip,FALSE
tear,TRUE
rip,FALSE
fall,FALSE
tear,TRUE
fold,FALSE
fall,TRUE
tear,TRUE
roll,FALSE
end,TRUE
half,TRUE
strip,FALSE
side,TRUE
par,FALSE
large,FALSE
break,TRUE
pop,FALSE
kick,FALSE
knock,FALSE
diver,FALSE
entrance,FALSE
float,FALSE
letter,FALSE
description,TRUE
flash,FALSE
presentation,FALSE
pdf,FALSE
cast,FALSE
illegal,FALSE
regard,TRUE
comparison,FALSE
contrary,FALSE
amendment,FALSE
slip,FALSE
lodge,FALSE
arrangement,TRUE
Kerala,FALSE
home,FALSE
Delhi,FALSE
Chennai,FALSE
central,FALSE
forward,FALSE
send,TRUE
agency,FALSE
financing,FALSE
salary,TRUE
youth,FALSE
man,FALSE
inhabitant,FALSE
girl,FALSE
youth,FALSE
male,FALSE
female,FALSE
valley,FALSE
mountain,FALSE
forest,FALSE
province,FALSE
valley,FALSE
tribe,FALSE
far,FALSE
other,FALSE
various,FALSE
several,FALSE
both,FALSE
#,FALSE
#,FALSE
extraction,FALSE
density,FALSE
basis,TRUE
log,FALSE
#,FALSE
#,FALSE
#,FALSE
#,FALSE
#,FALSE
#,FALSE
poor,FALSE
string,FALSE
much,FALSE
port,FALSE
many,FALSE
certain,FALSE
select,TRUE
create,TRUE
introduce,TRUE
become,TRUE
instal,TRUE
acquire,TRUE
choose,TRUE
hire,FALSE
add,TRUE
establish,TRUE
song,FALSE
track,TRUE
sound,FALSE
vocal,FALSE
manufacture,FALSE
advertising,TRUE
inventory,FALSE
branding,FALSE
pr,FALSE
consulting,FALSE
tier,FALSE
direction,FALSE
intervention,FALSE
cure,FALSE
s,FALSE
es,FALSE
PT,FALSE
ing,FALSE
terminate,FALSE
stop,TRUE
commence,FALSE
happen,TRUE
centre,TRUE
terminal,FALSE
−,FALSE
else,FALSE
pharmacy,FALSE
line,FALSE
grade,FALSE
charity,FALSE
trust,FALSE
firm,FALSE
trust,FALSE
conduct,TRUE
run,TRUE
organize,FALSE
create,TRUE
behaviour,FALSE
communication,FALSE
behavioral,FALSE
strategic,FALSE
awareness,FALSE
literacy,FALSE
channel,FALSE
hub,FALSE
forum,FALSE
workshop,FALSE
educate,FALSE
advocate,FALSE
highlight,FALSE
teach,FALSE
think,TRUE
debate,FALSE
complain,FALSE
chat,FALSE
warn,TRUE
brand,TRUE
technology,TRUE
deploy,FALSE
utilize,FALSE
contact,TRUE
touch,FALSE
human,FALSE
touch,FALSE
live,TRUE
salesman,FALSE
retailer,FALSE
domain,FALSE
producer,FALSE
tendency,FALSE
front,FALSE
logo,FALSE
directory,FALSE
leave,TRUE
touch,FALSE
reach,TRUE
see,TRUE
change,TRUE
affect,FALSE
disturb,FALSE
search,TRUE
hit,FALSE
title,TRUE
publication,FALSE
book,TRUE
application,FALSE
state,FALSE
#,FALSE
#,FALSE
of,FALSE
change,TRUE
intervention,FALSE
tackle,FALSE
combat,FALSE
fight,FALSE
alleviate,FALSE
global,FALSE
optimization,FALSE
impact,TRUE
hazard,FALSE
topic,FALSE
threat,TRUE
situation,TRUE
#,FALSE
se,FALSE
#,FALSE
#,FALSE
#,FALSE
across,FALSE
almost,FALSE
rule,TRUE
hour,TRUE
theme,FALSE
spelling,FALSE
own,TRUE
develop,TRUE
establish,TRUE
produce,TRUE
implement,TRUE
direct,TRUE
reward,FALSE
administer,FALSE
distribute,TRUE
remain,TRUE
vaccine,FALSE
spectrum,FALSE
couple,FALSE
rate,TRUE
average,FALSE
rank,TRUE
recommend,FALSE
binary,FALSE
code,TRUE
symbol,FALSE
rank,TRUE
doctor,FALSE
episode,FALSE
doctor,TRUE
appoint,FALSE
recruit,FALSE
explanation,TRUE
permission,FALSE
disclosure,FALSE
permit,TRUE
pick,FALSE
calculate,TRUE
consider,TRUE
eliminate,FALSE
know,TRUE
correctly,FALSE
rank,FALSE
fill,TRUE
host,FALSE
#,FALSE
slot,FALSE
outlet,FALSE
premise,FALSE
order,TRUE
sell,TRUE
etc,FALSE
finally,FALSE
desk,FALSE
†,FALSE
acceptance,FALSE
certification,FALSE
renewal,FALSE
exam,FALSE
rest,FALSE
satisfaction,FALSE
hook,FALSE
waste,FALSE
container,FALSE
cloud,FALSE
underground,FALSE
result,TRUE
#,FALSE
grain,FALSE
efficiently,FALSE
effectively,FALSE
completely,FALSE
properly,FALSE
continuously,FALSE
access,TRUE
#,FALSE
freedom,FALSE
leaf,FALSE
noun,FALSE
variant,FALSE
#,FALSE
#,FALSE
diagnose,FALSE
label,TRUE
cause,TRUE
disease,TRUE
error,TRUE
trial,TRUE
infection,FALSE
symptom,TRUE
incident,FALSE
circumstance,FALSE
finding,FALSE
similarly,FALSE
compare,TRUE
severity,FALSE
inappropriate,FALSE
significant,FALSE
severe,FALSE
abnormal,FALSE
adverse,FALSE
structural,FALSE
systematic,FALSE
statistical,FALSE
bias,FALSE
code,TRUE
correction,FALSE
experimental,FALSE
preliminary,FALSE
2012,FALSE
estimate,TRUE
project,TRUE
assume,TRUE
think,TRUE
plant,FALSE
locomotive,FALSE
bus,FALSE
computer,TRUE
v,FALSE
f,FALSE
20,FALSE
upgrade,TRUE
grow,TRUE
accommodate,FALSE
technological,FALSE
score,FALSE
what,FALSE
talk,TRUE
how,FALSE
note,TRUE
talk,TRUE
degree,FALSE
degree,FALSE
source,TRUE
shorten,FALSE
translation,FALSE
abbreviation,FALSE
descend,FALSE
abbreviate,FALSE
translate,FALSE
borrow,FALSE
distinct,FALSE
reach,TRUE
consult,FALSE
direction,FALSE
material,TRUE
administrative,FALSE
birth,FALSE
file,FALSE
death,FALSE
last,FALSE
call,FALSE
issue,TRUE
list,TRUE
currently,FALSE
locate,TRUE
village,FALSE
wake,FALSE
introduction,TRUE
evidence,TRUE
performance,TRUE
investigation,FALSE
mode,FALSE
dial,FALSE
#,FALSE
be,FALSE
pay,TRUE
price,FALSE
#,FALSE
#,FALSE
eligible,FALSE
want,TRUE
find,TRUE
know,TRUE
descend,FALSE
evolve,FALSE
injection,FALSE
discontinue,FALSE
#,FALSE
#,FALSE
#,FALSE
#,FALSE
#,FALSE
#,FALSE
ask,TRUE
writer,FALSE
reader,FALSE
conversation,FALSE
story,TRUE
discussion,FALSE
we,FALSE
you,FALSE
printer,FALSE
coach,FALSE
corner,FALSE
mayor,FALSE
clerk,FALSE
treasurer,FALSE
restaurant,FALSE
farmer,FALSE
title,TRUE
name,TRUE
capital,FALSE
departure,FALSE
retirement,FALSE
authorization,FALSE
half,TRUE
long,FALSE
occasional,FALSE
update,TRUE
average,FALSE
show,TRUE
detail,TRUE
describe,TRUE
regard,TRUE
respective,FALSE
demographic,FALSE
frame,FALSE
frame,FALSE
#,FALSE
scale,TRUE
ahead,FALSE
span,FALSE
early,FALSE
recently,FALSE
reference,TRUE
factor,TRUE
respectively,FALSE
#,FALSE
#,FALSE
#,FALSE
historical,FALSE
useful,FALSE
helpful,FALSE
sufficient,FALSE
transportation,FALSE
surveillance,FALSE
navigation,FALSE
record,TRUE
net,FALSE
operate,TRUE
market,TRUE
link,TRUE
distribution,TRUE
buy,FALSE
#,FALSE
same,FALSE
figure,FALSE
pricing,FALSE
organisation,FALSE
handbook,FALSE
association,FALSE
Journal,FALSE
Encyclopedia,FALSE
economic,FALSE
principle,FALSE
evolution,FALSE
Institute,FALSE
computer,FALSE
online,FALSE
land,FALSE
ocean,FALSE
Spirit,FALSE
Band,FALSE
air,FALSE
hear,FALSE
direct,FALSE
audio,FALSE
direct,FALSE
ion,FALSE
sound,FALSE
AI,FALSE
compute,FALSE
architecture,FALSE
mba,FALSE
computing,FALSE
learn,FALSE
accounting,FALSE
#,FALSE
seed,FALSE
limit,FALSE
without,FALSE
slip,FALSE
pocket,FALSE
pad,FALSE
seat,FALSE
slide,FALSE
gate,FALSE
ring,FALSE
hole,FALSE
bottle,FALSE
room,FALSE
drawer,FALSE
stamp,FALSE
topping,FALSE
portion,FALSE
year,FALSE
album,FALSE
EP,FALSE
song,FALSE
yet,FALSE
yet,FALSE
player,FALSE
user,TRUE
team,TRUE
anyone,FALSE
coefficient,FALSE
square,FALSE
numerical,FALSE
edition,FALSE
variant,FALSE
react,FALSE
terminology,FALSE
initial,FALSE
total,FALSE
#,FALSE
#,FALSE
#,FALSE
#,FALSE
#,FALSE
#,FALSE
#,FALSE
differ,TRUE
lot,FALSE
annual,FALSE
japanese,FALSE
pressure,FALSE
#,FALSE
mix,TRUE
its,FALSE
claim,TRUE
assertion,FALSE
dispute,FALSE
#,FALSE
#,FALSE
#,FALSE
#,FALSE
#,FALSE
declaration,FALSE
accusation,FALSE
assert,FALSE
allege,FALSE
lie,FALSE
decline,FALSE
asset,TRUE
leave,TRUE
situate,FALSE
container,FALSE
relocate,FALSE
robot,FALSE
athlete,FALSE
drive,TRUE
mechanical,FALSE
cognitive,FALSE
modification,FALSE
calculation,FALSE
step,TRUE
minute,FALSE
undertake,FALSE
packaging,FALSE
recipe,FALSE
time,TRUE
truck,FALSE
monetary,FALSE
bonus,FALSE
convince,FALSE
job,TRUE
fairly,FALSE
relatively,FALSE
rather,FALSE
quite,FALSE
earn,FALSE
saving,FALSE
India,FALSE
conclusion,FALSE
km,FALSE
mw,FALSE
percent,FALSE
instance,TRUE
pile,FALSE
but,FALSE
so,FALSE
to,FALSE
re,FALSE
reason,FALSE
justification,FALSE
cause,FALSE
case,TRUE
question,FALSE
bit,TRUE
p,FALSE
Cal,FALSE
post,FALSE
com,FALSE
collaborate,FALSE
op,FALSE
dot,FALSE
interpreter,FALSE
stack,FALSE
d,FALSE
opposite,FALSE
#,FALSE
impose,TRUE
mistake,FALSE
sea,FALSE
qualification,FALSE
assignment,FALSE
initiation,FALSE
foreigner,FALSE
gross,FALSE
expense,TRUE
collector,TRUE
collection,TRUE
collector,FALSE
collection,FALSE
gather,TRUE
collector,FALSE
#,FALSE
bill,TRUE
#,FALSE
#,FALSE
settle,FALSE
#,FALSE
penalty,FALSE
#,FALSE
#,FALSE
reduction,FALSE
land,FALSE
deposit,FALSE
none,FALSE
consolidated,FALSE
plead,FALSE
booklet,FALSE
give,TRUE
contain,TRUE
give,TRUE
outstanding,FALSE
Crown,FALSE
Treasury,FALSE
prove,TRUE
expose,FALSE
acknowledge,FALSE
effect,TRUE
incidence,FALSE
occurrence,FALSE
gap,FALSE
delay,FALSE
uncertainty,FALSE
defect,FALSE
variation,FALSE
business,TRUE
telecommunication,FALSE
debt,FALSE
#,FALSE
recover,FALSE
destination,FALSE
#,FALSE
injury,FALSE
require,TRUE
seek,TRUE
close,FALSE
two,FALSE
three,FALSE
four,FALSE
play,TRUE
examine,TRUE
load,TRUE
feed,FALSE
upload,FALSE
convert,FALSE
#,FALSE
#,FALSE
default,FALSE
Walkover,FALSE
incumbent,FALSE
spell,FALSE
lay,FALSE
roll,TRUE
fill,FALSE
style,TRUE
#,FALSE
#,FALSE
wound,FALSE
estimate,TRUE
age,TRUE
sex,TRUE
nationality,FALSE
sex,TRUE
ethnicity,FALSE
chapter,FALSE
Vol,FALSE
specialist,FALSE
enable,TRUE
catch,FALSE
stand,TRUE
tune,FALSE
head,TRUE
sensor,FALSE
placement,FALSE
sponsor,FALSE
roster,FALSE
league,FALSE
tv,FALSE
view,TRUE
concern,FALSE
#,FALSE
Chart,FALSE
#,FALSE
staff,FALSE
report,FALSE
brief,FALSE
account,TRUE
search,TRUE
ask,TRUE
care,TRUE
trade,TRUE
look,TRUE
seek,TRUE
deal,TRUE
bag,FALSE
security,TRUE
number,TRUE
form,TRUE
reserve,FALSE
address,TRUE
stand,TRUE
patron,FALSE
proprietor,FALSE
landlord,FALSE
column,FALSE
row,TRUE
investor,FALSE
hire,FALSE
prefer,FALSE
optimal,FALSE
God,FALSE
Ireland,FALSE
natural,FALSE
from,FALSE
apply,TRUE
gauge,FALSE
fraud,FALSE
investigate,FALSE
perform,TRUE
generate,TRUE
produce,TRUE
million,FALSE
thousand,FALSE
hundred,FALSE
consecutive,FALSE
billion,FALSE
dozen,FALSE
#,FALSE
#,FALSE
act,TRUE
allegation,FALSE
activation,FALSE
name,TRUE
discovery,FALSE
announce,TRUE
precision,FALSE
temperature,FALSE
voltage,FALSE
tech,FALSE
barrier,FALSE
prevention,TRUE
#,FALSE
#,FALSE
#,FALSE
monument,FALSE
museum,FALSE
battery,FALSE
activate,FALSE
retain,TRUE
disable,FALSE
inactive,FALSE
inactivate,FALSE
damage,TRUE
block,TRUE
#,FALSE
digit,TRUE
hold,TRUE
enough,FALSE
bid,FALSE
processor,FALSE
lend,FALSE
consumer,TRUE
buyer,FALSE
farmer,FALSE
retailer,FALSE
hide,FALSE
proper,FALSE
bad,FALSE
away,FALSE
bag,FALSE
witness,FALSE
stamp,FALSE
bed,FALSE
toilet,FALSE
#,FALSE
support,FALSE
generally,FALSE
frequently,FALSE
widely,FALSE
primarily,FALSE
distinguish,FALSE
corporation,FALSE
unable,FALSE
willing,FALSE
look,TRUE
seek,TRUE
authorize,FALSE
unwilling,FALSE
force,TRUE
merchandise,FALSE
shipment,FALSE
baseball,FALSE
football,FALSE
basketball,FALSE
sport,FALSE
athletic,FALSE
golf,FALSE
hockey,FALSE
soccer,FALSE
farm,FALSE
pitch,FALSE
pro,FALSE
full,FALSE
officer,FALSE
Knight,FALSE
senior,FALSE
certify,FALSE
practitioner,TRUE
attorney,FALSE
repeat,FALSE
reverse,FALSE
repeal,FALSE
restore,FALSE
cancel,FALSE
allmusic,FALSE
metacritic,FALSE
oclc,FALSE
commercially,FALSE
previously,FALSE
license,FALSE
driver,TRUE
focus,TRUE
vary,TRUE
range,TRUE
range,TRUE
switch,FALSE
facebook,FALSE
Twitter,FALSE
Yahoo,FALSE
medicine,TRUE
estimate,TRUE
drop,TRUE
go,TRUE
fall,TRUE
drop,TRUE
die,TRUE
#,FALSE
formulation,FALSE
sic,FALSE
protection,FALSE
originally,FALSE
2017,FALSE
2018,FALSE
2016,FALSE
2013,FALSE
2015,FALSE
2014,FALSE
approximate,FALSE
2011,FALSE
2010,FALSE
2009,FALSE
2019,FALSE
2006,FALSE
2007,FALSE
threshold,FALSE
derive,TRUE
remove,TRUE
separate,TRUE
inherit,FALSE
lab,FALSE
devote,FALSE
concentrate,FALSE
energy,FALSE
expertise,FALSE
involvement,FALSE
define,TRUE
execute,TRUE
solve,FALSE
construct,FALSE
prepare,TRUE
graph,FALSE
usable,FALSE
road,FALSE
traffic,FALSE
investigate,FALSE
assess,TRUE
defend,FALSE
reject,FALSE
dismiss,FALSE
platform,TRUE
occasion,FALSE
node,FALSE
domain,FALSE
subject,TRUE
transmission,FALSE
conversion,FALSE
statistic,FALSE
classification,TRUE
prevention,FALSE
reality,FALSE
#,FALSE
difficulty,FALSE
qualification,FALSE
accredit,FALSE
conference,FALSE
decision,TRUE
programme,FALSE
workshop,FALSE
study,FALSE
draft,FALSE
№,FALSE
phase,TRUE
panel,FALSE
11,FALSE
12,FALSE
14,FALSE
15,FALSE
13,FALSE
17,FALSE
19,FALSE
18,FALSE
21,FALSE
30,FALSE
publish,TRUE
commission,TRUE
sponsor,FALSE
prescription,FALSE
alcohol,FALSE
incur,FALSE
essential,FALSE
render,FALSE
afford,FALSE
#,FALSE
lever,FALSE
#,FALSE
restore,FALSE
draw,FALSE
draw,FALSE
wine,FALSE
drink,FALSE
medicine,TRUE
consumption,FALSE
convenience,FALSE
pleasure,FALSE
welfare,FALSE
elderly,FALSE
decease,FALSE
injure,FALSE
hour,TRUE
math,FALSE
shot,FALSE
edit,FALSE
donation,FALSE
notion,FALSE
hierarchy,FALSE
layer,FALSE
sample,FALSE
order,TRUE
underlie,FALSE
need,TRUE
joy,FALSE
fear,FALSE
help,TRUE
promise,FALSE
want,TRUE
experience,TRUE
life,FALSE
recovery,FALSE
cure,FALSE
suggestion,FALSE
heart,FALSE
heart,FALSE
activate,FALSE
apply,TRUE
wear,FALSE
read,TRUE
carry,FALSE
#,FALSE
#,FALSE
fact,TRUE
everything,FALSE
absent,FALSE
clean,FALSE
patch,FALSE
interview,FALSE
#,FALSE
damage,FALSE
specimen,FALSE
qualified,FALSE
county,FALSE
judge,TRUE
jury,FALSE
college,FALSE
usual,FALSE
wait,FALSE
assignment,FALSE
coordinator,FALSE
expert,FALSE
credential,FALSE
station,FALSE
convert,FALSE
prevalence,FALSE
digit,TRUE
sign,TRUE
Fed,FALSE
pick,FALSE
stand,TRUE
beat,FALSE
proceed,FALSE
publisher,FALSE
challenge,FALSE
desire,FALSE
failure,TRUE
proportion,FALSE
fuel,FALSE
defend,TRUE
must,FALSE
store,TRUE
company,TRUE
always,FALSE
partial,FALSE
calendar,FALSE
feature,TRUE
manufacture,TRUE
occupation,FALSE
send,TRUE
present,TRUE
pass,TRUE
transmit,FALSE
link,TRUE
connect,FALSE
secretary,FALSE