time, True
point, False
stage, False
moment, False
date, False
level, True
period, False
rate, False
site, False
hour, False
day, True
address, False
station, False
time, True
meet, False
information, True
datum, False
documentation, False
evidence, False
material, False
work, True
detail, True
research, True
knowledge, False
analysis, False
description, True
text, True
coverage, False
list, True
history, False
maintain, False
modify, False
update, False
replace, False
understand, False
preserve, False
protect, False
manage, False
use, False
integrate, False
retain, False
implement, False
verify, False
support, True
interpret, False
semantic, False
the, False
#, False
xml, False
language, False
document, True
database, True
language, False
terminology, False
concept, False
term, True
system, True
content, False
vocabulary, False
word, False
associate, False
relate, False
new, False
underlie, False
relevant, False
correspond, False
exist, False
database, False
#, False
tag, False
feature, False
element, False
component, True
resource, True
detail, True
domain, False
#, False
marker, False
datum, False
available, False
download, False
derive, False
take, True
source, False
separate, False
accessible, False
retrieve, False
free, False
extract, False
obtain, False
remove, False
apart, False
user, True
developer, False
researcher, False
company, False
server, True
programmer, False
project, False
program, False
team, False
vendor, False
system, True
designer, False
study, False
client, False
use, False
need, False
create, False
enter, False
require, True
provide, True
run, False
request, False
utilize, False
use, False
choose, False
want, False
open, False
tag, False
product, False
device, False
network, True
solution, False
process, True
resource, True
pattern, False
technology, True
method, True
chip, False
way, True
find, False
create, False
determine, False
establish, True
identify, True
provide, True
develop, False
generate, True
select, False
define, True
obtain, False
produce, True
specify, True
discover, False
build, False
registry, True
common, False
storage, False
file, False
unique, False
memory, False
specific, False
suitable, False
particular, False
stable, False
logical, False
#, False
use, False
code, True
#, False
#, False
line, False
application, True
number, True
#, False
#, False
item, True
inclusion, False
usage, False
placement, False
user, True
registration, False
participate, False
integration, False
change, True
adoption, False
way, True
country, False
location, False
instance, True
vendor, False
service, True
state, False
jurisdiction, False
category, False
device, False
store, False
display, False
contain, True
share, False
exchange, False
include, True
collect, False
return, False
access, True
release, False
value, True
result, True
message, True
value, True
image, False
item, True
name, False
accord, True
prior, False
back, False
subject, False
due, False
similar, False
relative, False
directly, False
pertain, False
service, True
standard, True
specification, True
interface, True
function, True
design, False
author, False
administrator, False
court, False
applicant, False
authority, False
author, False
editor, False
software, True
provider, False
search, True
decide, False
choose, False
debate, False
consider, False
question, True
know, False
pick, False
discuss, False
switch, False
change, True
indicate, True
decision, False
apply, True
stand, False
substitute, False
pay, False
ask, False
look, False
register, False
account, False
write, False
vote, False
qualify, False
advocate, False
word, False
term, True
link, True
name, False
variable, False
element, False
context, False
scope, False
definition, True
mean, True
domain, False
sense, False
range, False
boundary, False
framework, False
parameter, True
web, True
web, True
internet, True
virtual, False
type, True
source, False
provide, True
section, False
website, False
location, False
library, False
find, False
set, False
make, False
select, False
compare, False
make, False
calculate, False
relationship, True
difference, False
difference, False
relation, False
compatibility, False
similarity, False
relation, False
consistency, False
similarity, False
relationship, True
link, True
connection, False
assign, False
set, True
give, False
get, False
#, False
#, False
#, False
identification, False
signature, False
#, False
#, False
respond, False
proceed, False
submit, False
agree, False
refer, False
contribute, False
commit, False
progress, False
lead, False
conform, False
object, True
advance, False
every, False
another, False
model, True
hierarchy, False
paradigm, False
world, False
view, True
realm, False
approach, False
category, False
find, False
define, True
store, False
attribute, True
describe, True
include, True
represent, False
contain, True
object, True
locate, False
embed, False
specify, True
express, False
group, True
entity, True
structure, False
organization, False
entity, True
document, True
concept, False
size, False
format, True
structure, False
member, False
part, True
part, True
representation, False
consist, False
constituent, False
representation, False
representative, False
type, True
copy, False
example, True
table, False
table, False
array, False
index, False
page, True
tree, False
column, False
graph, False
involve, False
name, False
create, False
identify, True
meta, False
self, False
pre, False
auto, False
co, False
image, False
form, False
space, False
i, False
class, False
attribute, True
abstract, False
group, True
optional, False
matrix, False
variable, False
row, False
column, False
node, False
list, True
dynamic, False
social, False
business, True
model, True
management, True
file, False
class, False
2008, False
2000, False
2010, False
2016, False
1996, False
2002, False
2007, False
2012, False
2013, False
2005, False
2015, False
2009, False
2011, False
define, True
use, False
use, False
consider, False
define, True
give, False
establish, True
provide, True
name, False
formal, False
conceptual, False
generic, False
reference, False
character, False
convention, False
scheme, False
mechanism, False
rule, True
code, False
#, False
describe, True
reflect, False
explain, True
represent, False
explore, False
show, False
map, False
existence, False
purpose, True
nature, False
significance, False
origin, False
presence, False
role, True
identity, False
importance, False
relevance, False
connection, False
resemblance, False
proximity, False
code, True
number, True
prefix, False
global, False
designation, False
convention, False
rule, True
protocol, True
sequence, False
compute, False
international, False
operate, False
address, False
organizational, False
mechanism, False
standard, True
pattern, False
scheme, False
practice, False
symbol, False
propose, True
outline, False
implement, False
establish, True
present, False
introduce, False
list, True
compiler, False
dictionary, False
template, False
translator, False
publisher, False
organisation, False
institution, False
agency, False
enterprise, False
agent, False
individual, False
association, True
industry, True
event, False
prepare, False
generate, True
produce, True
develop, False
manage, False
store, False
process, True
collect, False
design, False
set, True
monitor, False
input, False
entry, False
publication, False
classification, False
insertion, False
incorporation, False
processing, True
creation, False
instance, True
development, False
information, False
open, False
iso, False
application, False
oracle, False
it, False
australian, False
International, False
identity, False
Encyclopedia, False
online, False
access, False
enterprise, False
purpose, True
goal, True
sake, False
aim, False
objective, False
task, False
benefit, False
mission, False
reason, True
aim, False
effect, False
goal, True
achieve, False
obtain, False
ensure, False
create, False
gain, False
reach, False
establish, True
allow, True
maintain, False
determine, False
develop, False
give, False
accuracy, False
integrity, False
diversity, False
validity, False
flexibility, False
quality, False
security, True
stability, False
transparency, False
resolution, False
message, True
statement, False
appear, False
occur, False
exist, False
appear, False
reside, False
happen, False
fit, False
appear, False
lie, False
present, False
come, True
fall, False
belong, False
form, False
electronic, False
external, False
original, False
official, False
, False
life, False
#, False
estate, False
reality, False
scale, False
place, True
war, False
situation, False
earth, False
wartime, False
mode, False
environment, True
computer, True
simulation, False
capability, True
scenario, False
unit, False
medium, False
machine, False
adapt, False
evolve, False
perform, False
deploy, False
transition, False
occur, False
correspond, False
react, False
come, True
vary, False
high, False
different, False
various, False
extreme, False
differ, False
certain, False
appropriate, False
high, False
critical, False
multiple, False
level, True
degree, False
condition, False
requirement, True
degree, False
amount, False
measure, False
stage, False
rate, False
height, False
period, False
sensitivity, True
vulnerability, False
attention, False
complexity, False
success, False
exposure, False
effectiveness, False
urgency, False
precision, False
response, False
severity, False
disruption, False
operational, False
spectrum, False
force, False
blow, False
active, False
capacity, False
operation, True
challenge, False
task, False
scenario, False
threat, False
situation, False
activity, False
problem, False
objective, False
event, False
action, False
application, True
strategic, False
environmental, False
disaster, False
emergency, False
battle, False
conflict, False
spatial, False
crisis, False
regional, False
evacuation, False
tactical, False
relief, False
plan, False
recovery, True
response, False
intervention, False
zone, False
prevention, False
investigation, False
help, False
aid, False
assistance, False
addition, True
advantage, False
cooperation, False
exception, False
fuel, False
energy, False
equipment, False
power, False
asset, False
water, False
material, False
waste, False
medium, False
air, False
source, False
format, True
channel, True
technology, True
center, False
point, False
network, True
stream, False
layer, True
basis, True
method, True
technique, True
protocol, True
algorithm, False
interface, True
communication, True
communication, True
monitor, False
engineering, False
report, False
analytical, False
mapping, False
technical, False
control, True
logistic, False
track, False
agent, False
risk, False
share, False
transfer, False
protection, False
acquisition, False
collection, False
transmission, False
possible, False
assume, False
likely, False
expect, False
important, False
desirable, False
unlikely, False
useful, False
argue, False
suggest, True
necessary, False
hope, False
well, False
person, False
reader, False
judge, False
writer, False
child, False
test, False
label, True
see, True
treat, False
regard, False
recognize, False
accept, False
take, True
individual, False
people, False
person, False
noun, False
character, False
child, False
specie, False
other, True
certification, False
performance, True
qualification, True
competitive, False
write, False
entrance, False
admission, False
field, True
acceptance, False
testing, False
test, False
step, True
program, False
procedure, False
evaluation, False
compliance, True
license, False
license, False
#, False
#, False
these, False
its, False
those, False
all, False
design, False
such, False
their, False
technical, False
additional, False
this, False
software, True
product, False
composition, False
status, True
role, True
readiness, False
availability, False
personnel, False
#, False
selection, False
meet, False
determine, False
fulfil, False
satisfy, False
approve, True
perform, False
make, False
review, False
consider, False
address, False
understand, False
configuration, True
capability, True
characteristic, True
state, False
specification, True
country, False
region, False
area, False
#, False
#, False
platform, False
#, False
#, False
#, False
#, False
#, False
#, False
#, False
require, True
assign, False
tag, False
Database, False
event, False
file, False
security, True
resource, True
service, True
program, False
content, False
#, False
type, False
flow, False
#, False
grade, False
display, False
sensor, False
recognition, False
include, True
have, False
with, False
include, True
have, False
offer, False
include, True
contain, True
feature, False
ability, False
opportunity, False
option, True
mean, True
possibility, False
facility, False
right, False
tool, False
tool, False
track, False
record, False
monitor, False
feature, False
#, False
product, False
function, True
d, False
c, False
s, False
b, False
10, False
cd, False
a, False
t, False
p, False
indicate, True
both, False
criterion, False
module, False
develop, False
publish, False
complete, False
release, False
update, False
finalize, False
produce, True
add, False
prepare, False
do, False
design, False
evaluate, False
implementation, False
initial, False
final, False
construction, False
deployment, False
assembly, False
maintenance, True
phase, False
phase, False
cycle, False
step, True
#, False
acquire, False
organize, False
gather, False
review, False
utilize, False
distribute, True
analyze, False
additional, False
gather, False
generate, True
place, True
seek, False
for, False
offer, False
request, False
aid, False
essential, False
interest, True
advance, False
result, True
production, False
understand, False
preservation, False
interpretation, False
distribution, False
retention, False
java, False
pdf, False
basis, True
guide, False
base, True
manage, False
identify, True
analyze, False
generate, True
describe, True
digital, False
statistical, False
definition, True
request, False
report, False
transaction, True
component, True
initiate, True
acquire, False
purchase, False
request, False
copy, False
execute, False
reject, True
detect, False
accept, False
modify, False
enter, False
delete, False
copy, False
discard, False
backup, False
process, True
batch, False
stack, False
recall, False
modification, False
forward, False
removal, False
revision, False
distribute, True
manage, False
return, False
transfer, False
receive, True
swap, False
load, False
reject, True
repeat, False
roll, False
reverse, False
fail, False
merge, False
default, False
side, False
instead, False
party, False
owner, False
owner, False
portion, False
side, False
key, False
two, False
many, False
center, False
two, False
three, False
some, False
five, False
four, False
team, False
player, False
squad, False
member, False
candidate, False
roster, False
team, False
player, False
member, False
squad, False
staff, False
statistic, False
decision, False
report, False
calculation, False
conclusion, False
recommendation, False
give, False
show, False
indicate, True
state, False
note, False
detail, False
explain, True
present, False
illustrate, False
schedule, False
table, False
figure, False
article, False
paragraph, False
FIFA, False
chapter, False
article, False
step, True
part, True
formula, False
ligue, False
figure, False
#, False
#, False
#, False
#, False
#, False
version, False
region, False
area, False
station, False
market, False
destination, False
the, False
no, False
in, False
one, False
and, False
an, False
of, False
vi, False
you, False
on, False
chapter, False
to, False
if, False
#, False
рее, False
forum, False
execute, False
handle, False
approve, True
detect, False
enable, True
coordinate, False
entry, False
transaction, True
record, False
plan, False
address, False
plan, False
build, False
policy, False
contract, False
GO, True
who, False
LA, False
#, False
#, False
#, False
support, True
connect, False
implement, False
allow, True
make, False
operate, False
reference, False
addition, True
contribution, False
contributor, False
modification, False
title, False
extension, False
work, True
section, False
award, False
source, False
performance, True
good, False
award, False
class, False
and, False
see, True
also, False
note, False
in, False
include, True
contain, True
follow, True
three, False
four, False
basic, False
main, False
follow, False
five, False
element, False
file, False
block, False
section, False
level, True
rule, True
number, True
page, True
form, False
title, False
track, False
outline, False
describe, True
cover, False
determine, False
explain, True
minimum, False
eligibility, False
current, False
training, False
statutory, False
syntax, False
layout, False
font, False
output, False
interactive, False
entire, False
actual, False
example, True
or, False
general, False
simple, False
calculation, False
scheduling, False
programming, False
procedure, False
check, False
operation, True
assessment, False
exam, False
carry, True
work, True
carry, True
act, False
bear, False
rule, True
fill, False
roll, False
hand, False
play, False
carry, True
lay, False
one, False
combination, False
completion, False
controller, False
module, False
cpu, False
processor, False
f, False
o, False
e, False
r, False
v, False
w, False
variant, False
sort, False
subset, False
equivalent, False
respective, False
#, False
be, False
#, False
as, False
#, False
#, False
release, False
support, True
editing, False
write, False
read, False
read, False
from, False
control, True
support, True
character, False
key, False
system, False
network, False
content, False
directory, False
layer, True
header, False
command, False
folder, False
box, False
mesh, False
node, False
string, False
diagram, False
window, False
kind, False
version, False
encode, False
presentation, False
proposal, True
submission, True
paper, False
read, False
case, False
respect, False
lieu, False
case, False
light, False
charge, False
conduct, False
absence, False
manufacture, False
industrial, False
project, False
programme, False
course, False
plant, False
factory, False
mining, False
gather, False
handle, False
allow, True
cater, False
call, False
operate, False
serve, False
exist, False
functionality, True
benefit, False
need, False
feasible, False
desire, False
classroom, False
train, False
learn, False
military, False
work, True
professional, False
control, True
workplace, False
combat, False
laboratory, False
version, False
mode, False
python, False
volume, False
window, False
stage, False
platform, False
give, False
add, False
show, False
summary, False
variety, True
list, True
series, False
suite, False
unit, False
group, True
site, False
code, True
company, False
number, True
building, False
manufacture, False
supply, True
build, False
issue, False
today, False
year, False
day, False
night, False
2014, False
2018, False
summarize, False
display, False
discuss, False
reference, False
it, False
testing, False
programming, False
standard, False
#, False
#, False
guideline, False
achieve, False
ensure, False
facilitate, False
gain, False
promote, False
attain, False
depth, False
clarity, False
sentence, False
academic, False
educational, False
english, False
administrative, False
ID, False
open, False
action, False
view, True
interpret, False
see, True
treat, False
symbol, False
access, True
recognize, False
run, False
without, False
call, False
within, False
inside, False
via, False
graphic, False
graphical, False
script, False
map, False
chart, False
weak, False
strong, False
strong, False
dark, False
small, False
strong, False
weak, False
soft, False
strong, False
low, False
powerful, False
hard, False
finite, False
strength, False
positive, False
drive, False
base, True
orient, False
impact, False
economy, False
perspective, False
strategy, False
factor, False
theory, False
assist, False
involve, False
employ, False
leverage, False
affect, False
distinguish, False
select, False
separate, True
choose, False
remove, False
pick, False
find, False
eliminate, False
exclude, False
recognize, False
protect, False
assess, False
evaluate, False
market, False
#, False
competition, False
sector, False
alternative, False
category, False
identify, True
discuss, False
represent, False
#, False
#, False
#, False
#, False
human, False
natural, False
public, False
internet, True
db, False
distribution, False
message, True
management, True
project, False
task, False
scheme, False
Protocol, False
list, True
enable, True
cause, False
permit, True
command, False
library, False
frame, False
disk, False
server, True
combination, False
collection, False
pair, False
cluster, False
transmit, False
deliver, False
send, False
share, False
allocate, False
exchange, False
convert, False
export, False
execution, True
master, False
execute, False
delivery, False
facility, False
centre, False
provider, False
platform, False
remote, False
local, False
central, False
secure, False
private, False
near, False
temporary, False
isolate, False
machine, False
host, False
receive, True
deliver, False
send, False
host, False
hold, False
replication, True
package, False
user, False
external, False
knowledge, False
group, True
service, False
manager, False
edit, False
server, False
center, False
agent, False
centre, False
exchange, False
#, False
architect, False
engine, False
library, False
designer, False
an, False
any, False
another, False
generally, False
one, False
every, False
each, False
spelling, False
write, False
pronunciation, False
abbreviation, False
right, False
norm, False
accordance, False
accord, True
tune, False
disagreement, False
agreement, True
keep, False
conjunction, False
contrast, False
dispute, False
parallel, False
avoid, False
suggest, True
lack, False
replacement, False
comparison, False
successor, False
counterpart, False
separation, False
national, False
option, True
authority, False
replace, False
put, True
place, True
instal, False
change, True
store, False
leave, False
check, False
add, False
alter, False
match, False
remember, False
early, False
old, False
old, False
incorrect, False
arbitrary, False
marker, False
mark, False
Microsoft, False
he, False
IBM, False
ieee, False
Intel, False
Google, False
she, False
deliver, False
offer, False
extension, False
upgrade, False
adaptation, False
introduction, False
amendment, False
end, True
direct, False
signal, False
Signal, False
automate, False
concurrent, False
#, False
logic, False
per, False
percent, False
million, False
multi, False
ip, False
assurance, False
#, False
route, False
#, False
#, False
#, False
#, False
#, False
#, False
#, False
future, True
environment, True
connectivity, False
transfer, False
solution, False
connect, False
terminal, False
computer, True
need, False
continue, False
require, True
tend, False
want, False
know, False
classify, False
intend, False
analogous, False
apply, True
belong, False
relate, False
identical, False
similar, False
unlike, False
on, False
under, False
through, False
by, False
at, False
after, False
custom, False
submit, False
one, True
bring, False
add, False
relate, False
prefer, False
choose, False
select, False
favourite, False
favorite, False
valid, False
begin, False
start, True
seek, False
try, False
instruction, False
guidance, False
feedback, False
prepare, False
fundamental, False
primary, False
privacy, False
mathematical, False
principle, False
factor, False
keep, False
bind, False
protect, False
govern, False
keep, False
property, False
asset, False
participant, False
collaborative, False
collaboration, False
space, False
style, False
theme, False
publish, False
adopt, False
follow, True
review, False
#, False
prescribe, False
responsible, False
retain, False
standardize, False
maintain, False
permit, True
licence, False
certificate, False
arrange, False
lobby, False
screen, False
approval, True
discussion, False
visitor, False
there, False
here, False
they, False
below, False
assumption, False
statement, False
fact, True
thing, False
issue, False
theorem, False
universe, False
equation, False
condition, False
sale, False
marketing, False
deliver, False
administration, False
shipping, False
sale, False
architecture, False
API, True
#, False
game, False
app, False
commercial, False
refer, False
refer, False
infrastructure, False
allocation, False
physical, False
personal, False
topic, False
matter, True
family, False
rule, True
example, True
standard, True
system, True
law, False
number, True
model, True
strategy, False
distinguish, False
differentiate, False
construct, False
extract, False
derive, False
divide, False
differ, False
piece, False
bit, False
chunk, False
piece, False
amount, False
block, False
info, False
money, False
call, False
fix, False
property, False
bit, False
kind, True
sort, False
fragment, False
segment, False
portion, False
mathematic, False
application, False
program, False
relation, False
part, False
property, False
restrict, False
applicable, False
limit, False
bind, False
apply, True
container, False
card, False
result, True
sum, False
encode, False
sort, False
record, False
structure, False
digit, False
numerical, False
integer, False
total, False
partial, False
disk, False
large, False
#, False
#, False
#, False
mark, False
#, False
#, False
#, False
box, False
clue, False
position, False
orientation, False
topology, False
alarm, False
alert, False
algorithm, False
sms, False
interrupt, False
attack, False
email, False
antenna, False
amplifi, False
mode, False
dependent, False
independent, False
like, False
enable, False
focus, False
base, True
clock, False
calendar, False
pulse, False
voice, False
path, False
intensive, False
rich, False
circuit, False
sensor, False
sign, False
print, False
collect, False
post, False
type, True
change, True
scan, False
compress, False
ship, False
immediately, False
straight, False
separately, False
advantage, False
effect, False
efficiency, False
print, False
washing, False
coating, False
scan, False
lighting, False
clean, False
filter, False
wipe, False
fold, False
paint, False
dry, False
lining, False
cover, False
trace, False
render, False
act, False
cost, False
speed, False
price, False
temperature, False
angle, False
frequency, False
bandwidth, False
maximum, False
discount, False
limit, False
glance, False
threshold, False
premium, False
least, False
run, False
remain, False
automatic, False
print, False
drop, False
black, False
cut, False
lock, False
fill, False
break, False
pull, False
interval, False
schedule, False
parameter, True
fully, False
completely, False
automatically, False
highly, False
physically, False
entirely, False
permanently, False
totally, False
render, False
globally, False
legally, False
calculate, False
adjust, False
verify, False
check, False
installation, False
commencement, False
begin, False
termination, False
initiation, False
activation, False
arrival, False
subsequent, False
single, False
full, False
comprehensive, False
quick, False
centralize, False
fast, False
flexible, False
robust, False
dedicate, False
rapid, False
engine, False
customer, False
visitor, False
researcher, False
community, True
viewer, False
locate, False
retrieve, False
reach, False
enter, False
article, False
meet, False
fit, False
satisfy, False
fulfill, False
suit, False
meet, False
match, False
requirement, True
multiple, False
multi, False
single, False
active, False
fast, False
#, False
#, False
handle, False
utilize, False
support, True
deploy, False
undertake, False
community, True
sector, False
organization, False
stakeholder, False
customer, False
business, True
organisation, False
client, False
professional, False
manager, False
analyst, False
administrator, False
carrier, False
developer, False
bank, False
driver, False
processor, False
traffic, False
consumer, False
operator, False
supplier, False
manufacturer, False
specialist, False
mobile, False
corporate, False
advance, False
manager, False
process, True
note, False
warning, False
response, False
special, False
session, True
incident, False
point, False
unit, False
need, False
order, False
environment, False
register, False
ground, False
call, False
infrastructure, False
time, False
committee, False
technique, True
someone, False
NSA, False
hardware, False
ask, False
call, False
check, False
account, False
search, True
wait, False
respond, False
look, False
occurrence, False
violation, False
violation, False
breach, False
circumstance, False
constraint, False
restriction, False
obligation, False
impose, False
encounter, False
observe, False
cause, False
accredit, False
inform, True
update, False
implement, False
set, True
host, False
apply, True
terminate, False
receive, True
answer, False
send, False
depart, False
visit, False
respond, False
outgoing, False
demand, False
symptom, False
mathematical, False
decision, False
language, False
logic, False
classification, False
#, False
ethic, False
theory, False
philosophy, False
behavior, False
divide, False
categorize, False
organize, False
subdivide, False
break, False
split, False
put, True
arrange, False
separate, True
interpretation, False
idea, True
law, False
apache, False
maintain, False
comprise, False
publish, False
desktop, False
receiver, False
report, False
division, False
place, False
put, True
get, False
check, False
bring, False
review, False
send, False
view, True
change, True
alteration, False
comment, False
development, False
recommend, False
assess, False
amendment, False
proposal, True
improvement, False
upgrade, False
acquisition, False
renovation, False
incorporate, True
take, True
lay, False
cut, False
turn, True
working, True
pull, False
break, False
block, False
complete, False
last, False
concern, False
provision, False
regulation, False
order, False
variant, False
variation, False
size, False
variety, True
configuration, True
detection, False
namely, False
notably, False
however, False
typically, False
currently, False
usually, False
respectively, False
mainly, False
specifically, False
generally, False
therefore, False
comprise, False
Model, False
pack, False
know, False
refer, False
characterize, False
denote, False
term, True
disc, False
partition, False
drive, False
tape, False
magnetic, False
kernel, False
flash, False
ram, False
shadow, False
encryption, False
lock, False
block, False
roll, False
regard, False
notorious, False
rip, False
compression, False
extraction, False
crack, False
wrap, False
recycle, False
reduction, False
strip, False
garbage, False
disperse, False
spread, False
scatter, False
pass, False
move, False
circulate, False
patch, False
packet, False
package, False
drive, False
disc, False
send, False
assign, False
pass, False
return, False
apply, True
take, True
move, False
write, False
special, False
random, False
constant, False
buffer, False
cell, False
vector, False
cache, False
correction, False
repair, False
error, True
compensation, False
fail, False
die, False
can, False
crash, False
fail, False
quantity, False
interval, False
burst, False
volume, False
margin, False
#, False
internal, False
conversion, False
link, True
export, False
convert, False
contribute, False
foundation, False
modern, False
network, True
tendency, False
problem, False
difficulty, False
failure, True
chance, False
necessity, False
challenge, False
desire, False
potential, False
concern, False
incentive, False
simplicity, False
adjust, False
estimate, False
reduce, False
log, False
even, False
setting, False
session, True
ignore, False
monitor, False
compromise, False
disrupt, False
target, False
operate, False
affect, False
distract, False
inform, True
connect, False
employ, False
aware, False
concern, False
influence, False
attract, False
interested, False
inspire, False
previous, False
diagnostic, False
scientific, False
measurement, False
medical, False
measure, False
examination, False
inspection, False
mark, False
draw, False
pull, False
#, False
#, False
observation, False
manipulation, False
stimulation, False
image, False
examination, False
survey, False
measurement, False
investigation, False
surgery, False
screen, False
confirm, False
assure, False
prove, False
demonstrate, False
guarantee, False
qualification, True
rating, False
store, False
monitor, False
manage, False
other, False
interaction, False
ease, False
encourage, False
collect, False
search, True
sort, False
edit, False
view, True
page, True
link, True
compare, False
map, False
Linux, False
offer, False
comparison, False
several, False
no, False
recent, False
major, False
make, False
far, False
climate, False
small, False
#, False
climate, False
financial, False
economic, False
use, False
change, True
make, False
also, False
#, False
note, False
book, False
short, False
illustration, False
hire, False
woman, False
Germany, False
sport, False
student, False
man, False
Europe, False
#, False
office, False
department, False
office, False
assistant, False
Corps, False
department, False
division, False
new, False
#, False
permission, False
authorization, False
fund, False
opportunity, False
clearance, True
connect, False
import, False
smart, False
memory, False
personal, False
Geographic, False
domain, False
focus, False
rely, False
rely, False
rely, False
emphasis, False
focus, False
depend, False
reliance, False
rely, False
depend, False
depend, False
depend, False
limitation, False
defect, False
limit, False
require, True
involve, False
need, False
merely, False
provision, False
instrument, False
apparatus, False
instrumentation, False
specialize, False
mechanical, False
technological, False
functional, False
key, False
guide, False
index, False
regulation, False
introduction, False
right, False
grammar, False
translation, False
speech, False
keyboard, False
dialect, False
expression, False
accumulation, False
archive, False
inventory, False
improvement, False
qualified, False
qualify, False
reliability, False
incomplete, False
intelligence, False
practice, False
compilation, False
percentage, False
score, False
gain, False
compile, False
computational, False
sample, False
experimental, False
safety, False
aspect, False
#, False
lead, False
contribute, False
correspond, False
relate, False
reduce, False
translate, False
extend, False
bind, False
sound, False
pressure, False
error, True
sound, False
record, False
score, False
intensity, False
instrument, False
play, False
absolute, False
target, False
outlet, False
downstream, False
destination, False
sink, False
filter, False
secondary, False
root, False
emission, False
tail, False
#, False
#, False
#, False
#, False
#, False
#, False
#, False
#, False
demand, False
premise, False
premise, False
board, False
grid, False
manner, False
method, False
control, True
limit, False
regulate, False
grant, False
prevent, False
secure, False
increase, False
promote, False
ownership, False
copyright, False
disclosure, False
possession, False
website, False
conditional, False
contingent, False
found, False
center, False
nationality, False
interest, True
preference, False
population, False
age, False
place, True
institution, False
subject, True
belong, False
belong, False
interact, False
attach, False
reside, False
speak, False
essence, False
fact, True
turn, True
Canada, False
principle, False
patent, False
sanction, False
license, False
exception, False
extend, False
go, True
move, False
safe, False
compatible, False
improve, False
campus, False
repair, False
overhaul, False
renewal, False
reason, True
#, False
National, False
archive, False
give, False
electronic, False
interest, False
individual, False
image, False
action, False
geographic, False
register, False
to, False
bank, False
lose, False
destroy, False
damage, False
miss, False
recover, False
steal, False
empty, False
dead, False
capture, False
preserve, False
save, False
leave, False
attacker, False
operator, False
driver, False
recover, False
combine, False
borrow, False
restore, False
steal, False
large, False
#, False
#, False
#, False
background, False
trace, False
save, False
regain, False
salvage, False
accumulate, False
want, False
ask, False
encourage, False
allow, True
urge, False
invite, False
we, False
designer, False
Wikipedia, False
editor, False
reader, False
writer, False
everyone, False
#, False
capital, False
practitioner, False
applicant, False
phrase, False
phrase, False
think, True
perceive, False
say, False
prefer, False
literature, False
express, False
represent, False
rank, False
chart, False
weather, False
next, False
precede, False
sport, False
convenience, False
century, False
formula, False
notation, False
imply, False
mean, True
assume, False
claim, False
argue, False
predict, False
tell, False
increase, False
measure, False
man, False
woman, False
parent, False
boy, False
patient, False
voter, False
student, False
surname, False
birthday, False
birth, False
death, False
birthplace, False
signature, False
take, True
divide, False
get, False
calculate, False
extend, False
raise, False
move, False
shift, False
conception, False
retirement, False
bear, False
start, True
historical, False
#, False
year, False
date, False
month, False
#, False
month, False
generation, False
attach, False
test, False
course, False
Institute, False
undergo, False
comprise, False
demonstration, False
zone, False
improve, False
enhance, False
cut, False
correlation, False
operate, False
advanced, False
power, False
many, False
various, False
engineer, False
introduce, False
overhead, False
cloud, False
consumer, False
#, False
#, False
controller, False
boost, False
improve, False
well, False
increase, False
productivity, False
issue, False
law, False
legislation, False
power, False
deal, False
along, False
together, False
consistent, False
align, False
deal, False
#, False
engine, False
license, False
common, False
major, False
global, False
area, False
group, False
product, False
unlock, False
launch, False
install, False
intent, False
idea, True
intention, False
vision, False
HP, False
AI, False
SAS, False
foster, False
strengthen, False
interaction, False
interchange, True
coordination, False
dimension, False
os, False
employee, False
manipulate, False
document, True
protect, False
curate, False
integrate, False
#, False
#, False
#, False
#, False
#, False
#, False
port, False
terminal, False
baggage, False
good, False
combine, False
omit, False
count, False
download, False
search, True
sign, False
print, False
post, False
mail, False
manufacturer, False
core, False
collection, False
Dictionary, False
analysis, False
creation, False
establishment, False
Unix, False
computing, False
computer, False
reference, False
name, False
capture, False
text, True
viewpoint, False
browser, False
combine, False
incorporate, True
compare, False
view, True
perspective, False
lack, False
increase, False
exhibit, False
lose, False
promote, False
great, False
less, False
extra, False
little, False
significant, False
great, False
enhance, False
discrimination, False
confusion, False
match, False
uncertainty, False
observer, False
creator, False
recipient, False
participant, False
holder, False
seem, True
wish, False
expect, False
happen, False
intend, False
care, False
pretend, False
learn, False
guess, False
come, True
originate, False
originate, False
arrive, False
arrive, False
start, True
derive, False
stem, False
come, True
appoint, False
point, False
site, False
plan, False
port, False
line, False
area, False
person, False
station, False
certificate, False
spot, False
inspect, False
examine, False
activity, False
follow, True
save, False
top, False
show, False
enable, True
let, False
permit, True
teach, False
ask, False
tell, False
easy, False
correct, False
sole, False
exclusive, False
convenient, False
button, False
profile, False
trace, False
typical, False
outcome, False
priority, False
formulate, False
cover, False
regard, False
concern, False
around, False
aircraft, False
game, False
vehicle, False
car, False
race, False
weight, False
weight, False
competition, False
discretion, False
responsibility, True
mandate, False
duty, False
freedom, False
remove, False
thousand, False
hundred, False
sequence, False
#, False
#, False
responsibility, True
able, False
say, False
predict, False
anticipate, False
think, True
grow, False
arise, False
expand, False
vary, False
extent, True
magnitude, False
length, False
small, False
maintenance, False
transfer, False
protection, False
involve, False
perform, False
handle, False
load, False
relocation, False
destruction, False
redundant, False
issue, False
privilege, False
credential, False
optimization, False
forest, False
land, False
land, False
conservation, False
specie, False
wildlife, False
plant, False
district, False
Gardens, False
name, False
plant, False
regis, False
11, False
15, False
13, False
ii, False
12, False
yellow, False
red, False
color, False
be, False
denote, False
follow, True
title, False
rank, False
suffix, False
citation, False
mistake, False
mission, False
utilize, False
proprietary, False
patent, False
disadvantage, False
consideration, False
motivation, False
limitation, False
poor, False
inadequate, False
traditional, False
good, False
insufficient, False
card, False
#, False
chip, False
certify, False
partnership, False
consultation, False
concert, False
, False
direct, False
online, False
link, True
simple, False
journal, False
journal, False
complex, False
report, False
serial, False
binary, False
zip, False
#, False
#, False
#, False
#, False
generator, False
artifact, False
compose, False
alongside, False
six, False
first, False
free, False
_, False
trade, False
bilateral, False
settlement, False
loan, False
payment, False
clause, False
DC, False
tv, False
dvd, False
cd, False
dvd, False
CT, False
dd, False
sd, False
DS, False
VHS, False
abs, False
ad, False
3d, False
hd, False
label, True
sign, False
key, False
signal, False
plate, False
etc, False
public, False
visual, False
text, True
general, False
basic, False
#, False
#, False
#, False
#, False
#, False
#, False
#, False
#, False
#, False
video, False
graph, False
input, False
rating, False
relegation, False
precedence, False
exit, False
priority, False
distance, False
score, False
consideration, False
question, True
follow, False
simple, False
usual, False
alliance, False
affiliation, False
tandem, False
entry, False
connection, False
attachment, False
communication, True
travel, False
learn, False
transportation, False
return, False
get, False
artifact, False
prevent, False
imply, False
grant, False
damage, False
return, False
hold, False
receive, True
much, False
most, False
result, True
evidence, False
problem, False
effect, False
activity, False
linguistic, False
raw, False
sample, False
observation, False
estimate, False
projection, False
analysis, False
transformation, False
adjustment, False
translation, False
claim, False
prediction, False
arise, False
form, False
construct, False
exercise, False
possess, False
enjoy, False
jurisdiction, False
competence, False
force, False
resolve, False
settle, False
investigate, False
solve, False
hear, False
answer, False
pursue, False
dispute, False
conflict, False
matter, True
issue, False
disagreement, False
litigation, False
universal, False
world, False
Australia, False
America, False
Asia, False
US, False
european, False
USA, False
Japan, False
pacific, False
nation, False
communicate, False
cooperate, False
comply, True
deal, False
compete, False
collaborate, False
interfere, False
intermediate, False
transport, False
automation, False
branch, False
centre, False
privilege, False
luxury, False
distinction, False
staff, False
consult, True
direct, False
augment, False
assist, False
supervise, False
program, False
instruct, False
man, False
scene, False
ground, False
shore, False
job, False
technician, False
expert, False
compensate, False
accommodate, False
cope, False
daily, False
shape, False
frequency, False
strength, False
distance, False
weight, False
speed, False
cost, False
attempt, False
convert, False
insert, False
translate, False
biological, False
genetic, False
tree, False
field, True
path, False
flash, False
core, False
dos, False
run, False
bridge, False
decrease, False
vary, False
disappear, False
end, True
differ, False
win, False
remain, False
optical, False
gate, False
register, False
succession, False
preference, False
eight, False
instal, False
merge, False
insert, False
replace, False
attempt, False
effort, False
experiment, False
initiative, False
arrangement, False
decrease, False
gender, False
language, False
structure, False
grammar, False
image, False
face, False
analyze, False
helpful, False
examine, False
whether, False
alternative, False
shift, False
attitude, False
meaning, False
group, True
pair, False
contexts, False
policy, False
non, False
semi, False
quasi, False
Non, False
sub, False
brand, False
often, False
otherwise, False
wireless, False
make, False
capable, False
hope, False
reduce, False
avoid, False
dependence, False
attack, False
restriction, False
collection, False
hundred, False
source, False
thousand, False
typical, False
string, False
line, False
vector, False
span, False
instruction, False
integer, False
digit, False
letter, False
second, False
arrow, False
expression, False
edge, False
picture, False
switch, False
lead, False
color, False
television, False
video, False
graphic, False
laser, False
screen, False
tape, False
board, False
camera, False
wire, False
clock, False
cable, True
battery, False
watch, False
mouse, False
tablet, False
phone, False
ecology, False
variation, False
choice, False
coefficient, False
match, False
weight, False
balance, False
accompany, False
producer, False
sign, False
log, False
launch, False
agency, False
thus, False
contact, False
biographical, False
noise, False
#, False
#, False
#, False
axi, False
help, False
development, False
construction, False
driver, False
architecture, False
bring, False
phase, False
preparation, False
framework, False
Manual, False
ready, False
easy, False
guarantee, False
difficult, False
stay, False
remain, False
me, False
up, False
visit, False
programme, False
NASA, False
compare, False
similarly, False
next, False
prior, False
movie, False
film, False
book, False
comic_strip, False
film, False
music, False
youtube, False
audio, False
understanding, False
building, False
hide, False
different, False
feed, False
choice, False
button, False
display, False
mark, False
full, False
current, False
historical, False
#, False
#, False
London, False
#, False
that, False
prevent, False
transformation, False
award, False
control, True
court, False
arrangement, False
belief, False
assumption, False
party, False
channel, True
legal, False
parental, False
#, False
fee, False
#, False
pass, False
turn, True
transfer, False
hand, False
pass, False
sign, False
consent, False
sustainability, False
continuity, False
authenticity, False
uniform, False
unify, False
broad, False
consensus, False
negotiation, False
dialogue, False
collaboration, False
outline, False
gallery, False
demonstrate, False
reflect, False
evolution, False
assignment, False
contribution, False
progression, False
phase, False
aspect, False
time, True
static, False
atmosphere, False
vary, False
efficient, False
complicated, False
diverse, False
substantial, False
expensive, False
demand, False
assume, False
suggest, True
indicate, True
reflect, False
budget, False
equal, False
few, False
close, False
senior, False
#, False
elsewhere, False
real, False
impose, False
duty, False
incorporate, True
lifetime, False
then, False
where, False
translation, False
specifically, False
trademark, False
read, False
sing, False
exclude, False
serve, False
act, False
serve, False
counter, False
recommend, False
visitor, False
individual, False
People, False
citizen, False
student, False
company, False
state, False
we, False
volunteer, False
you, False
researcher, False
advise, True
permit, True
late, False
listen, False
reply, False
attend, False
advice, False
warning, False
release, False
discussion, False
build, False
create, False
write, False
design, False
other, True
unit, False
have, False
mother, False
adult, False
wife, False
spouse, False
parent, False
mother, False
father, False
infant, False
husband, False
child, False
adult, False
daughter, False
son, False
offspring, False
sible, False
kid, False
sister, False
guardian, False
baby, False
editor, False
officer, False
director, False
membership, False
specialist, False
chair, False
leader, False
administrator, False
Commission, False
try, False
stop, False
curb, False
halt, False
minimize, False
restrict, False
eliminate, False
quantity, False
virus, False
app, False
urge, False
advise, True
caution, False
dog, False
something, False
movement, False
communicate, False
contribute, False
feed, False
discovery, False
without, False
not, False
argument, False
sentence, False
log, False
discipline, False
science, False
industry, True
firm, False
employ, False
incorporate, True
introduce, False
support, True
publish, False
integrate, False
chapter, False
manual, True
highlight, False
well, False
far, False
substantially, False
significantly, False
slightly, False
hold, False
somewhat, False
raise, False
considerably, False
regulation, False
exercise, False
enjoy, False
grant, False
afford, False
Congress, False
parliament, False
government, False
government, False
parliament, False
keyne, False
#, False
encompasse, False
generation, False
multimedia, False
research, False
keep, False
house, False
host, False
situate, False
know, False
own, False
#, False
#, False
regulatory, False
executive, False
overall, False
legislative, False
regard, False
portal, False
along, False
combine, False
together, False
#, False
order, False
height, False
volume, False
shape, False
dimension, False
density, False
geometry, False
as, False
commonly, False
normally, False
sometimes, False
lead, False
pseudo, False
x, False
alpha, False
#, False
certificate, False
card, False
status, False
possess, False
possess, False
organization, False
executive, False
operation, True
business, True
administrative, False
corporate, False
narrative, False
overview, False
contact, False
mail, False
Clear, False
go, True
#, False
letter, False
commerce, False
#, False
reader, False
passport, False
find, False
only, False
achieve, False
especially, False
surface, False
body, False
approach, False
more, False
education, False
high, False
low, False
low, False
paper, False
mandatory, False
nominate, False
deny, False
adopt, False
eligible, False
retire, False
resident, True
appoint, False
nominee, False
disable, False
reserve, False
window, False
value, True
mind, False
thing, False
encourage, False
direct, False
help, False
consciousness, False
electricity, False
thought, True
travel, False
human, False
throughout, False
across, False
outside, False
mental, False
possibility, False
foundation, False
anyone, False
Minister, False
agency, False
dealer, False
native, False
proper, False
normal, False
patch, False
seek, False
try, False
seek, False
attempt, False
aim, False
relieve, False
offset, False
alleviate, False
severe, False
degradation, False
loss, False
gain, False
difficulty, False
robot, False
hence, False
among, False
direction, False
initiative, False
trend, False
effort, False
acquire, False
organize, False
prepare, False
introduce, False
invite, False
assist, False
citizen, False
suit, False
exceed, False
capture, False
preserve, False
coordinate, False
large, False
popularity, False
proliferation, False
reduce, False
prove, False
demonstrate, False
overlap, False
instability, False
concurrency, False
distortion, False
delay, False
