make,TRUE
more,FALSE
the,FALSE
make,TRUE
two,FALSE
for,FALSE
no,FALSE
all,FALSE
very,FALSE
to,FALSE
three,FALSE
five,FALSE
get,TRUE
four,FALSE
less,FALSE
error,TRUE
error,TRUE
fault,FALSE
message,FALSE
text,TRUE
mistake,FALSE
warn,FALSE
correct,FALSE
correction,FALSE
fail,FALSE
datum,TRUE
failure,FALSE
problem,TRUE
control,TRUE
incorrect,FALSE
message,TRUE
information,TRUE
warning,FALSE
communication,TRUE
detection,FALSE
code,TRUE
signal,FALSE
prevention,FALSE
communication,TRUE
report,TRUE
result,TRUE
resolution,FALSE
set,TRUE
list,TRUE
type,TRUE
number,TRUE
type,TRUE
sequence,FALSE
collection,FALSE
series,FALSE
kind,TRUE
majority,FALSE
format,TRUE
use,TRUE
content,TRUE
group,TRUE
clear,FALSE
individual,FALSE
code,TRUE
packet,FALSE
notice,FALSE
instruction,FALSE
word,TRUE
page,TRUE
find,TRUE
print,TRUE
display,TRUE
contain,TRUE
post,FALSE
store,TRUE
place,TRUE
write,TRUE
appear,TRUE
available,FALSE
publish,TRUE
present,FALSE
present,TRUE
provide,TRUE
use,TRUE
manual,FALSE
standard,FALSE
display,TRUE
software,TRUE
page,TRUE
database,TRUE
application,TRUE
web,TRUE
original,FALSE
computer,TRUE
graphical,FALSE
external,FALSE
regular,FALSE
edition,FALSE
user,TRUE
reference,TRUE
purpose,TRUE
search,TRUE
box,TRUE
label,FALSE
file,TRUE
tag,FALSE
sheet,FALSE
image,TRUE
show,TRUE
identify,TRUE
indicate,TRUE
explain,FALSE
reveal,FALSE
state,TRUE
illustrate,FALSE
demonstrate,FALSE
define,TRUE
reflect,FALSE
convey,FALSE
describe,TRUE
tell,FALSE
establish,TRUE
reason,TRUE
reason,TRUE
circumstance,FALSE
cause,TRUE
question,TRUE
fact,TRUE
cause,TRUE
situation,TRUE
reason,TRUE
context,FALSE
explanation,FALSE
truth,FALSE
fact,TRUE
exactly,FALSE
case,TRUE
event,TRUE
accident,FALSE
incident,FALSE
violation,FALSE
issue,TRUE
breach,FALSE
crash,FALSE
occurrence,FALSE
infringement,FALSE
occur,TRUE
occur,TRUE
happen,TRUE
exist,FALSE
happen,FALSE
exist,FALSE
arise,FALSE
come,TRUE
originate,FALSE
appear,TRUE
occur,TRUE
cause,TRUE
action,TRUE
step,TRUE
measure,TRUE
action,TRUE
method,TRUE
term,TRUE
procedure,TRUE
event,TRUE
technique,TRUE
reader,TRUE
user,TRUE
author,TRUE
author,TRUE
system,TRUE
reader,TRUE
researcher,FALSE
recipient,FALSE
editor,FALSE
administrator,FALSE
take,TRUE
attempt,TRUE
try,TRUE
apply,TRUE
say,TRUE
perform,TRUE
make,TRUE
implement,TRUE
find,TRUE
choose,TRUE
employ,FALSE
follow,TRUE
decide,TRUE
prevent,FALSE
fix,TRUE
avoid,TRUE
remedy,FALSE
resolve,TRUE
stop,TRUE
solve,TRUE
minimize,FALSE
reduce,TRUE
address,TRUE
remove,TRUE
detect,FALSE
problem,TRUE
issue,TRUE
matter,FALSE
damage,FALSE
responsible,FALSE
adopt,FALSE
require,TRUE
update,TRUE
applicable,FALSE
revise,FALSE
mandatory,FALSE
define,TRUE
essential,FALSE
valid,FALSE
maintain,TRUE
relevant,FALSE
design,TRUE
iso,FALSE
international,FALSE
full,FALSE
technical,FALSE
follow,TRUE
language,TRUE
future,FALSE
#,FALSE
#,FALSE
#,FALSE
print,TRUE
screen,TRUE
#,FALSE
#,FALSE
#,FALSE
size,TRUE
image,TRUE
#,FALSE
translation,FALSE
recognition,FALSE
processing,TRUE
#,FALSE
representation,FALSE
quality,FALSE
edit,FALSE
entry,TRUE
publish,FALSE
alternative,FALSE
other,FALSE
some,FALSE
different,FALSE
simple,FALSE
various,FALSE
new,FALSE
multiple,FALSE
alternative,FALSE
direct,FALSE
common,FALSE
flexibility,FALSE
alternative,FALSE
access,TRUE
support,TRUE
insight,FALSE
solution,TRUE
benefit,FALSE
advantage,FALSE
stability,FALSE
transparency,FALSE
space,TRUE
clarity,FALSE
frame,TRUE
frame,TRUE
frame,TRUE
time,TRUE
point,TRUE
xml,FALSE
perspective,FALSE
object,FALSE
subject,FALSE
base,TRUE
orient,FALSE
free,FALSE
wise,FALSE
dependent,FALSE
center,TRUE
specific,FALSE
relate,TRUE
less,FALSE
drive,TRUE
structure,FALSE
independent,FALSE
like,FALSE
length,FALSE
style,TRUE
analysis,TRUE
system,TRUE
approach,TRUE
technology,TRUE
medium,TRUE
technology,TRUE
presentation,TRUE
service,TRUE
filter,FALSE
camera,FALSE
option,TRUE
model,TRUE
picture,FALSE
photograph,FALSE
format,TRUE
tool,TRUE
unavailable,FALSE
ambiguous,FALSE
need,TRUE
possible,FALSE
unnecessary,FALSE
necessary,FALSE
absent,FALSE
sparse,FALSE
insufficient,FALSE
unreliable,FALSE
redundant,FALSE
method,TRUE
way,TRUE
mean,TRUE
approach,TRUE
technique,FALSE
option,TRUE
form,TRUE
process,TRUE
mode,TRUE
strategy,FALSE
mechanism,FALSE
manner,FALSE
way,TRUE
present,TRUE
provide,TRUE
display,TRUE
express,FALSE
represent,TRUE
communicating,FALSE
store,TRUE
show,TRUE
obtain,TRUE
generate,TRUE
produce,TRUE
explain,FALSE
describe,TRUE
give,TRUE
document,TRUE
question,FALSE
topic,FALSE
news,TRUE
material,TRUE
situation,FALSE
case,TRUE
delay,FALSE
distortion,FALSE
constraint,FALSE
restriction,FALSE
repetition,FALSE
pause,FALSE
prompt,FALSE
introduce,TRUE
implement,TRUE
email,FALSE
agent,FALSE
client,TRUE
server,TRUE
sms,FALSE
service,TRUE
file,TRUE
website,TRUE
mail,FALSE
customer,FALSE
operator,FALSE
request,TRUE
voice,FALSE
video,TRUE
call,TRUE
,FALSE
note,FALSE
†,FALSE
key,FALSE
source,TRUE
§,FALSE
source,TRUE
‡,FALSE
order,TRUE
article,TRUE
index,FALSE
table,FALSE
year,TRUE
column,FALSE
order,TRUE
section,FALSE
absence,FALSE
presence,FALSE
face,TRUE
midst,FALSE
instance,FALSE
scenario,FALSE
aftermath,FALSE
course,FALSE
event,TRUE
wake,FALSE
interrupt,FALSE
bug,FALSE
programming,FALSE
failure,FALSE
hardware,TRUE
backup,FALSE
device,TRUE
program,TRUE
network,TRUE
equipment,FALSE
physical,FALSE
battery,FALSE
loss,TRUE
fail,TRUE
disaster,FALSE
degradation,FALSE
maintain,TRUE
run,TRUE
update,TRUE
complete,TRUE
restart,FALSE
restore,TRUE
manage,TRUE
execute,FALSE
operate,TRUE
monitor,TRUE
terminate,FALSE
extend,TRUE
proper,FALSE
perfect,FALSE
sufficient,FALSE
appropriate,FALSE
constant,FALSE
adequate,FALSE
maximum,FALSE
continuous,FALSE
update,TRUE
memory,FALSE
operation,TRUE
compatibility,FALSE
functionality,TRUE
output,FALSE
recovery,FALSE
power,TRUE
॥,FALSE
allow,TRUE
enable,TRUE
require,TRUE
permit,TRUE
consider,TRUE
specify,TRUE
ensure,TRUE
include,TRUE
expect,TRUE
provide,TRUE
declare,FALSE
change,TRUE
modification,FALSE
exception,FALSE
adjustment,FALSE
amendment,FALSE
reference,TRUE
alteration,FALSE
improvement,FALSE
exception,FALSE
addition,FALSE
access,FALSE
request,TRUE
security,TRUE
certain,FALSE
key,FALSE
property,TRUE
requirement,TRUE
policy,FALSE
rule,TRUE
standard,TRUE
level,TRUE
protocol,TRUE
regulation,FALSE
parameter,TRUE
feature,TRUE
control,TRUE
specification,TRUE
mechanism,FALSE
setting,TRUE
policy,FALSE
server,TRUE
application,TRUE
device,TRUE
client,TRUE
object,TRUE
organization,TRUE
developer,TRUE
administrator,FALSE
computer,TRUE
member,TRUE
individual,TRUE
entity,FALSE
domain,TRUE
group,TRUE
network,TRUE
asset,FALSE
program,TRUE
vote,FALSE
privacy,FALSE
registration,FALSE
name,TRUE
password,FALSE
ownership,FALSE
#,FALSE
#,FALSE
point,TRUE
time,TRUE
level,TRUE
right,TRUE
location,TRUE
speed,TRUE
privilege,FALSE
protection,TRUE
account,FALSE
connection,TRUE
membership,FALSE
pay,FALSE
attribute,FALSE
check,FALSE
limit,TRUE
certificate,FALSE
encryption,TRUE
availability,FALSE
authorization,FALSE
credential,FALSE
privilege,FALSE
status,FALSE
compliance,FALSE
configuration,FALSE
signature,FALSE
resource,TRUE
resource,TRUE
bandwidth,FALSE
#,FALSE
management,TRUE
allocation,TRUE
creation,FALSE
change,TRUE
other,FALSE
lock,FALSE
make,TRUE
perform,TRUE
enforce,FALSE
do,TRUE
achieve,TRUE
handle,TRUE
approve,FALSE
accomplish,FALSE
execute,FALSE
support,TRUE
manage,TRUE
detect,FALSE
allow,TRUE
control,TRUE
agent,FALSE
open,TRUE
open,FALSE
release,TRUE
installation,TRUE
post,FALSE
closure,FALSE
appointment,FALSE
opening,FALSE
establishment,FALSE
start,TRUE
download,TRUE
load,FALSE
closing,FALSE
removal,FALSE
export,FALSE
download,TRUE
subscription,FALSE
load,FALSE
submission,FALSE
log,FALSE
rate,TRUE
time,TRUE
#,FALSE
schedule,FALSE
mode,TRUE
date,FALSE
rate,TRUE
web,TRUE
these,FALSE
software,TRUE
design,TRUE
new,FALSE
open,FALSE
application,TRUE
such,FALSE
service,TRUE
test,TRUE
it,FALSE
architecture,FALSE
module,TRUE
package,FALSE
process,TRUE
version,TRUE
implementation,TRUE
design,TRUE
develop,TRUE
create,TRUE
select,TRUE
plan,TRUE
prepare,FALSE
compile,FALSE
review,TRUE
build,TRUE
edit,TRUE
construct,TRUE
package,FALSE
program,TRUE
curate,FALSE
organize,FALSE
launch,FALSE
print,TRUE
read,TRUE
setup,FALSE
condition,FALSE
hour,FALSE
session,FALSE
distribution,TRUE
retention,FALSE
transfer,FALSE
storage,TRUE
speed,TRUE
period,FALSE
cost,TRUE
#,FALSE
pattern,FALSE
interval,FALSE
wide,FALSE
broad,FALSE
entire,FALSE
wide,FALSE
whole,FALSE
large,FALSE
desire,FALSE
large,FALSE
specify,FALSE
limit,FALSE
broad,FALSE
range,TRUE
variety,TRUE
need,TRUE
duration,FALSE
amount,FALSE
benefit,FALSE
scope,FALSE
performance,TRUE
complexity,FALSE
diversity,FALSE
area,TRUE
aspect,TRUE
field,TRUE
category,FALSE
item,TRUE
area,TRUE
factor,FALSE
contexts,FALSE
interest,TRUE
development,TRUE
work,TRUE
compute,FALSE
knowledge,TRUE
project,TRUE
API,FALSE
app,FALSE
tool,TRUE
module,TRUE
contain,TRUE
create,TRUE
offer,TRUE
give,TRUE
feature,TRUE
produce,TRUE
opportunity,FALSE
environment,TRUE
ability,TRUE
interface,TRUE
incentive,FALSE
avenue,FALSE
excuse,FALSE
infrastructure,TRUE
outlet,FALSE
developer,TRUE
programmer,FALSE
vendor,FALSE
handle,TRUE
check,TRUE
track,TRUE
place,TRUE
upgrade,FALSE
upgrade,FALSE
improvement,FALSE
modification,FALSE
extension,TRUE
maintenance,FALSE
revision,FALSE
defect,FALSE
FALSE,FALSE
effect,FALSE
defect,FALSE
machine,TRUE
site,TRUE
return,FALSE
immediately,FALSE
log,FALSE
continue,FALSE
report,TRUE
verify,FALSE
resume,FALSE
review,FALSE
comment,FALSE
space,TRUE
line,TRUE
#,FALSE
background,FALSE
space,FALSE
void,FALSE
#,FALSE
map,TRUE
disk,FALSE
square,FALSE
graph,FALSE
plane,FALSE
sphere,FALSE
grid,FALSE
surface,FALSE
circle,FALSE
field,TRUE
basis,FALSE
protocol,TRUE
model,TRUE
product,TRUE
integrate,FALSE
model,TRUE
model,TRUE
use,TRUE
within,FALSE
via,FALSE
#,FALSE
framework,FALSE
structure,TRUE
nature,FALSE
capacity,FALSE
plan,TRUE
#,FALSE
#,FALSE
#,FALSE
engine,TRUE
#,FALSE
#,FALSE
#,FALSE
app,TRUE
algorithm,FALSE
improve,TRUE
enhance,TRUE
increase,TRUE
boost,FALSE
expand,TRUE
facilitate,TRUE
advance,FALSE
help,TRUE
assist,FALSE
learn,FALSE
consumer,FALSE
student,FALSE
travel,FALSE
drive,FALSE
sensory,FALSE
business,TRUE
passenger,FALSE
online,FALSE
satisfaction,FALSE
safety,TRUE
experience,TRUE
confidence,FALSE
productivity,FALSE
interface,TRUE
response,TRUE
comfort,FALSE
experience,TRUE
hierarchy,FALSE
algorithm,FALSE
scheme,FALSE
establish,TRUE
identify,TRUE
locate,TRUE
enable,TRUE
equip,FALSE
ready,FALSE
check,FALSE
adapt,FALSE
instal,TRUE
compilation,FALSE
comparison,FALSE
classification,FALSE
calculation,FALSE
evaluation,FALSE
transmission,FALSE
execution,FALSE
replication,FALSE
identification,FALSE
one,FALSE
list,TRUE
many,FALSE
copy,FALSE
part,TRUE
several,FALSE
library,FALSE
two,FALSE
encounter,FALSE
occur,FALSE
cite,FALSE
access,TRUE
visit,FALSE
search,TRUE
request,TRUE
complete,TRUE
see,TRUE
generate,TRUE
database,TRUE
design,TRUE
library,TRUE
facility,FALSE
platform,TRUE
internet,TRUE
capability,TRUE
capability,TRUE
provision,FALSE
facility,FALSE
secure,FALSE
restrict,FALSE
gain,TRUE
input,TRUE
disclosure,FALSE
attention,FALSE
connection,TRUE
link,TRUE
link,TRUE
mapping,FALSE
transport,FALSE
wealth,FALSE
combination,FALSE
lot,FALSE
body,TRUE
mix,FALSE
multitude,FALSE
spectrum,FALSE
source,TRUE
activity,TRUE
product,TRUE
education,FALSE
equation,FALSE
number,TRUE
value,TRUE
table,FALSE
graph,FALSE
example,TRUE
map,TRUE
figure,FALSE
statistic,FALSE
change,TRUE
add,TRUE
remove,TRUE
adjust,FALSE
reduce,FALSE
choose,TRUE
modify,TRUE
consider,TRUE
eliminate,FALSE
improve,TRUE
increase,TRUE
hope,FALSE
favor,FALSE
favour,FALSE
light,FALSE
hope,FALSE
anticipation,FALSE
optimal,FALSE
well,FALSE
minimum,FALSE
increase,TRUE
general,FALSE
total,FALSE
price,FALSE
overall,FALSE
national,FALSE
definition,TRUE
idea,TRUE
principle,FALSE
effect,TRUE
term,TRUE
goal,FALSE
intention,FALSE
aim,TRUE
result,TRUE
objective,FALSE
phrase,TRUE
mean,TRUE
imply,FALSE
guarantee,FALSE
assure,FALSE
suggest,FALSE
emphasize,FALSE
prove,FALSE
denote,FALSE
paper,FALSE
current,FALSE
red,FALSE
hot,FALSE
boot,FALSE
old,FALSE
audio,FALSE
#,FALSE
#,FALSE
#,FALSE
#,FALSE
#,FALSE
document,TRUE
record,TRUE
item,TRUE
folder,FALSE
alter,FALSE
damage,FALSE
manipulate,FALSE
destroy,FALSE
reproduce,FALSE
copy,TRUE
download,FALSE
interpret,FALSE
fashion,FALSE
sense,FALSE
direction,TRUE
otherwise,FALSE
indirectly,FALSE
intentionally,FALSE
even,FALSE
remotely,FALSE
illegally,FALSE
directly,FALSE
manually,FALSE
automatically,FALSE
independently,FALSE
person,TRUE
organization,TRUE
agency,TRUE
authority,FALSE
party,FALSE
scan,FALSE
encode,FALSE
transfer,FALSE
convert,FALSE
return,FALSE
move,TRUE
send,TRUE
attach,FALSE
switch,TRUE
revert,FALSE
migrate,FALSE
compare,FALSE
upload,FALSE
record,FALSE
copy,FALSE
disturb,FALSE
discover,FALSE
content,TRUE
component,TRUE
integrity,FALSE
element,TRUE
characteristic,TRUE
property,FALSE
source,TRUE
remain,TRUE
stay,TRUE
remain,TRUE
remain,TRUE
stay,FALSE
appear,TRUE
exist,TRUE
stay,FALSE
survive,FALSE
remain,TRUE
company,FALSE
vehicle,FALSE
integrate,FALSE
utilize,FALSE
deliver,TRUE
supply,FALSE
accept,FALSE
layer,TRUE
channel,FALSE
kind,TRUE
line,TRUE
form,TRUE
set,TRUE
provider,FALSE
stream,FALSE
internet,TRUE
mobile,FALSE
remote,FALSE
environment,TRUE
operation,TRUE
#,FALSE
#,FALSE
conflict,FALSE
variation,FALSE
interference,FALSE
collapse,FALSE
separation,FALSE
discrimination,FALSE
avoid,TRUE
apply,TRUE
include,TRUE
follow,TRUE
employ,TRUE
utilize,FALSE
render,TRUE
see,TRUE
make,TRUE
get,TRUE
view,TRUE
leave,TRUE
alter,FALSE
modify,TRUE
adjust,FALSE
navigate,FALSE
manipulate,FALSE
understand,TRUE
spatial,FALSE
social,FALSE
underlie,FALSE
basic,FALSE
complex,FALSE
cognitive,FALSE
organizational,FALSE
channel,FALSE
aid,TRUE
impact,FALSE
impact,FALSE
consequence,FALSE
influence,FALSE
implication,FALSE
influence,FALSE
affect,TRUE
emphasis,FALSE
affect,TRUE
feedback,FALSE
navigation,TRUE
mobility,FALSE
accuracy,FALSE
survival,FALSE
efficiency,FALSE
visibility,FALSE
cost,TRUE
health,FALSE
economy,FALSE
internal,FALSE
command,TRUE
main,FALSE
processor,FALSE
kernel,FALSE
controller,FALSE
core,TRUE
network,TRUE
function,TRUE
deployment,FALSE
route,FALSE
traffic,FALSE
fire,FALSE
operational,FALSE
assurance,FALSE
layer,TRUE
component,TRUE
deploy,TRUE
view,TRUE
classify,FALSE
treat,FALSE
describe,TRUE
unit,TRUE
along,FALSE
functional,FALSE
minor,FALSE
guideline,TRUE
criterion,FALSE
detail,FALSE
principle,FALSE
definition,FALSE
deliver,TRUE
report,TRUE
supply,FALSE
offer,TRUE
send,TRUE
feed,FALSE
transfer,FALSE
distribute,FALSE
pass,FALSE
teach,FALSE
bring,TRUE
public,TRUE
community,FALSE
government,TRUE
council,FALSE
Commission,FALSE
world,FALSE
who,FALSE
staff,FALSE
people,TRUE
authority,FALSE
council,FALSE
incorporate,FALSE
outline,FALSE
state,TRUE
list,TRUE
color,TRUE
value,TRUE
character,FALSE
piece,TRUE
color,TRUE
game,TRUE
matrix,FALSE
menu,FALSE
diagram,FALSE
row,FALSE
draw,FALSE
add,TRUE
replace,TRUE
edit,FALSE
shrink,FALSE
move,TRUE
turn,TRUE
save,FALSE
drop,FALSE
shift,FALSE
rotate,FALSE
compare,FALSE
column,FALSE
function,TRUE
position,FALSE
People,FALSE
they,FALSE
anyone,FALSE
everyone,FALSE
student,FALSE
individual,TRUE
citizen,TRUE
resident,FALSE
member,FALSE
user,TRUE
Police,FALSE
person,TRUE
worker,FALSE
parent,FALSE
woman,FALSE
discuss,FALSE
register,TRUE
lodge,FALSE
receive,FALSE
bring,TRUE
submit,FALSE
settle,FALSE
hear,FALSE
complaint,FALSE
complaint,FALSE
claim,FALSE
claim,FALSE
objection,FALSE
objection,FALSE
petition,FALSE
concern,FALSE
identity,TRUE
dispute,FALSE
protest,FALSE
police,TRUE
court,FALSE
court,FALSE
law,TRUE
officer,FALSE
official,FALSE
prosecutor,FALSE
agency,FALSE
judge,FALSE
citizen,FALSE
employer,FALSE
rely,TRUE
depend,TRUE
agree,FALSE
vote,FALSE
act,TRUE
evidence,TRUE
finding,FALSE
procedure,TRUE
investigation,TRUE
documentation,FALSE
witness,FALSE
testimony,FALSE
hear,FALSE
investigation,TRUE
subsequent,FALSE
preliminary,FALSE
previous,FALSE
prior,FALSE
criminal,FALSE
ongoing,FALSE
thorough,FALSE
initial,FALSE
recommendation,TRUE
statement,TRUE
someone,FALSE
send,TRUE
refer,FALSE
pursue,FALSE
investigate,FALSE
put,TRUE
decision,FALSE
language,TRUE
book,TRUE
game,TRUE
instrument,FALSE
country,FALSE
material,TRUE
song,FALSE
size,TRUE
style,TRUE
length,FALSE
title,TRUE
theme,FALSE
weight,FALSE
age,FALSE
name,TRUE
number,TRUE
use,TRUE
location,TRUE
list,TRUE
placement,FALSE
construction,FALSE
layout,TRUE
length,FALSE
burn,FALSE
loss,TRUE
building,FALSE
room,FALSE
build,TRUE
seat,FALSE
door,FALSE
window,TRUE
house,FALSE
furniture,FALSE
seat,FALSE
road,FALSE
corridor,FALSE
floor,FALSE
visual,FALSE
cultural,FALSE
interactive,FALSE
educational,FALSE
multimedia,FALSE
share,TRUE
delivery,FALSE
filter,FALSE
also,FALSE
consumption,FALSE
play,TRUE
play,TRUE
play,TRUE
serve,TRUE
take,TRUE
hold,TRUE
play,TRUE
occupy,FALSE
perform,TRUE
provide,TRUE
fill,FALSE
carry,TRUE
include,TRUE
assume,FALSE
role,TRUE
part,TRUE
role,TRUE
factor,FALSE
role,TRUE
player,TRUE
importance,FALSE
step,TRUE
ingredient,FALSE
aspect,TRUE
training,FALSE
research,TRUE
this,FALSE
visual,FALSE
an,FALSE
game,TRUE
datum,TRUE
text,TRUE
memory,FALSE
language,TRUE
Digital,FALSE
image,TRUE
interaction,TRUE
involvement,FALSE
intervention,FALSE
interaction,TRUE
engagement,FALSE
choice,FALSE
participation,FALSE
render,TRUE
get,TRUE
keep,TRUE
develop,TRUE
create,TRUE
turn,TRUE
understand,TRUE
improve,TRUE
design,TRUE
human,FALSE
feel,TRUE
base,TRUE
#,FALSE
need,TRUE
trust,FALSE
ask,TRUE
end,TRUE
non,TRUE
ex,FALSE
co,FALSE
multi,FALSE
end,TRUE
sub,FALSE
side,FALSE
Non,FALSE
micro,FALSE
operator,TRUE
manager,FALSE
maker,FALSE
look,TRUE
draw,TRUE
pull,FALSE
build,TRUE
pick,FALSE
sign,FALSE
dial,FALSE
write,TRUE
pop,FALSE
custom,FALSE
personal,FALSE
facebook,FALSE
different,FALSE
profile,FALSE
account,TRUE
profile,TRUE
site,TRUE
preference,FALSE
contact,FALSE
fee,FALSE
assign,FALSE
connect,FALSE
limit,TRUE
link,TRUE
guide,FALSE
direct,FALSE
expose,FALSE
introduce,TRUE
fund,FALSE
task,TRUE
funding,FALSE
money,FALSE
Google,FALSE
community,TRUE
freedom,FALSE
possibility,FALSE
right,FALSE
skill,FALSE
switch,TRUE
select,TRUE
differentiate,FALSE
distinguish,FALSE
alternate,FALSE
communicate,FALSE
swap,FALSE
peripheral,FALSE
keyboard,FALSE
electronic,FALSE
touch,FALSE
AI,FALSE
digital,FALSE
key,TRUE
mode,FALSE
various,FALSE
multiple,FALSE
particular,FALSE
command,TRUE
button,FALSE
input,TRUE
switch,FALSE
light,FALSE
arrow,FALSE
motor,FALSE
wire,FALSE
icon,FALSE
letter,FALSE
display,TRUE
node,FALSE
sensor,FALSE
screen,TRUE
customer,TRUE
consumer,FALSE
player,TRUE
driver,FALSE
human,TRUE
owner,FALSE
prefer,FALSE
want,TRUE
share,TRUE
know,TRUE
possess,FALSE
lack,TRUE
enjoy,FALSE
operate,TRUE
playback,FALSE
view,TRUE
speech,FALSE
mouse,FALSE
button,FALSE
set,TRUE
unit,FALSE
phone,FALSE
phone,FALSE
platform,TRUE
#,FALSE
person,TRUE
anyone,FALSE
child,FALSE
adult,FALSE
patient,FALSE
student,FALSE
Microsoft,FALSE
content,FALSE
information,TRUE
technology,TRUE
knowledge,FALSE
medium,TRUE
communication,TRUE
security,TRUE
network,FALSE
semantic,FALSE
relationship,FALSE
behavior,FALSE
integration,FALSE
understanding,FALSE
change,TRUE
extend,FALSE
change,TRUE
use,TRUE
direct,TRUE
relate,TRUE
connect,FALSE
manage,TRUE
integrate,FALSE
from,FALSE
appearance,FALSE
single,FALSE
common,FALSE
share,TRUE
relationship,FALSE
activity,FALSE
website,TRUE
project,TRUE
company,TRUE
small,FALSE
task,TRUE
focus,TRUE
work,TRUE
peer,FALSE
large,FALSE
solution,FALSE
find,TRUE
identify,TRUE
acquire,FALSE
gather,FALSE
preserve,FALSE
capture,FALSE
collect,TRUE
discover,FALSE
something,FALSE
advice,FALSE
relevance,FALSE
concern,TRUE
significance,FALSE
convenience,FALSE
assistance,FALSE
import,FALSE
consequence,FALSE
audience,FALSE
participant,FALSE
viewer,FALSE
allow,TRUE
enable,TRUE
gain,TRUE
promote,TRUE
enhance,FALSE
ensure,FALSE
response,TRUE
contribution,FALSE
exposure,FALSE
in,FALSE
select,TRUE
with,FALSE
on,FALSE
define,TRUE
within,FALSE
choose,TRUE
variable,FALSE
symbol,FALSE
quantity,FALSE
indicator,FALSE
temperature,FALSE
unit,TRUE
degree,FALSE
meter,FALSE
measurement,TRUE
measurement,TRUE
measure,TRUE
measure,TRUE
currency,FALSE
scale,FALSE
quantity,FALSE
measure,TRUE
usage,FALSE
terminology,FALSE
plan,TRUE
construct,FALSE
consider,TRUE
establish,TRUE
standardize,FALSE
chart,FALSE
use,TRUE
collaboration,FALSE
industry,FALSE
stakeholder,FALSE
organisation,FALSE
audience,FALSE
business,TRUE
society,FALSE
production,FALSE
generation,FALSE
demand,FALSE
expression,FALSE
structure,TRUE
price,FALSE
mark,TRUE
law,TRUE
instrument,FALSE
weight,FALSE
magnitude,FALSE
pressure,FALSE
energy,FALSE
date,FALSE
gender,FALSE
name,TRUE
day,TRUE
country,FALSE
temperature,FALSE
frequency,FALSE
pH,FALSE
frequency,FALSE
longitude,FALSE
place,TRUE
month,FALSE
hour,FALSE
week,FALSE
period,TRUE
telephone,TRUE
postal,FALSE
serial,FALSE
bank,FALSE
car,FALSE
include,TRUE
street,FALSE
call,TRUE
#,FALSE
history,TRUE
digit,FALSE
state,TRUE
stamp,FALSE
address,TRUE
passport,FALSE
city,FALSE
custom,FALSE
airport,FALSE
district,FALSE
combine,FALSE
arrange,FALSE
align,FALSE
addition,TRUE
practice,FALSE
contrast,TRUE
short,FALSE
summary,FALSE
essence,FALSE
detail,TRUE
Australia,FALSE
Europe,FALSE
parallel,FALSE
conduct,FALSE
evaluate,TRUE
prepare,FALSE
discuss,FALSE
review,TRUE
undertaking,FALSE
presentation,FALSE
conference,FALSE
guide,FALSE
fundamental,FALSE
goal,TRUE
objective,FALSE
concept,FALSE
practice,FALSE
express,FALSE
give,TRUE
propose,FALSE
take,TRUE
take,TRUE
take,TRUE
bring,TRUE
call,TRUE
keep,TRUE
bear,FALSE
hold,TRUE
carry,TRUE
draw,FALSE
consideration,FALSE
government,FALSE
driver,FALSE
India,FALSE
Mexico,FALSE
Singapore,FALSE
Afghanistan,FALSE
Pakistan,FALSE
China,FALSE
Washington,FALSE
sweden,FALSE
France,FALSE
Canada,FALSE
force,TRUE
adapt,FALSE
speak,FALSE
talk,TRUE
respond,FALSE
appeal,FALSE
signal,TRUE
reach,TRUE
attend,FALSE
cater,FALSE
incident,FALSE
threat,FALSE
crime,FALSE
crime,FALSE
attack,FALSE
violence,FALSE
riot,FALSE
reaction,FALSE
jail,FALSE
spare,FALSE
leisure,FALSE
lose,FALSE
waste,FALSE
waste,FALSE
real,FALSE
incorporate,FALSE
involve,TRUE
age,FALSE
simulation,FALSE
#,FALSE
#,FALSE
#,FALSE
scheme,FALSE
scenario,FALSE
comment,FALSE
decision,FALSE
guidance,FALSE
major,FALSE
premise,FALSE
domain,TRUE
browser,TRUE
editing,FALSE
screen,TRUE
print,TRUE
graphic,FALSE
read,TRUE
picture,FALSE
write,TRUE
programming,FALSE
action,TRUE
animation,FALSE
character,TRUE
process,TRUE
interpretation,FALSE
observation,FALSE
perception,FALSE
description,TRUE
mean,TRUE
write,TRUE
type,TRUE
passage,FALSE
manuscript,FALSE
topic,FALSE
text,TRUE
corpus,FALSE
manuscript,FALSE
facilitate,FALSE
aid,FALSE
enhance,FALSE
accompany,FALSE
guide,TRUE
encourage,TRUE
assist,TRUE
undertake,FALSE
strategy,FALSE
whether,FALSE
namely,FALSE
without,FALSE
avoid,TRUE
involve,TRUE
especially,FALSE
formation,FALSE
introduction,FALSE
publication,FALSE
composition,FALSE
construction,FALSE
sentence,TRUE
phrase,FALSE
section,TRUE
#,FALSE
clip,FALSE
burst,FALSE
fragment,FALSE
sequence,FALSE
pause,FALSE
division,FALSE
break,FALSE
split,FALSE
subdivision,FALSE
cut,FALSE
divide,FALSE
fold,FALSE
group,TRUE
split,FALSE
sort,FALSE
reduction,FALSE
break,FALSE
sentence,FALSE
word,TRUE
narrative,FALSE
story,FALSE
paragraph,FALSE
chapter,FALSE
segment,FALSE
portion,FALSE
inclusion,FALSE
selection,FALSE
exchange,FALSE
brief,FALSE
usually,FALSE
simply,FALSE
either,FALSE
often,FALSE
shape,FALSE
title,TRUE
dialogue,FALSE
discussion,FALSE
descriptive,FALSE
#,FALSE
#,FALSE
#,FALSE
#,FALSE
#,FALSE
#,FALSE
keep,TRUE
hold,TRUE
carry,FALSE
preserve,FALSE
active,FALSE
air,FALSE
rail,FALSE
feasible,FALSE
permit,TRUE
reasonable,FALSE
intend,TRUE
life,TRUE
year,TRUE
purpose,TRUE
lifetime,FALSE
severity,FALSE
entity,FALSE
institution,FALSE
organisation,FALSE
jurisdiction,FALSE
state,FALSE
department,FALSE
apply,TRUE
belong,FALSE
relate,TRUE
refer,TRUE
assign,FALSE
matter,FALSE
respond,FALSE
assign,FALSE
contribute,FALSE
operate,TRUE
not,FALSE
stop,TRUE
without,FALSE
by,FALSE
never,FALSE
prevent,FALSE
prevent,FALSE
potentially,FALSE
unwanted,FALSE
previously,FALSE
window,TRUE
window,FALSE
window,TRUE
store,TRUE
desktop,FALSE
preview,FALSE
front,FALSE
destination,FALSE
flash,FALSE
picture,FALSE
green,FALSE
home,FALSE
pop,TRUE
back,FALSE
bottom,FALSE
top,TRUE
plug,FALSE
close,FALSE
flip,FALSE
mark,FALSE
one,TRUE
open,TRUE
unlocked,FALSE
accessible,FALSE
activate,FALSE
suit,FALSE
become,FALSE
defeat,FALSE
finish,FALSE
pass,FALSE
implement,TRUE
help,TRUE
conclude,FALSE
fail,FALSE
visitor,FALSE
attacker,FALSE
owner,FALSE
test,TRUE
allow,TRUE
aid,TRUE
encourage,TRUE
manufacturer,FALSE
engineer,FALSE
designer,FALSE
analyst,FALSE
repair,FALSE
exploit,FALSE
recognize,FALSE
discover,FALSE
result,TRUE
actual,FALSE
potential,FALSE
late,FALSE
version,TRUE
patch,FALSE
engineering,FALSE
scientific,FALSE
theoretical,FALSE
conceptual,FALSE
organize,FALSE
force,TRUE
theory,FALSE
spirit,FALSE
philosophy,FALSE
wheel,FALSE
thread,FALSE
figure,FALSE
#,FALSE
characterization,FALSE
#,FALSE
be,FALSE
part,TRUE
equipment,TRUE
be,FALSE
also,FALSE
generation,FALSE
entry,FALSE
system,FALSE
architecture,FALSE
manager,FALSE
unit,FALSE
program,FALSE
center,FALSE
control,FALSE
management,FALSE
structure,FALSE
would,FALSE
must,FALSE
shall,FALSE
could,FALSE
may,FALSE
help,TRUE
ensure,FALSE
keep,TRUE
run,TRUE
function,TRUE
consistent,FALSE
go,TRUE
evolve,FALSE
accord,TRUE
relative,FALSE
conform,FALSE
accordingly,FALSE
similar,FALSE
appropriately,FALSE
tailor,FALSE
due,FALSE
specification,TRUE
regard,TRUE
regard,TRUE
relation,FALSE
respect,FALSE
proportion,FALSE
add,TRUE
maintain,TRUE
support,TRUE
exist,FALSE
#,FALSE
three,FALSE
additional,FALSE
read,TRUE
graphic,TRUE
graphic,FALSE
character,FALSE
photo,FALSE
#,FALSE
guide,FALSE
magazine,FALSE
advertisement,FALSE
cut,FALSE
turn,TRUE
leave,TRUE
burn,FALSE
rip,FALSE
strip,FALSE
drop,FALSE
sell,FALSE
round,FALSE
break,FALSE
wear,FALSE
watch,FALSE
appreciate,FALSE
interpret,FALSE
familiar,FALSE
satisfy,FALSE
supply,FALSE
comfortable,FALSE
confront,FALSE
unfamiliar,FALSE
happy,FALSE
experiment,FALSE
face,TRUE
concern,FALSE
script,FALSE
photo,FALSE
document,TRUE
register,FALSE
record,TRUE
verify,FALSE
default,FALSE
contain,TRUE
give,TRUE
collect,TRUE
deliver,TRUE
offer,TRUE
store,TRUE
publish,TRUE
present,TRUE
thing,FALSE
personnel,FALSE
duty,FALSE
location,TRUE
coordinate,FALSE
position,FALSE
file,TRUE
report,TRUE
sort,FALSE
order,TRUE
pende,FALSE
schedule,TRUE
scheduling,FALSE
investigate,FALSE
clear,FALSE
postpone,FALSE
confirm,FALSE
administrative,FALSE
special,FALSE
emergency,FALSE
priority,FALSE
important,FALSE
routine,FALSE
daily,FALSE
arrest,FALSE
charge,FALSE
hearing,FALSE
enable,TRUE
help,TRUE
encourage,TRUE
encourage,TRUE
assist,TRUE
require,TRUE
military,FALSE
train,FALSE
senior,FALSE
department,FALSE
team,TRUE
team,TRUE
officer,FALSE
commander,FALSE
think,FALSE
learn,FALSE
prepare,TRUE
behave,FALSE
react,FALSE
efficiently,FALSE
well,FALSE
proceed,FALSE
deal,FALSE
success,FALSE
effort,TRUE
effectiveness,FALSE
capacity,FALSE
variant,FALSE
vehicle,FALSE
designate,FALSE
number,TRUE
know,TRUE
code,TRUE
rate,TRUE
edition,FALSE
volume,FALSE
date,TRUE
venue,FALSE
schedule,FALSE
distance,FALSE
category,FALSE
occasion,FALSE
night,FALSE
election,FALSE
award,FALSE
death,FALSE
birth,FALSE
competition,FALSE
trial,FALSE
election,FALSE
match,TRUE
describe,TRUE
discuss,FALSE
define,TRUE
regard,TRUE
cover,TRUE
concern,FALSE
direction,FALSE
verbal,FALSE
speak,FALSE
simple,FALSE
animate,FALSE
indirect,FALSE
speak,FALSE
#,FALSE
gesture,FALSE
robot,FALSE
aircraft,FALSE
local,FALSE
enterprise,FALSE
cloud,FALSE
high,FALSE
prototype,FALSE
operate,TRUE
distribute,FALSE
deliver,TRUE
plan,TRUE
instance,TRUE
noun,FALSE
specie,FALSE
animal,FALSE
group,TRUE
categorize,FALSE
divide,FALSE
class,TRUE
form,TRUE
require,TRUE
number,FALSE
code,TRUE
colour,FALSE
rhyme,FALSE
rank,FALSE
score,FALSE
element,TRUE
pattern,FALSE
box,FALSE
genre,FALSE
behavior,FALSE
involve,TRUE
involve,TRUE
comprise,FALSE
search,TRUE
handle,TRUE
analyze,FALSE
check,FALSE
raw,FALSE
manage,TRUE
track,FALSE
automate,FALSE
host,TRUE
transaction,FALSE
search,TRUE
monitor,FALSE
call,TRUE
perform,TRUE
start,TRUE
instal,FALSE
launch,TRUE
enter,FALSE
buy,FALSE
introduce,TRUE
chat,FALSE
commerce,FALSE
book,TRUE
mail,FALSE
reader,FALSE
search,FALSE
terminal,FALSE
execute,FALSE
answer,FALSE
session,FALSE
room,FALSE
#,FALSE
#,FALSE
#,FALSE
direct,TRUE
movement,TRUE
act,TRUE
behaviour,FALSE
compile,FALSE
block,FALSE
stream,FALSE
stack,FALSE
batch,FALSE
pool,FALSE
string,FALSE
portfolio,FALSE
job,FALSE
mission,FALSE
#,FALSE
#,FALSE
#,FALSE
#,FALSE
#,FALSE
#,FALSE
#,FALSE
#,FALSE
#,FALSE
#,FALSE
focus,TRUE
concentrate,FALSE
centre,TRUE
focus,TRUE
intent,FALSE
focus,TRUE
found,FALSE
concentrate,FALSE
reduce,FALSE
restore,FALSE
raise,FALSE
care,FALSE
civilian,FALSE
enlist,FALSE
police,TRUE
sector,FALSE
workforce,FALSE
industry,FALSE
leadership,FALSE
policeman,FALSE
professional,FALSE
stand,FALSE
serve,TRUE
live,TRUE
position,TRUE
outer,FALSE
lead,TRUE
competitive,FALSE
northern,FALSE
defensive,FALSE
disciplinary,FALSE
corporate,FALSE
political,FALSE
edge,TRUE
edge,TRUE
station,FALSE
station,TRUE
centre,FALSE
desk,FALSE
coordinate,FALSE
oversee,FALSE
day,FALSE
evening,FALSE
morning,FALSE
moment,FALSE
minute,FALSE
afternoon,FALSE
day,TRUE
everyday,FALSE
dusk,FALSE
Sunday,FALSE
tomorrow,FALSE
night,FALSE
Friday,FALSE
noon,FALSE
live,FALSE
responsibility,FALSE
flow,FALSE
patrol,FALSE
enforcement,FALSE
official,FALSE
administration,FALSE
survey,FALSE
poll,FALSE
study,FALSE
final,FALSE
testing,FALSE
obtain,TRUE
collect,FALSE
retrieve,TRUE
extract,FALSE
import,FALSE
source,TRUE
release,FALSE
pull,FALSE
combination,FALSE
excess,FALSE
pack,FALSE
block,FALSE
cluster,FALSE
example,TRUE
solve,FALSE
complete,TRUE
apply,TRUE
loop,FALSE
sweep,FALSE
transaction,FALSE
imply,FALSE
partial,FALSE
random,FALSE
long,FALSE
dictionary,FALSE
become,TRUE
note,TRUE
so,FALSE
give,TRUE
note,TRUE
consider,TRUE
assume,FALSE
difference,TRUE
clause,FALSE
degree,FALSE
condition,FALSE
dimension,FALSE
class,TRUE
rule,TRUE
subject,TRUE
dog,FALSE
swimmer,FALSE
infant,FALSE
difficulty,TRUE
difficulty,TRUE
trouble,FALSE
limitation,FALSE
disability,FALSE
trouble,FALSE
ability,FALSE
expertise,FALSE
recognize,FALSE
see,TRUE
distinguish,FALSE
match,FALSE
shape,TRUE
colour,TRUE
sign,FALSE
sound,FALSE
tone,FALSE
marking,FALSE
paint,FALSE
color,FALSE
variation,FALSE
vision,FALSE
disorder,FALSE
spot,FALSE
difference,FALSE
near,FALSE
pitch,FALSE
double,FALSE
color,TRUE
sight,FALSE
blue,FALSE
white,FALSE
blind,FALSE
block,FALSE
sensitive,FALSE
switch,FALSE
sensitivity,FALSE
shift,FALSE
keep,TRUE
keep,TRUE
make,TRUE
make,TRUE
make,TRUE
be,FALSE
general,FALSE
computer,TRUE
human,FALSE
many,FALSE
able,FALSE
expect,TRUE
careful,FALSE
show,TRUE
face,TRUE
eye,FALSE
advance,FALSE
modern,FALSE
advance,FALSE
emerge,FALSE
low,FALSE
poor,FALSE
jump,FALSE
change,TRUE
transform,FALSE
go,TRUE
convert,FALSE
basic,FALSE
primary,FALSE
elementary,FALSE
essential,FALSE
good,FALSE
dimension,FALSE
theory,FALSE
awareness,FALSE
consciousness,FALSE
think,TRUE
think,TRUE
intelligence,FALSE
judgment,FALSE
psychology,FALSE
examine,FALSE
compare,FALSE
study,FALSE
notebook,FALSE
concept,FALSE
take,TRUE
compensate,FALSE
advocate,FALSE
friendly,FALSE
variant,FALSE
model,TRUE
troop,FALSE
assess,FALSE
locate,TRUE
punish,FALSE
treat,FALSE
weapon,FALSE
anything,FALSE
everything,FALSE
middle,FALSE
head,FALSE
article,FALSE
award,FALSE
satisfy,FALSE
vary,TRUE
obey,FALSE
differ,FALSE
machine,TRUE
every,FALSE
transfer,FALSE
except,FALSE
see,TRUE
find,TRUE
give,TRUE
credit,FALSE
credit,FALSE
info,FALSE
track,FALSE
bonus,FALSE
note,FALSE
disc,FALSE
episode,FALSE
colour,FALSE
TRUE,FALSE
body,FALSE
of,FALSE
light,FALSE
natural,FALSE
pure,FALSE
perfect,FALSE
red,FALSE
colour,FALSE
colour,TRUE
white,FALSE
understand,TRUE
perceive,FALSE
study,FALSE
regard,TRUE
caution,FALSE
ease,FALSE
certainty,FALSE
precision,FALSE
discretion,FALSE
distinction,FALSE
bear,FALSE
hold,TRUE
put,TRUE
carry,TRUE
mind,FALSE
hand,FALSE
skill,FALSE
interest,FALSE
employ,TRUE
determine,TRUE
reality,FALSE
stimulus,FALSE
medium,TRUE
transmit,FALSE
record,TRUE
risk,FALSE
incidence,FALSE
probability,FALSE
percentage,FALSE
month,TRUE
week,FALSE
minute,FALSE
cycle,FALSE
episode,FALSE
occasion,FALSE
termination,FALSE
employment,FALSE
terrorism,FALSE
exceed,TRUE
decrease,FALSE
equal,FALSE
exceed,TRUE
exceed,TRUE
per,FALSE
_,FALSE
digit,FALSE
notice,FALSE
cycle,FALSE
interval,FALSE
cover,TRUE
wish,TRUE
ought,FALSE
deserve,FALSE
address,FALSE
visible,FALSE
communicate,FALSE
receiver,FALSE
target,FALSE
unlock,FALSE
retrieve,TRUE
enter,FALSE
recover,FALSE
second,FALSE
gb,FALSE
inch,FALSE
volume,FALSE
load,FALSE
recover,FALSE
empty,FALSE
acquire,FALSE
purchase,FALSE
process,TRUE
deposit,FALSE
fill,FALSE
ship,FALSE
second,FALSE
moment,FALSE
minute,FALSE
depth,FALSE
density,FALSE
cell,FALSE
container,FALSE
battery,FALSE
region,FALSE
package,FALSE
separate,FALSE
separate,FALSE
distance,FALSE
external,FALSE
separate,FALSE
distinguish,TRUE
distinct,FALSE
navigation,TRUE
movement,FALSE
flight,FALSE
cable,FALSE
route,FALSE
controller,FALSE
gps,FALSE
post,FALSE
merely,FALSE
indicate,FALSE
centre,FALSE
station,FALSE
division,FALSE
group,FALSE
serve,TRUE
act,TRUE
serve,TRUE
work,TRUE
function,TRUE
act,TRUE
double,FALSE
hub,FALSE
gateway,FALSE
center,FALSE
portal,FALSE
bridge,FALSE
virtual,FALSE
exchange,TRUE
exchange,TRUE
interchange,FALSE
citizen,TRUE
army,FALSE
soldier,FALSE
civilian,FALSE
civil,FALSE
governmental,FALSE
foreign,FALSE
professional,FALSE
employee,FALSE
cooperation,FALSE
working,FALSE
contact,FALSE
relation,FALSE
duty,FALSE
partnership,FALSE
work,TRUE
cooperation,FALSE
dialogue,FALSE
integration,FALSE
meet,TRUE
act,TRUE
prosecutor,FALSE
judiciary,FALSE
file,TRUE
settlement,FALSE
preparation,FALSE
prosecution,TRUE
offence,FALSE
suspect,FALSE
criminal,FALSE
offender,FALSE
dispute,FALSE
corruption,FALSE
murder,FALSE
portion,FALSE
member,TRUE
extension,TRUE
piece,FALSE
recruitment,FALSE
judicial,FALSE
legal,FALSE
defence,FALSE
defense,FALSE
prohibit,FALSE
recommend,FALSE
mention,FALSE
justify,FALSE
mandate,FALSE
sell,FALSE
artifact,FALSE
body,TRUE
coin,FALSE
victim,FALSE
card,FALSE
prisoner,FALSE
achieve,TRUE
meet,TRUE
obtain,TRUE
wait,FALSE
completion,FALSE
coverage,FALSE
test,TRUE
flight,FALSE
experimental,FALSE
regulatory,FALSE
practical,FALSE
critical,FALSE
adopt,TRUE
pair,FALSE
set,TRUE
subset,FALSE
array,FALSE
handful,FALSE
develop,TRUE
taste,FALSE
sound,FALSE
tone,FALSE
finish,FALSE
fit,TRUE
texture,FALSE
smell,FALSE
indicate,TRUE
denote,FALSE
prove,FALSE
confirm,FALSE
establish,TRUE
recognize,FALSE
declare,FALSE
assert,FALSE
check,TRUE
citation,FALSE
party,FALSE
party,FALSE
officer,FALSE
commit,FALSE
know,TRUE
observe,FALSE
#,FALSE
#,FALSE
contract,FALSE
#,FALSE
#,FALSE
#,FALSE
#,FALSE
#,FALSE
#,FALSE
#,FALSE
#,FALSE
exercise,FALSE
guarantee,FALSE
capable,FALSE
mean,TRUE
embed,FALSE
usable,FALSE
axi,FALSE
d,FALSE
dimensional,FALSE
stage,FALSE
tier,TRUE
phase,FALSE
bit,FALSE
node,FALSE
modular,FALSE
hybrid,FALSE
audit,TRUE
assessment,FALSE
accounting,FALSE
financial,FALSE
inspection,FALSE
environmental,FALSE
trail,TRUE
path,FALSE
alert,FALSE
disable,FALSE
restore,FALSE
trigger,FALSE
predict,FALSE
analyze,FALSE
initiate,FALSE
violation,FALSE
supervision,FALSE
publish,TRUE
pass,FALSE
inventory,FALSE
trail,FALSE
log,FALSE
tree,FALSE
neural,FALSE
simplify,FALSE
extend,TRUE
balance,FALSE
tune,FALSE
redesign,FALSE
self,FALSE
auto,FALSE
meta,FALSE
counter,FALSE
well,FALSE
EU,FALSE
society,FALSE
association,FALSE
Minister,FALSE
promote,TRUE
amount,FALSE
margin,FALSE
continuity,FALSE
connectivity,FALSE
governance,FALSE
border,FALSE
effective,FALSE
crowd,FALSE
centralize,FALSE
highly,FALSE
generate,TRUE
run,TRUE
delay,FALSE
view,TRUE
editor,FALSE
publisher,FALSE
viewer,FALSE
visitor,FALSE
participant,FALSE
desire,TRUE
intend,TRUE
seek,TRUE
journal,FALSE
newspaper,FALSE
magazine,FALSE
restriction,FALSE
permission,FALSE
glass,FALSE
confusion,FALSE
seem,FALSE
want,TRUE
look,TRUE
attempt,FALSE
aim,TRUE
tend,FALSE
try,TRUE
start,TRUE
begin,FALSE
resemble,FALSE
small,FALSE
short,FALSE
long,FALSE
strong,FALSE
fast,FALSE
new,FALSE
#,FALSE
#,FALSE
#,FALSE
#,FALSE
#,FALSE
#,FALSE
expand,FALSE
say,TRUE
aim,TRUE
concentrate,FALSE
depend,TRUE
investigator,FALSE
resident,FALSE
lawyer,FALSE
meet,FALSE
clean,FALSE
interrogation,FALSE
screen,TRUE
worker,FALSE
specialist,FALSE
partner,FALSE
volunteer,FALSE
fraud,FALSE
forensic,FALSE
threat,FALSE
scene,FALSE
fight,FALSE
host,FALSE
transmitter,FALSE
outside,FALSE
elsewhere,FALSE
commit,FALSE
conduct,FALSE
tag,FALSE
mark,FALSE
therefore,FALSE
thus,FALSE
instead,FALSE
advise,FALSE
#,FALSE
across,FALSE
glance,FALSE
least,FALSE
justification,FALSE
parliament,FALSE
justice,FALSE
consultation,FALSE
target,FALSE
mission,FALSE
instruction,TRUE
agreement,FALSE
notation,FALSE
linguistic,FALSE
global,FALSE
universal,FALSE
statistical,FALSE
cross,FALSE
self,TRUE
pre,FALSE
determination,FALSE
reliance,FALSE
sustainability,FALSE
discipline,FALSE
esteem,FALSE
efficacy,FALSE
detail,TRUE
support,TRUE
comprise,FALSE
encompasse,FALSE
represent,FALSE
path,FALSE
determine,TRUE
cover,TRUE
allocate,FALSE
prescribe,FALSE
defendant,FALSE
plaintiff,FALSE
lawyer,FALSE
prisoner,FALSE
suspect,FALSE
judge,FALSE
inability,FALSE
refusal,FALSE
attempt,TRUE
unable,FALSE
requirement,TRUE
grant,FALSE
seek,FALSE
deny,TRUE
grant,FALSE
entrance,FALSE
admission,FALSE
immunity,FALSE
commit,FALSE
declare,FALSE
allege,FALSE
prove,FALSE
prevent,FALSE
admit,FALSE
correct,FALSE
exclude,FALSE
claim,FALSE
constitute,FALSE
constitute,FALSE
congestion,FALSE
limitation,FALSE
denial,FALSE
represent,TRUE
determine,TRUE
quality,TRUE
trait,FALSE
consideration,FALSE
ad,FALSE
employee,FALSE
acceptance,FALSE
approval,FALSE
reliability,FALSE
simplicity,FALSE
consistency,FALSE
successful,FALSE
eventual,FALSE
efficient,FALSE
immediate,FALSE
market,FALSE
brand,FALSE
public,FALSE
social,FALSE
its,FALSE
private,FALSE
certification,FALSE
fulfill,FALSE
bear,FALSE
expectation,FALSE
demand,FALSE
obligation,FALSE
take,TRUE
take,TRUE
full,FALSE
advantage,FALSE
charge,FALSE
stock,FALSE
responsibility,FALSE
respective,FALSE
diverse,FALSE
differ,FALSE
vary,FALSE
routine,FALSE
supply,FALSE
assess,FALSE
transportation,FALSE
#,FALSE
pathway,FALSE
group,FALSE
population,FALSE
zone,FALSE
band,FALSE
logistic,FALSE
entertainment,FALSE
desire,FALSE
association,FALSE
enter,TRUE
child,FALSE
patient,FALSE
follow,TRUE
convention,FALSE
issue,TRUE
initiative,FALSE
passage,FALSE
satellite,FALSE
ground,TRUE
ip,FALSE
h,FALSE
t,FALSE
dot,FALSE
inch,FALSE
scan,FALSE
probe,FALSE
min,FALSE
computational,FALSE
processor,FALSE
you,FALSE
one,FALSE
he,FALSE
we,FALSE
player,TRUE
it,FALSE
extract,FALSE
collect,FALSE
hide,FALSE
gather,FALSE
acquire,FALSE
steal,FALSE
praise,FALSE
thank,FALSE
permit,TRUE
ask,TRUE
expect,TRUE
direct,TRUE
invite,FALSE
urge,FALSE
firm,FALSE
visit,FALSE
payment,FALSE
purchase,FALSE
trip,FALSE
move,TRUE
effort,TRUE
arrangement,FALSE
confirm,FALSE
support,TRUE
socket,FALSE
optimization,FALSE
another,FALSE
engine,FALSE
host,FALSE
change,TRUE
that,FALSE
regulation,FALSE
example,TRUE
subject,TRUE
restrict,FALSE
adverse,FALSE
confine,FALSE
prone,FALSE
email,TRUE
call,FALSE
tv,FALSE
pc,FALSE
caller,FALSE
provider,FALSE
wish,TRUE
decide,TRUE
agree,TRUE
choose,TRUE
continue,FALSE
want,TRUE
intend,TRUE
like,TRUE
initiate,FALSE
suggest,FALSE
mention,FALSE
activation,FALSE
attack,FALSE
statement,TRUE
record,FALSE
chain,FALSE
risk,FALSE
reading,FALSE
conduct,FALSE
everyone,FALSE
everybody,FALSE
chief,FALSE
chief,FALSE
deputy,FALSE
resident,FALSE
volunteer,FALSE
qualified,FALSE
representative,FALSE
worker,FALSE
policeman,FALSE
inspector,FALSE
man,FALSE
assistant,FALSE
guard,FALSE
subordinate,FALSE
district,FALSE
precinct,FALSE
brigade,FALSE
branch,FALSE
county,FALSE
headquarter,FALSE
deal,FALSE
deal,FALSE
clash,FALSE
meet,TRUE
clash,FALSE
consult,FALSE
connect,TRUE
work,TRUE
patrol,FALSE
engage,FALSE
speak,FALSE
retrieve,TRUE
move,TRUE
sunday,FALSE
later,FALSE
first,FALSE
\\,FALSE
early,FALSE
#,FALSE
#,FALSE
10,FALSE
#,FALSE
#,FALSE
12,FALSE
#,FALSE
#,FALSE
#,FALSE
#,FALSE
#,FALSE
#,FALSE
#,FALSE
#,FALSE
#,FALSE
#,FALSE
semester,FALSE
quarter,FALSE
season,FALSE
week,FALSE
framework,FALSE
base,TRUE
test,TRUE
ground,FALSE
reference,TRUE
bar,FALSE
java,FALSE
android,FALSE
practitioner,FALSE
flexible,FALSE
a,FALSE
most,FALSE
any,FALSE
another,FALSE
expression,FALSE
useful,FALSE
inside,FALSE
around,FALSE
route,FALSE
replace,FALSE
supplement,FALSE
associate,FALSE
contrast,TRUE
confuse,FALSE
pair,FALSE
synonymous,FALSE
meaning,FALSE
pilot,FALSE
diver,FALSE
observer,FALSE
contingent,FALSE
rely,FALSE
depend,TRUE
depend,TRUE
conditional,FALSE
depend,TRUE
taste,FALSE
nautical,FALSE
maritime,FALSE
marine,FALSE
aviation,FALSE
geographic,FALSE
likelihood,FALSE
explore,FALSE
note,TRUE
evaluate,FALSE
#,FALSE
#,FALSE
#,FALSE
#,FALSE
#,FALSE
team,FALSE
force,FALSE
command,FALSE
branch,FALSE
wing,FALSE
section,FALSE
Manual,FALSE
give,TRUE
grant,TRUE
guarantee,FALSE
army,FALSE
detective,FALSE
chief,FALSE
engineer,FALSE
chance,FALSE
undertake,FALSE
mount,FALSE
begin,TRUE
rule,TRUE
standard,FALSE
principle,FALSE
protection,TRUE
safety,TRUE
strategy,FALSE
automatic,FALSE
control,TRUE
autonomous,FALSE
automation,FALSE
autonomous,FALSE
independence,FALSE
autonomy,FALSE
isolation,FALSE
manipulation,FALSE
attachment,FALSE
adjustment,FALSE
cluster,FALSE
club,FALSE
school,FALSE
last,FALSE
continue,FALSE
begin,TRUE
campus,FALSE
companion,FALSE
supplement,FALSE
pdf,FALSE
complement,FALSE
port,FALSE
Wikipedia,FALSE
next,FALSE
easy,FALSE
equation,FALSE
formula,FALSE
similarity,FALSE
#,FALSE
illustrate,FALSE
represent,FALSE
depict,FALSE
summarize,FALSE
indicate,TRUE
demonstrate,FALSE
highlight,FALSE
chart,FALSE
table,TRUE
we,FALSE
un,FALSE
com,FALSE
teach,FALSE
let,TRUE
let,TRUE
traveler,FALSE
passenger,FALSE
sailor,FALSE
remember,FALSE
forget,FALSE
recall,FALSE
land,FALSE
come,TRUE
live,FALSE
walk,TRUE
receive,TRUE
release,FALSE
get,TRUE
calculate,FALSE
analyze,FALSE
anywhere,FALSE
static,FALSE
sample,FALSE
font,FALSE
explain,FALSE
genus,FALSE
foundation,FALSE
forum,FALSE
offer,TRUE
protective,FALSE
mechanical,FALSE
lock,FALSE
clean,FALSE
remove,TRUE
eliminate,FALSE
destroy,FALSE
replace,FALSE
level,FALSE
rating,FALSE
zone,FALSE
NSA,FALSE
multiplayer,FALSE
x,FALSE
v,FALSE
c,FALSE
b,FALSE
#,FALSE
r,FALSE
helpful,FALSE
license,FALSE
fully,FALSE
rapid,FALSE
dynamic,FALSE
foster,FALSE
coordination,FALSE
technological,FALSE
fast,FALSE
innovation,FALSE
innovative,FALSE
government,TRUE
representative,FALSE
leader,FALSE
institution,FALSE
corporation,FALSE
sector,FALSE
enterprise,FALSE
discipline,FALSE
investigate,FALSE
judge,FALSE
progress,FALSE
intention,FALSE
attitude,FALSE
contribute,FALSE
listen,FALSE
respond,FALSE
agree,FALSE
attend,FALSE
commitment,FALSE
reaction,FALSE
attitude,FALSE
belief,FALSE
opinion,FALSE
thought,FALSE
derive,TRUE
differentiate,FALSE
far,FALSE
apart,FALSE
evident,FALSE
observation,FALSE
comment,FALSE
decide,TRUE
inform,FALSE
advise,FALSE
reflect,FALSE
opinion,FALSE
provision,FALSE
radio,FALSE
railway,FALSE
tube,FALSE
fill,FALSE
gas,FALSE
car,FALSE
cruiser,FALSE
significant,FALSE
huge,FALSE
vary,TRUE
great,FALSE
fix,TRUE
proportion,FALSE
firearm,FALSE
curriculum,FALSE
programme,FALSE
govern,FALSE
assess,FALSE
certify,FALSE
four,FALSE
five,FALSE
follow,FALSE
usual,FALSE
radar,FALSE
protect,FALSE
preserve,FALSE
monitor,TRUE
transmit,FALSE
compromise,FALSE
danger,FALSE
spite,FALSE
breakdown,FALSE
shortage,FALSE
destruction,FALSE
disruption,FALSE
theft,FALSE
telecommunication,FALSE
wireless,FALSE
electrical,FALSE
agreement,FALSE
similarity,FALSE
conflict,FALSE
equality,FALSE
problem,TRUE
overview,FALSE
imagery,FALSE
description,TRUE
discuss,FALSE
conjunction,TRUE
accordance,FALSE
relation,FALSE
balance,FALSE
correlation,FALSE
contact,FALSE
exploration,FALSE
ensure,TRUE
expert,FALSE
literature,FALSE
#,FALSE
noise,FALSE
#,FALSE
#,FALSE
#,FALSE
highlight,FALSE
contrast,TRUE
reveal,FALSE
plot,FALSE
mathematical,FALSE
gap,FALSE
overlap,FALSE
gap,FALSE
boundary,FALSE
divide,FALSE
angle,FALSE
ratio,FALSE
width,FALSE
bit,FALSE
together,FALSE
grow,TRUE
become,TRUE
go,TRUE
rotation,FALSE
decomposition,FALSE
growth,FALSE
transformation,FALSE
expansion,FALSE
difficult,FALSE
impossible,FALSE
dangerous,FALSE
problematic,FALSE
inform,FALSE
tell,FALSE
remind,FALSE
show,TRUE
tell,FALSE
remind,FALSE
warn,FALSE
conversation,FALSE
segment,TRUE
panel,FALSE
grant,FALSE
speaker,FALSE
presenter,FALSE
listener,FALSE
guest,FALSE
indication,FALSE
reminder,FALSE
viewpoint,FALSE
#,FALSE
recognise,FALSE
realise,FALSE
#,FALSE
#,FALSE
arrival,FALSE
Monday,FALSE
inspect,FALSE
observe,FALSE
examine,FALSE
notify,FALSE
disclose,FALSE
freely,FALSE
publicly,FALSE
readily,FALSE
safely,FALSE
easily,FALSE
widely,FALSE
reasonably,FALSE
hire,FALSE
assist,TRUE
consulting,FALSE
engage,FALSE
competent,FALSE
observer,FALSE
#,FALSE
contractor,FALSE
affiliation,FALSE
consider,TRUE
trigger,FALSE
administrator,FALSE
agent,FALSE
system,FALSE
program,FALSE
administer,FALSE
render,TRUE
os,FALSE
quickly,FALSE
regularly,FALSE
continuously,FALSE
constantly,FALSE
rapidly,FALSE
separately,FALSE
permanently,FALSE
instantly,FALSE
individually,FALSE
upgrade,FALSE
maximum,FALSE
total,FALSE
zero,FALSE
online,FALSE
critical,FALSE
high,FALSE
good,FALSE
well,FALSE
great,FALSE
creative,FALSE
conscious,FALSE
mental,FALSE
opportunity,FALSE
capture,FALSE
terrain,FALSE
scenery,FALSE
habitat,FALSE
minimal,FALSE
unlimited,FALSE
faculty,FALSE
brain,FALSE
click,FALSE
click,FALSE
rely,TRUE
click,FALSE
rely,TRUE
sit,FALSE
turn,TRUE
shoot,FALSE
cartridge,FALSE
weapon,FALSE
gun,FALSE
bomb,FALSE
song,FALSE
prompt,FALSE
submit,FALSE
receive,TRUE
increase,TRUE
promote,FALSE
raise,FALSE
build,TRUE
reduce,TRUE
maintain,TRUE
decrease,FALSE
welfare,FALSE
sanitation,FALSE
force,TRUE
firefighter,FALSE
politician,FALSE
farmer,FALSE
family,FALSE
cut,FALSE
lay,FALSE
catch,FALSE
push,TRUE
sale,FALSE
purchase,FALSE
sale,FALSE
acquisition,FALSE
sum,FALSE
pile,FALSE
stack,FALSE
collection,FALSE
alcohol,FALSE
good,FALSE
metal,FALSE
water,FALSE
food,FALSE
NFC,FALSE
usb,FALSE
Linux,FALSE
primary,FALSE
prefer,FALSE
generally,FALSE
page,TRUE
letter,FALSE
boundary,FALSE
sheet,FALSE
strip,FALSE
leaf,FALSE
chapter,FALSE
variable,FALSE
suit,FALSE
orientation,FALSE
raid,FALSE
warrant,FALSE
robbery,FALSE
hear,FALSE
lodge,FALSE
dismiss,FALSE
accept,TRUE
reject,FALSE
Congress,FALSE
somebody,FALSE
justice,FALSE
oversee,FALSE
commence,FALSE
halt,FALSE
appeal,FALSE
investigative,FALSE
inquiry,FALSE
achieve,TRUE
fulfil,FALSE
reach,TRUE
address,TRUE
implement,TRUE
satisfy,FALSE
pursue,FALSE
realize,FALSE
balance,FALSE
end,TRUE
outcome,FALSE
designer,FALSE
suggestion,FALSE
idea,TRUE
tip,FALSE
adjust,FALSE
fit,FALSE
alter,FALSE
expand,FALSE
affect,TRUE
connect,FALSE
free,FALSE
design,TRUE
special,FALSE
electronic,FALSE
support,TRUE
smart,FALSE
leave,TRUE
bring,TRUE
researcher,FALSE
analyst,FALSE
ask,TRUE
permit,TRUE
invite,FALSE
answer,FALSE
sort,TRUE
sort,TRUE
assignment,FALSE
report,FALSE
survey,FALSE
report,FALSE
type,TRUE
quality,TRUE
feature,TRUE
classification,FALSE
resolution,FALSE
composition,FALSE
study,FALSE
analysis,TRUE
shade,FALSE
form,TRUE
illustration,FALSE
fly,FALSE
board,FALSE
handwriting,FALSE
temporal,FALSE
literary,FALSE
height,FALSE
cache,FALSE
protect,FALSE
suite,FALSE
outline,FALSE
outline,FALSE
stage,FALSE
phase,FALSE
lack,TRUE
employ,TRUE
invite,FALSE
challenge,FALSE
engage,FALSE
find,TRUE
have,FALSE
know,TRUE
get,TRUE
vocabulary,FALSE
culture,FALSE
leave,TRUE
exclude,FALSE
census,FALSE
electoral,FALSE
assumption,FALSE
scrutiny,FALSE
secrecy,FALSE
legislation,FALSE
deal,TRUE
charge,FALSE
arise,FALSE
pertain,FALSE
link,TRUE
conflict,FALSE
select,FALSE
lense,FALSE
expensive,FALSE
complicated,FALSE
care,TRUE
exercise,FALSE
assume,FALSE
pay,FALSE
eliminate,FALSE
complication,FALSE
accident,FALSE
mistake,FALSE
crash,FALSE
bug,FALSE
illustration,FALSE
press,FALSE
press,FALSE
tap,FALSE
push,FALSE
press,FALSE
#,FALSE
#,FALSE
camera,FALSE
buffer,FALSE
#,FALSE
wall,FALSE
flip,FALSE
merge,FALSE
move,TRUE
overlap,FALSE
extraction,FALSE
miss,FALSE
link,TRUE
towards,FALSE
proposal,FALSE
those,FALSE
open,TRUE
shop,FALSE
glass,FALSE
office,FALSE
house,FALSE
studio,FALSE
gallery,FALSE
wrap,FALSE
qualify,FALSE
convince,FALSE
candidate,FALSE
voter,FALSE
contestant,FALSE
member,FALSE
parent,FALSE
fan,FALSE
compression,FALSE
preservation,FALSE
encode,FALSE
#,FALSE
regulation,FALSE
agreement,FALSE
airport,FALSE
broadband,FALSE
,FALSE
word,TRUE
name,FALSE
value,FALSE
derive,FALSE
arise,FALSE
come,TRUE
p,FALSE
bracket,FALSE
x,FALSE
when,FALSE
how,FALSE
where,FALSE
differentiation,FALSE
adaptation,FALSE
evolution,FALSE
adaptation,TRUE
equally,FALSE
particularly,FALSE
clearly,FALSE
therapist,FALSE
add,TRUE
show,TRUE
put,TRUE
medical,FALSE
western,FALSE
knife,FALSE
corner,FALSE
be,FALSE
building,FALSE
as,FALSE
coordinate,FALSE
road,FALSE
comprehensive,FALSE
Map,FALSE
guide,FALSE
geographical,FALSE
historical,FALSE
geological,FALSE
architectural,FALSE
regional,FALSE
city,FALSE
sea,FALSE
topography,FALSE
weather,FALSE
landscape,FALSE
suitable,FALSE
recommend,FALSE
produce,TRUE
visually,FALSE
ship,FALSE
extent,FALSE
abstract,FALSE
abbreviate,FALSE
aerial,FALSE
art,FALSE
skip,FALSE
flat,FALSE
blank,FALSE
cheat,FALSE
skip,FALSE
black,FALSE
pad,FALSE
miss,FALSE
quick,FALSE
good,FALSE
activate,FALSE
go,TRUE
go,TRUE
lead,TRUE
cut,FALSE
landmark,FALSE
legacy,FALSE
lead,TRUE
#,FALSE
#,FALSE
#,FALSE
#,FALSE
central,FALSE
root,FALSE
service,FALSE
deploy,FALSE
alternate,FALSE
standard,FALSE
equal,FALSE
equivalent,FALSE
additional,FALSE
logical,FALSE
complementary,FALSE
representation,FALSE
film,FALSE
animation,FALSE
video,TRUE
movie,FALSE
music,FALSE
drawing,FALSE
film,FALSE
compatible,FALSE
image,TRUE
line,TRUE
file,TRUE
area,TRUE
chart,FALSE
picture,FALSE
book,TRUE
paper,TRUE
photo,FALSE
mixed,FALSE
match,TRUE
correspond,FALSE
small,FALSE
scene,FALSE
mark,FALSE
decorate,FALSE
disturb,FALSE
disrupt,FALSE
print,TRUE
ad,FALSE
denote,FALSE
bold,FALSE
italic,FALSE
vertical,FALSE
fuzzy,FALSE
rough,FALSE
plain,FALSE
ink,FALSE
solid,FALSE
drag,FALSE
lift,FALSE
resistance,FALSE
fatigue,FALSE
wear,FALSE
load,FALSE
motion,FALSE
directory,FALSE
arrangement,FALSE
position,FALSE
geometry,FALSE
everything,FALSE
map,TRUE
trust,FALSE
place,TRUE
pace,FALSE
surface,FALSE
resolve,FALSE
reach,FALSE
list,TRUE
note,TRUE
begin,FALSE
margin,FALSE
clue,FALSE
answer,FALSE
shelf,FALSE
teach,FALSE
license,FALSE
several,FALSE
transit,FALSE
choice,FALSE
lane,FALSE
exit,FALSE
shipping,FALSE
refer,FALSE
geography,FALSE
accommodate,FALSE
marketing,FALSE
#,FALSE
#,FALSE
#,FALSE
#,FALSE
#,FALSE
#,FALSE
clock,FALSE
contract,FALSE
calendar,FALSE
average,FALSE
destroy,FALSE
contain,TRUE
transparent,FALSE
target,FALSE
Unix,FALSE
aware,FALSE
impose,FALSE
overhead,FALSE
censorship,FALSE
penalty,FALSE
barrier,FALSE
release,TRUE
hide,FALSE
private,FALSE
center,FALSE
exceed,TRUE
0,FALSE
span,FALSE
server,FALSE
person,TRUE
player,FALSE
driver,FALSE
seek,TRUE
lose,FALSE
gain,FALSE
refuse,FALSE
deny,FALSE
receive,TRUE
reply,FALSE
pay,TRUE
ask,FALSE
wait,FALSE
six,FALSE
rank,FALSE
let,FALSE
jury,FALSE
gather,FALSE
accuse,FALSE
witness,FALSE
victim,FALSE
terrorist,FALSE
vice,FALSE
homicide,FALSE
innocent,FALSE
literacy,FALSE
#,FALSE
#,FALSE
#,FALSE
#,FALSE
#,FALSE
#,FALSE
criticism,FALSE
respect,TRUE
syntax,FALSE
spelling,FALSE
grammar,FALSE
morphology,FALSE
pronunciation,TRUE
rhythm,FALSE
prose,FALSE
lose,FALSE
compromise,FALSE
harm,FALSE
ruin,FALSE
threaten,FALSE
limit,FALSE
read,TRUE
spread,FALSE
fold,FALSE
stretch,FALSE
spread,FALSE
compress,FALSE
scatter,FALSE
row,FALSE
region,FALSE
circulation,FALSE
publisher,FALSE
printer,FALSE
copyright,FALSE
reproduction,FALSE
version,FALSE
replica,FALSE
save,TRUE
antenna,FALSE
judge,FALSE
deem,FALSE
reception,FALSE
station,FALSE
situate,FALSE
and,FALSE
create,TRUE
transform,FALSE
treat,FALSE
produce,TRUE
vary,TRUE
ethnic,FALSE
demographic,FALSE
office,FALSE
department,FALSE
Bureau,FALSE
committee,FALSE
board,FALSE
manage,TRUE
extend,FALSE
proceeding,FALSE
meeting,FALSE
conduct,FALSE
fill,FALSE
post,TRUE
inadequate,FALSE
assumption,FALSE
recommendation,FALSE
sufficiently,FALSE
directorate,FALSE
director,FALSE
oversee,FALSE
monitor,TRUE
lead,TRUE
organize,FALSE
develop,TRUE
identify,TRUE
challenge,FALSE
cover,TRUE
fall,TRUE
precedence,FALSE
place,FALSE
preparation,FALSE
assessment,FALSE
acceleration,FALSE
attain,FALSE
chip,FALSE
one,FALSE
the,FALSE
and,FALSE
as,FALSE
in,FALSE
survival,FALSE
of,FALSE
ACT,FALSE
ii,FALSE
be,FALSE
#,FALSE
exploit,FALSE
scientist,FALSE
inspect,FALSE
evaluate,TRUE
examine,TRUE
suppose,FALSE
ground,FALSE
premise,FALSE
hypothesis,FALSE
decade,FALSE
correlate,FALSE
comparable,FALSE
high,FALSE
low,FALSE
decrease,FALSE
drawing,FALSE
build,TRUE
found,FALSE
accord,TRUE
operate,TRUE
theorem,FALSE
completely,FALSE
explicitly,FALSE
properly,FALSE
strongly,FALSE
de,FALSE
semi,FALSE
story,FALSE
#,FALSE
#,FALSE
#,FALSE
review,FALSE
archive,FALSE
family,FALSE
board,FALSE
paper,TRUE
refuse,FALSE
wait,TRUE
tend,FALSE
scan,FALSE
translate,FALSE
install,FALSE
percent,FALSE
mb,FALSE
mm,FALSE
clean,FALSE
money,FALSE
death,FALSE
love,FALSE
education,FALSE
fear,FALSE
comply,FALSE
correspond,FALSE
coincide,FALSE
cooperate,FALSE
accord,TRUE
•,FALSE
erase,FALSE
impose,FALSE
force,TRUE
inflict,FALSE
friend,FALSE
motive,FALSE
conspiracy,FALSE
help,TRUE
ask,TRUE
construct,FALSE
profile,FALSE
biography,FALSE
already,FALSE
succeed,FALSE
stand,FALSE
recording,FALSE
rather,FALSE
disk,FALSE
surveillance,FALSE
authority,FALSE
Act,FALSE
scheme,FALSE
stand,FALSE
alliance,FALSE
ally,FALSE
interpreter,FALSE
intermediate,FALSE
complain,FALSE
complain,FALSE
complain,FALSE
protester,FALSE
reflect,FALSE
label,TRUE
origin,FALSE
imply,FALSE
influence,FALSE
recognize,FALSE
header,FALSE
unlike,FALSE
signature,FALSE
contributor,FALSE
enough,FALSE
touch,FALSE
view,TRUE
video,TRUE
flat,FALSE
patch,FALSE
#,FALSE
script,FALSE
omit,FALSE
ignore,FALSE
discontinue,FALSE
discourage,FALSE
ban,FALSE
delete,FALSE
silent,FALSE
close,FALSE
overlook,FALSE
hint,FALSE
insight,FALSE
3d,FALSE
specifically,FALSE
research,FALSE
handbook,FALSE
interact,FALSE
combine,FALSE
utilize,FALSE
incorporate,TRUE
variety,TRUE
manufacture,FALSE
surgical,FALSE
reflect,FALSE
suggest,FALSE
advertising,FALSE
patent,FALSE
contract,FALSE
deny,FALSE
afford,FALSE
correspondence,FALSE
inherent,FALSE
library,FALSE
likely,FALSE
liable,FALSE
believe,TRUE
advise,FALSE
#,FALSE
operation,FALSE
deficiency,FALSE
injury,FALSE
weakness,FALSE
harmful,FALSE
attribute,TRUE
happen,TRUE
fatal,FALSE
destructive,FALSE
trace,FALSE
catastrophic,FALSE
logic,FALSE
linear,FALSE
academic,FALSE
separate,TRUE
isolate,FALSE
detach,FALSE
disconnect,FALSE
intensive,FALSE
mining,FALSE
county,FALSE
division,FALSE
territory,FALSE
deed,FALSE
population,FALSE
caste,FALSE
tribal,FALSE
clan,FALSE
tribe,FALSE
power,TRUE
municipality,FALSE
religion,FALSE
religion,FALSE
religious,FALSE
etc,FALSE
debate,FALSE
surround,FALSE
terminate,FALSE
project,FALSE
work,TRUE
application,FALSE
fraction,FALSE
thread,FALSE
register,FALSE
multi,FALSE
dual,FALSE
per,TRUE
count,FALSE
file,FALSE
title,TRUE
personal,FALSE
business,FALSE
property,FALSE
category,FALSE
publishing,FALSE
have,FALSE
read,TRUE
both,FALSE
order,TRUE
researcher,FALSE
please,FALSE
critic,FALSE
perceive,FALSE
incoming,FALSE
vector,FALSE
net,FALSE
small,FALSE
individual,FALSE
large,FALSE
real,FALSE
complex,FALSE
major,FALSE
global,FALSE
principal,FALSE
average,FALSE
loss,TRUE
expense,FALSE
spend,FALSE
profit,FALSE
heal,FALSE
stem,FALSE
distract,FALSE
injury,FALSE
abuse,FALSE
#,FALSE
bus,FALSE
easy,FALSE
discovery,FALSE
youtube,FALSE
blog,FALSE
blog,FALSE
popular,FALSE
phenomenon,FALSE
unique,FALSE
acknowledge,FALSE
conceal,FALSE
existence,FALSE
validity,FALSE
whereabout,FALSE
reply,FALSE
declaration,FALSE
precede,FALSE
characterize,FALSE
remark,FALSE
quote,FALSE
announcement,FALSE
estimate,FALSE
put,TRUE
monitor,TRUE