#,FALSE
#,FALSE
#,FALSE
#,FALSE
#,FALSE
#,FALSE
#,FALSE
#,FALSE
#,FALSE
#,FALSE
#,FALSE
#,FALSE
#,FALSE
change,TRUE
copy,FALSE
document,TRUE
case,TRUE
fee,FALSE
file,TRUE
year,TRUE
period,TRUE
reason,TRUE
rule,TRUE
time,TRUE
reference,TRUE
date,TRUE
failure,FALSE
decision,FALSE
book,TRUE
list,TRUE
text,TRUE
system,TRUE
title,TRUE
article,FALSE
specification,TRUE
version,TRUE
number,TRUE
item,TRUE
standard,TRUE
package,TRUE
work,TRUE
instrument,FALSE
need,TRUE
require,TRUE
request,TRUE
elect,FALSE
wish,TRUE
continue,TRUE
fail,TRUE
choose,TRUE
ask,TRUE
need,TRUE
refuse,FALSE
want,TRUE
write,TRUE
edit,FALSE
read,TRUE
use,TRUE
translate,FALSE
interpret,FALSE
update,TRUE
print,TRUE
create,TRUE
examine,FALSE
scan,FALSE
compile,FALSE
structure,FALSE
copy,FALSE
assemble,FALSE
revision,FALSE
change,TRUE
copy,FALSE
translation,FALSE
correction,FALSE
modification,FALSE
read,TRUE
edit,FALSE
assistance,FALSE
support,TRUE
alteration,FALSE
adjustment,FALSE
require,TRUE
necessary,FALSE
need,TRUE
give,TRUE
provide,TRUE
take,TRUE
involve,TRUE
employ,TRUE
unnecessary,FALSE
possible,FALSE
undertake,FALSE
request,TRUE
perform,TRUE
available,FALSE
the,FALSE
a,FALSE
total,FALSE
an,FALSE
first,FALSE
service,FALSE
typically,FALSE
initial,FALSE
limit,FALSE
typical,FALSE
early,FALSE
standard,FALSE
amount,TRUE
cost,TRUE
duration,FALSE
price,TRUE
delay,FALSE
quantity,FALSE
day,TRUE
space,FALSE
distance,FALSE
length,FALSE
money,TRUE
month,TRUE
time,TRUE
location,TRUE
hour,FALSE
deadline,FALSE
week,FALSE
moment,TRUE
event,TRUE
place,TRUE
set,TRUE
specify,TRUE
fix,TRUE
allocate,TRUE
limit,TRUE
assign,TRUE
interval,FALSE
frame,FALSE
allot,FALSE
appropriate,FALSE
delivery,TRUE
purchase,TRUE
sale,TRUE
transfer,TRUE
shipment,TRUE
transport,TRUE
acquisition,FALSE
exchange,FALSE
transportation,TRUE
sale,TRUE
export,TRUE
return,TRUE
carriage,FALSE
supply,TRUE
payment,TRUE
service,TRUE
good,TRUE
service,TRUE
product,TRUE
equipment,TRUE
product,TRUE
item,TRUE
order,TRUE
order,TRUE
package,FALSE
information,TRUE
provision,TRUE
completion,FALSE
part,TRUE
use,TRUE
part,TRUE
provision,FALSE
component,FALSE
maintenance,FALSE
facility,FALSE
disposal,FALSE
employee,FALSE
specific,FALSE
,FALSE
contract,TRUE
project,TRUE
transaction,TRUE
process,TRUE
consider,TRUE
handle,FALSE
include,TRUE
record,FALSE
check,TRUE
accept,TRUE
monitor,FALSE
maintain,TRUE
store,TRUE
ignore,FALSE
filter,FALSE
receive,TRUE
send,TRUE
receiver,FALSE
transmit,TRUE
processing,TRUE
transmission,FALSE
record,TRUE
write,TRUE
operate,FALSE
reception,FALSE
communication,FALSE
storage,FALSE
receive,TRUE
request,TRUE
issue,TRUE
computer,TRUE
alone,FALSE
device,TRUE
software,TRUE
user,TRUE
person,TRUE
operator,FALSE
machine,FALSE
party,TRUE
member,TRUE
unit,TRUE
language,TRUE
already,FALSE
process,TRUE
accept,TRUE
receive,TRUE
handle,TRUE
retrieve,FALSE
access,TRUE
send,TRUE
interpret,FALSE
process,TRUE
understand,FALSE
deliver,TRUE
record,FALSE
acquire,FALSE
recipient,FALSE
server,TRUE
message,TRUE
send,TRUE
telephone,TRUE
communication,FALSE
station,FALSE
company,TRUE
application,TRUE
system,TRUE
country,TRUE
institution,FALSE
entity,TRUE
transmit,FALSE
generate,TRUE
create,TRUE
obtain,TRUE
get,TRUE
provide,TRUE
produce,TRUE
send,TRUE
fail,TRUE
want,TRUE
wish,TRUE
attempt,FALSE
try,FALSE
exist,TRUE
manage,TRUE
intend,TRUE
choose,TRUE
mean,TRUE
happen,FALSE
write,TRUE
contain,TRUE
convert,FALSE
see,TRUE
source,TRUE
customer,TRUE
datum,TRUE
content,TRUE
transfer,TRUE
return,TRUE
download,FALSE
transmit,FALSE
retrieve,FALSE
access,TRUE
delete,FALSE
lose,TRUE
obtain,TRUE
save,FALSE
note,TRUE
note,TRUE
source,TRUE
however,FALSE
note,TRUE
also,FALSE
additionally,FALSE
specifically,FALSE
example,TRUE
see,TRUE
therefore,FALSE
far,FALSE
here,FALSE
second,FALSE
rating,FALSE
metric,FALSE
score,FALSE
value,TRUE
method,TRUE
ratio,FALSE
condition,TRUE
level,TRUE
parameter,FALSE
reserve,FALSE
useful,FALSE
responsible,FALSE
valid,FALSE
important,FALSE
define,TRUE
retain,FALSE
apply,TRUE
error,FALSE
attribute,TRUE
size,TRUE
position,FALSE
point,TRUE
scale,FALSE
weight,FALSE
group,FALSE
family,FALSE
personal,FALSE
one,FALSE
other,FALSE
no,FALSE
corporate,FALSE
individual,FALSE
brand,FALSE
collective,FALSE
self,FALSE
name,TRUE
identity,TRUE
address,TRUE
description,TRUE
identification,TRUE
name,TRUE
surname,FALSE
history,FALSE
term,TRUE
role,FALSE
account,FALSE
organisation,TRUE
individual,TRUE
activity,TRUE
organization,TRUE
agent,FALSE
acronym,FALSE
element,TRUE
agency,FALSE
area,TRUE
contact,FALSE
contact,TRUE
identity,FALSE
ID,FALSE
source,TRUE
communication,FALSE
2008,FALSE
communication,TRUE
warning,FALSE
2012,FALSE
flight,FALSE
service,TRUE
transfer,TRUE
train,FALSE
route,FALSE
connection,FALSE
call,TRUE
mail,FALSE
travel,FALSE
road,FALSE
trip,FALSE
transportation,TRUE
line,TRUE
distance,FALSE
Australia,FALSE
Japan,FALSE
Washington,FALSE
China,FALSE
London,FALSE
Russia,FALSE
Germany,FALSE
Moscow,FALSE
India,FALSE
home,FALSE
France,FALSE
Canada,FALSE
tehran,FALSE
Iran,FALSE
Taiwan,FALSE
circulation,FALSE
reach,FALSE
print,TRUE
operation,TRUE
business,TRUE
range,TRUE
port,FALSE
session,FALSE
carrier,FALSE
each,FALSE
every,FALSE
this,FALSE
any,FALSE
some,FALSE
another,FALSE
its,FALSE
abbreviation,FALSE
instance,TRUE
example,TRUE
implementation,FALSE
indication,FALSE
extension,FALSE
indicator,FALSE
alia,FALSE
system,FALSE
program,TRUE
contain,TRUE
use,TRUE
send,TRUE
hold,TRUE
receive,TRUE
carry,TRUE
produce,TRUE
generate,FALSE
provide,TRUE
implement,TRUE
include,TRUE
host,FALSE
own,FALSE
support,TRUE
message,TRUE
call,TRUE
letter,TRUE
message,TRUE
issue,TRUE
card,TRUE
number,TRUE
type,TRUE
series,FALSE
plate,FALSE
Ace,FALSE
page,TRUE
leaf,FALSE
serial,FALSE
issue,TRUE
card,TRUE
registration,TRUE
plate,FALSE
catalogue,FALSE
print,TRUE
page,TRUE
digit,TRUE
code,TRUE
prefix,TRUE
number,TRUE
type,TRUE
percentage,FALSE
magazine,FALSE
website,FALSE
newspaper,FALSE
department,FALSE
app,FALSE
game,FALSE
#,FALSE
#,FALSE
#,FALSE
#,FALSE
program,TRUE
application,TRUE
test,FALSE
standard,TRUE
tool,FALSE
algorithm,FALSE
device,TRUE
requirement,TRUE
solution,FALSE
function,TRUE
feature,TRUE
site,FALSE
domain,TRUE
non,FALSE
industry,TRUE
market,TRUE
model,TRUE
context,FALSE
rely,FALSE
count,FALSE
depend,TRUE
agree,FALSE
work,TRUE
pass,TRUE
call,TRUE
vote,FALSE
switch,FALSE
comment,FALSE
improve,FALSE
turn,FALSE
build,TRUE
map,TRUE
mass,FALSE
volume,FALSE
sum,FALSE
bulk,FALSE
weight,FALSE
equivalent,FALSE
capacity,FALSE
ship,TRUE
cargo,FALSE
vessel,FALSE
container,FALSE
load,FALSE
material,FALSE
vehicle,TRUE
ship,TRUE
freight,FALSE
stock,FALSE
grain,FALSE
contain,TRUE
give,TRUE
include,TRUE
detail,TRUE
for,FALSE
collect,FALSE
provide,TRUE
list,TRUE
statistic,FALSE
info,FALSE
document,TRUE
documentation,FALSE
news,FALSE
information,FALSE
article,FALSE
report,TRUE
fact,TRUE
note,TRUE
include,TRUE
member,TRUE
party,FALSE
via,FALSE
group,TRUE
membership,FALSE
party,TRUE
policy,TRUE
financial,FALSE
personnel,FALSE
staff,FALSE
programme,FALSE
campaign,FALSE
operational,FALSE
political,FALSE
#,FALSE
#,FALSE
organisation,TRUE
version,TRUE
source,TRUE
form,TRUE
record,TRUE
local,FALSE
near,FALSE
english,FALSE
next,FALSE
main,FALSE
current,FALSE
japanese,FALSE
dutch,FALSE
hungarian,FALSE
close,FALSE
official,FALSE
track,FALSE
production,FALSE
channel,FALSE
phone,TRUE
line,TRUE
network,TRUE
department,TRUE
division,FALSE
play,TRUE
perform,TRUE
fulfill,FALSE
take,TRUE
hold,TRUE
fill,FALSE
assume,TRUE
occupy,FALSE
serve,TRUE
share,TRUE
include,TRUE
undertake,FALSE
represent,TRUE
variety,TRUE
series,FALSE
multitude,FALSE
couple,FALSE
combination,FALSE
lot,FALSE
host,TRUE
pair,FALSE
diversity,FALSE
sequence,FALSE
role,TRUE
game,FALSE
card,TRUE
song,FALSE
character,TRUE
position,FALSE
scenario,FALSE
piece,FALSE
action,FALSE
instrument,FALSE
variation,FALSE
Games,FALSE
trick,FALSE
single,FALSE
community,TRUE
follow,TRUE
table,FALSE
graph,FALSE
class,TRUE
example,TRUE
page,TRUE
group,TRUE
section,FALSE
model,TRUE
result,TRUE
file,TRUE
illustrate,FALSE
associate,FALSE
present,TRUE
show,TRUE
link,TRUE
combine,FALSE
compare,TRUE
detail,TRUE
describe,TRUE
draw,FALSE
supply,TRUE
follow,TRUE
graph,FALSE
image,FALSE
field,FALSE
layout,FALSE
color,FALSE
tree,FALSE
syntax,FALSE
diagram,FALSE
interface,FALSE
,FALSE
it,FALSE
content,FALSE
these,FALSE
material,TRUE
membership,FALSE
support,TRUE
datum,TRUE
business,FALSE
finance,FALSE
standard,FALSE
office,FALSE
credit,FALSE
cash,TRUE
electronic,FALSE
cash,TRUE
financial,FALSE
accounting,FALSE
transaction,TRUE
formerly,FALSE
previously,FALSE
also,FALSE
exclude,FALSE
aka,FALSE
except,FALSE
report,TRUE
money,TRUE
credit,TRUE
plan,TRUE
statement,TRUE
point,TRUE
saving,FALSE
insurance,FALSE
investment,FALSE
transfer,FALSE
visa,FALSE
banking,FALSE
tax,FALSE
security,FALSE
state,TRUE
party,TRUE
state,FALSE
province,FALSE
country,TRUE
district,FALSE
municipality,FALSE
jurisdiction,FALSE
province,FALSE
house,FALSE
territory,FALSE
congregation,FALSE
region,FALSE
entry,FALSE
column,FALSE
title,TRUE
word,TRUE
type,TRUE
letter,TRUE
row,FALSE
line,TRUE
category,FALSE
other,TRUE
language,TRUE
name,FALSE
number,FALSE
word,TRUE
letter,FALSE
language,FALSE
key,FALSE
place,FALSE
group,FALSE
chart,FALSE
feature,FALSE
flag,FALSE
model,FALSE
III,FALSE
all,FALSE
two,FALSE
certain,FALSE
additional,FALSE
three,FALSE
many,FALSE
small,FALSE
most,FALSE
normal,FALSE
bit,FALSE
edge,FALSE
element,FALSE
value,TRUE
digit,TRUE
corner,FALSE
integer,FALSE
point,TRUE
end,TRUE
dot,FALSE
bit,TRUE
dimensional,FALSE
character,TRUE
string,TRUE
side,FALSE
hole,FALSE
column,FALSE
row,FALSE
alphabet,FALSE
key,TRUE
word,TRUE
grid,FALSE
array,FALSE
label,TRUE
represent,TRUE
denote,TRUE
mark,TRUE
label,TRUE
indicate,TRUE
substitute,FALSE
fill,FALSE
identify,TRUE
replace,TRUE
two,FALSE
one,FALSE
three,FALSE
more,FALSE
general,FALSE
instruction,FALSE
comment,FALSE
knowledge,TRUE
library,FALSE
submit,TRUE
direct,TRUE
communicate,FALSE
issue,TRUE
ask,TRUE
refer,TRUE
make,TRUE
deliver,TRUE
enable,TRUE
allow,TRUE
help,TRUE
convince,FALSE
assist,FALSE
persuade,FALSE
advise,FALSE
inform,FALSE
direct,TRUE
induce,FALSE
specify,TRUE
establish,TRUE
negotiate,FALSE
determine,TRUE
agree,FALSE
identify,TRUE
define,TRUE
discuss,FALSE
make,TRUE
consider,TRUE
approve,FALSE
verify,FALSE
submit,TRUE
term,TRUE
quantity,TRUE
price,TRUE
condition,TRUE
input,FALSE
amount,TRUE
supply,TRUE
commodity,TRUE
material,TRUE
option,FALSE
circumstance,FALSE
specification,TRUE
contract,TRUE
criterion,FALSE
procedure,FALSE
rate,TRUE
date,TRUE
schedule,FALSE
sell,TRUE
buy,TRUE
offer,TRUE
trade,TRUE
merchandise,FALSE
unit,TRUE
otherwise,FALSE
prefer,FALSE
default,TRUE
final,FALSE
initial,FALSE
temporary,FALSE
mandatory,FALSE
alternative,FALSE
propose,TRUE
optimal,FALSE
legal,FALSE
response,FALSE
reaction,FALSE
answer,FALSE
reply,FALSE
solution,TRUE
action,FALSE
contribution,FALSE
exposure,FALSE
approach,FALSE
response,FALSE
assignment,FALSE
problem,FALSE
inventory,FALSE
quality,FALSE
purchase,TRUE
income,FALSE
rate,TRUE
expense,FALSE
tax,TRUE
per,FALSE
benefit,FALSE
management,TRUE
code,FALSE
function,TRUE
effectiveness,FALSE
index,FALSE
calculation,FALSE
case,TRUE
situation,FALSE
instance,TRUE
place,TRUE
practice,TRUE
market,TRUE
contexts,FALSE
report,TRUE
do,TRUE
pay,TRUE
paragraph,FALSE
subject,TRUE
edition,FALSE
leave,FALSE
#,FALSE
sentence,FALSE
publish,TRUE
board,FALSE
section,TRUE
bridge,FALSE
form,TRUE
design,TRUE
structure,FALSE
piece,FALSE
wheel,FALSE
choose,TRUE
select,FALSE
know,TRUE
find,TRUE
desire,FALSE
that,FALSE
prepare,FALSE
sign,TRUE
conduct,FALSE
execute,FALSE
initiate,FALSE
tell,TRUE
show,TRUE
indicate,TRUE
assure,FALSE
remind,FALSE
give,TRUE
alert,FALSE
signal,FALSE
plan,TRUE
desire,FALSE
intend,TRUE
wish,TRUE
want,TRUE
intend,TRUE
buy,TRUE
property,TRUE
property,TRUE
asset,TRUE
book,TRUE
hardware,FALSE
with,FALSE
among,FALSE
in,FALSE
from,FALSE
within,FALSE
through,FALSE
of,FALSE
and,FALSE
use,TRUE
follow,TRUE
as,FALSE
hence,FALSE
representation,TRUE
composition,FALSE
characteristic,TRUE
#,FALSE
pattern,FALSE
designation,TRUE
journal,FALSE
label,TRUE
motto,FALSE
anthem,FALSE
logo,FALSE
city,TRUE
state,FALSE
municipality,FALSE
district,TRUE
town,TRUE
district,FALSE
school,TRUE
public,FALSE
civil,FALSE
air,FALSE
public,FALSE
•,FALSE
sustainable,FALSE
International,FALSE
road,FALSE
infrastructure,FALSE
urban,FALSE
passenger,FALSE
maritime,FALSE
integrate,FALSE
route,FALSE
security,TRUE
control,FALSE
formation,FALSE
handle,FALSE
build,FALSE
distribution,TRUE
sort,FALSE
suitable,FALSE
design,TRUE
essential,FALSE
TRUE,FALSE
critical,FALSE
high,FALSE
low,FALSE
molecular,FALSE
human,FALSE
entry,FALSE
multi,FALSE
brain,FALSE
protein,FALSE
b,FALSE
c,FALSE
r,FALSE
out,FALSE
base,TRUE
back,TRUE
relate,TRUE
v,FALSE
programming,FALSE
type,TRUE
code,TRUE
analysis,FALSE
likely,FALSE
assume,TRUE
say,TRUE
able,FALSE
appear,TRUE
expect,TRUE
think,FALSE
presume,FALSE
represent,TRUE
define,TRUE
describe,TRUE
denote,TRUE
take,TRUE
follow,TRUE
reference,TRUE
indicate,TRUE
identify,TRUE
comprise,FALSE
create,TRUE
determine,TRUE
require,TRUE
line,FALSE
#,FALSE
#,FALSE
register,TRUE
own,FALSE
size,FALSE
recognise,FALSE
employee,TRUE
job,TRUE
work,TRUE
employment,FALSE
job,FALSE
career,FALSE
professional,FALSE
life,TRUE
occupational,FALSE
workplace,FALSE
title,FALSE
qualification,FALSE
status,TRUE
creation,FALSE
list,TRUE
award,FALSE
office,TRUE
economy,FALSE
enterprise,FALSE
employer,FALSE
#,FALSE
#,FALSE
#,FALSE
#,FALSE
#,FALSE
#,FALSE
#,FALSE
#,FALSE
one,FALSE
of,FALSE
#,FALSE
in,FALSE
#,FALSE
be,FALSE
#,FALSE
it,FALSE
me,FALSE
who,FALSE
to,FALSE
and,FALSE
as,FALSE
you,FALSE
#,FALSE
#,FALSE
#,FALSE
the,FALSE
#,FALSE
#,FALSE
#,FALSE
#,FALSE
#,FALSE
#,FALSE
#,FALSE
#,FALSE
#,FALSE
#,FALSE
#,FALSE
#,FALSE
#,FALSE
#,FALSE
#,FALSE
#,FALSE
#,FALSE
total,FALSE
high,FALSE
maximum,FALSE
low,FALSE
large,FALSE
absolute,FALSE
net,FALSE
annual,FALSE
minimum,FALSE
estimate,FALSE
small,FALSE
value,TRUE
ex,FALSE
ex,FALSE
e,FALSE
x,FALSE
r,FALSE
sell,TRUE
ship,TRUE
produce,TRUE
distribute,FALSE
carry,TRUE
load,FALSE
laden,FALSE
packaging,FALSE
inspection,FALSE
collection,TRUE
load,FALSE
shipping,FALSE
etc,FALSE
remove,TRUE
steal,TRUE
miss,FALSE
release,TRUE
acquire,TRUE
damage,TRUE
new,FALSE
wrong,FALSE
redundant,FALSE
unwanted,FALSE
finish,FALSE
bad,FALSE
Borough,FALSE
Metropolitan,FALSE
city,TRUE
mayor,FALSE
Croydon,FALSE
westminster,FALSE
Greenwich,FALSE
town,TRUE
refer,TRUE
refer,TRUE
refer,TRUE
limit,TRUE
boundary,FALSE
boundary,FALSE
belong,FALSE
border,FALSE
borough,TRUE
neighbourhood,FALSE
village,FALSE
locality,FALSE
suburb,FALSE
ward,FALSE
township,FALSE
neighborhood,FALSE
county,FALSE
parish,FALSE
region,TRUE
commune,FALSE
centre,FALSE
subdivision,FALSE
territory,FALSE
portion,FALSE
subset,FALSE
fraction,FALSE
remnant,FALSE
component,TRUE
segment,FALSE
estate,FALSE
precinct,FALSE
suburb,FALSE
north,FALSE
south,FALSE
independent,FALSE
representative,FALSE
outside,FALSE
west,FALSE
much,FALSE
constituency,FALSE
authority,FALSE
assembly,FALSE
county,FALSE
bridge,FALSE
borough,FALSE
municipality,FALSE
municipal,FALSE
date,FALSE
reference,FALSE
begin,TRUE
publication,FALSE
death,FALSE
submission,FALSE
birth,FALSE
release,FALSE
origin,FALSE
accession,FALSE
chapter,FALSE
part,TRUE
book,FALSE
section,FALSE
chapter,FALSE
kind,FALSE
addition,TRUE
contrast,TRUE
relation,FALSE
comparison,FALSE
regard,TRUE
opposition,FALSE
proportion,FALSE
connection,FALSE
regard,TRUE
correspondence,FALSE
respect,FALSE
preference,FALSE
show,TRUE
measure,TRUE
involve,TRUE
offer,TRUE
address,TRUE
assign,TRUE
government,TRUE
state,TRUE
body,FALSE
corporation,FALSE
social,FALSE
economic,FALSE
platform,FALSE
sell,TRUE
deliver,TRUE
store,TRUE
get,TRUE
bring,FALSE
request,TRUE
buy,TRUE
purchase,TRUE
steal,TRUE
exchange,TRUE
people,FALSE
fund,FALSE
person,TRUE
resource,FALSE
idea,FALSE
technology,TRUE
traffic,FALSE
accounting,FALSE
paperwork,FALSE
enter,TRUE
change,TRUE
add,TRUE
generate,TRUE
end,TRUE
start,TRUE
conclusion,FALSE
bottom,FALSE
termination,FALSE
close,FALSE
commencement,FALSE
start,TRUE
top,TRUE
last,FALSE
trademark,FALSE
charity,FALSE
brand,FALSE
UK,FALSE
university,FALSE
agreement,TRUE
sector,TRUE
arrangement,FALSE
scheme,FALSE
partnership,FALSE
strategy,FALSE
show,TRUE
suggest,FALSE
give,TRUE
imply,FALSE
put,TRUE
establish,TRUE
suggest,FALSE
cut,FALSE
ground,FALSE
definition,FALSE
link,TRUE
choice,FALSE
market,FALSE
industry,FALSE
trade,FALSE
National,FALSE
european,FALSE
trading,FALSE
Industrial,FALSE
company,TRUE
business,TRUE
firm,FALSE
industry,TRUE
consumer,TRUE
individual,TRUE
investor,FALSE
enterprise,FALSE
corporation,FALSE
bank,TRUE
association,FALSE
relationship,FALSE
interaction,FALSE
relation,FALSE
relationship,FALSE
dealing,FALSE
interaction,FALSE
integration,FALSE
collaboration,FALSE
involvement,FALSE
link,TRUE
trading,FALSE
trade,TRUE
investment,FALSE
customer,TRUE
client,FALSE
investment,FALSE
sector,TRUE
side,TRUE
bank,FALSE
company,TRUE
key,FALSE
project,FALSE
official,FALSE
charity,FALSE
name,FALSE
owner,FALSE
holder,FALSE
player,FALSE
applicant,FALSE
client,FALSE
winner,FALSE
consumer,TRUE
victim,FALSE
investor,FALSE
bank,FALSE
online,FALSE
saving,FALSE
monthly,FALSE
email,FALSE
Twitter,FALSE
cooperation,FALSE
working,FALSE
work,TRUE
agreement,TRUE
partner,FALSE
partnership,FALSE
relation,TRUE
cooperate,FALSE
dialogue,FALSE
cooperation,FALSE
work,TRUE
nation,FALSE
user,TRUE
agency,TRUE
principle,FALSE
partner,FALSE
force,TRUE
NGOs,FALSE
stakeholder,FALSE
organization,TRUE
medium,FALSE
government,TRUE
provider,FALSE
agent,FALSE
publish,TRUE
design,TRUE
record,FALSE
build,TRUE
know,TRUE
produce,TRUE
establish,TRUE
found,FALSE
tour,FALSE
active,FALSE
play,TRUE
use,TRUE
create,TRUE
license,FALSE
export,TRUE
market,TRUE
adopt,TRUE
exhibit,FALSE
trade,TRUE
restore,FALSE
preserve,FALSE
promote,FALSE
protect,FALSE
notably,FALSE
mainly,FALSE
namely,FALSE
primarily,FALSE
include,TRUE
unique,FALSE
variable,FALSE
certain,FALSE
particular,FALSE
mark,TRUE
symbol,TRUE
statement,TRUE
stamp,FALSE
mark,TRUE
check,TRUE
declaration,FALSE
sign,FALSE
domain,TRUE
object,TRUE
variable,FALSE
power,TRUE
attribute,TRUE
meaning,FALSE
ownership,FALSE
definition,TRUE
signature,TRUE
rating,FALSE
label,FALSE
payment,TRUE
tour,FALSE
ticket,FALSE
bill,FALSE
pocket,FALSE
certificate,FALSE
rule,TRUE
rule,TRUE
declaration,FALSE
change,TRUE
point,FALSE
principle,FALSE
freedom,FALSE
maintenance,FALSE
quality,FALSE
resolution,FALSE
application,TRUE
）,FALSE
Bold,FALSE
check,TRUE
joker,FALSE
game,FALSE
deck,FALSE
lottery,FALSE
credit,TRUE
update,TRUE
introduction,FALSE
reduce,TRUE
end,TRUE
limit,TRUE
back,FALSE
25,FALSE
up,FALSE
run,TRUE
run,TRUE
cut,TRUE
hundred,FALSE
thousand,FALSE
minute,FALSE
#,FALSE
full,FALSE
complete,FALSE
#,FALSE
#,FALSE
wide,FALSE
xml,FALSE
he,FALSE
she,FALSE
time,TRUE
sms,FALSE
basis,FALSE
resource,TRUE
tool,FALSE
base,TRUE
format,TRUE
mail,TRUE
text,TRUE
image,FALSE
email,FALSE
pass,TRUE
transfer,TRUE
flow,FALSE
convey,FALSE
pass,TRUE
flow,FALSE
come,TRUE
database,TRUE
publisher,FALSE
destination,FALSE
mixture,FALSE
mix,FALSE
hierarchy,FALSE
complex,FALSE
code,TRUE
symbol,TRUE
zone,FALSE
county,FALSE
phrase,FALSE
mark,FALSE
cover,TRUE
cover,TRUE
denote,TRUE
describe,TRUE
span,FALSE
reflect,FALSE
kind,FALSE
set,TRUE
area,TRUE
level,TRUE
size,TRUE
degree,FALSE
combination,FALSE
administration,TRUE
coverage,FALSE
usage,FALSE
jurisdiction,TRUE
society,FALSE
return,TRUE
script,FALSE
pair,TRUE
string,FALSE
sequence,FALSE
team,FALSE
seat,FALSE
rule,TRUE
participant,FALSE
leg,FALSE
panel,FALSE
question,FALSE
stroke,FALSE
width,FALSE
font,FALSE
mm,FALSE
task,FALSE
mission,FALSE
clean,FALSE
skill,FALSE
thing,FALSE
duty,FALSE
performance,FALSE
act,TRUE
responsibility,FALSE
hold,TRUE
play,TRUE
occupy,FALSE
fulfil,FALSE
offer,TRUE
object,TRUE
binary,FALSE
class,TRUE
protocol,FALSE
expression,FALSE
encode,FALSE
long,FALSE
type,TRUE
name,TRUE
order,TRUE
precede,FALSE
form,TRUE
accompany,FALSE
terminate,FALSE
#,FALSE
#,FALSE
least,FALSE
#,FALSE
#,FALSE
#,FALSE
#,FALSE
recognize,FALSE
arbitrary,FALSE
unknown,FALSE
open,FALSE
additional,FALSE
empty,FALSE
external,FALSE
integer,FALSE
underlie,FALSE
extend,FALSE
translation,FALSE
form,TRUE
citation,FALSE
review,FALSE
reissue,FALSE
modification,FALSE
renewal,FALSE
loss,FALSE
merger,FALSE
replacement,FALSE
conversion,FALSE
edit,FALSE
update,TRUE
amendment,FALSE
cancellation,FALSE
reproduction,FALSE
adaptation,FALSE
original,FALSE
correct,FALSE
effective,FALSE
bind,FALSE
revise,FALSE
year,FALSE
day,FALSE
number,TRUE
date,TRUE
anniversary,FALSE
original,FALSE
previous,FALSE
new,FALSE
precede,FALSE
entire,FALSE
main,FALSE
stage,FALSE
frequency,FALSE
time,TRUE
decide,FALSE
begin,TRUE
seek,TRUE
fail,TRUE
calculate,FALSE
adjust,FALSE
reduce,TRUE
increase,TRUE
estimate,FALSE
modify,TRUE
meet,FALSE
incorporate,FALSE
carry,TRUE
publish,TRUE
display,FALSE
usually,FALSE
achieve,FALSE
accomplish,FALSE
ask,TRUE
agree,FALSE
claim,FALSE
expect,TRUE
refuse,FALSE
invest,FALSE
buy,TRUE
interested,FALSE
list,TRUE
purchase,TRUE
exchange,TRUE
engage,FALSE
manner,FALSE
way,TRUE
category,FALSE
currency,TRUE
designate,FALSE
charge,FALSE
open,FALSE
alternative,FALSE
assessment,FALSE
iso,FALSE
online,FALSE
administrative,FALSE
internet,TRUE
advanced,FALSE
entry,FALSE
framework,TRUE
recommend,FALSE
decide,FALSE
state,TRUE
result,TRUE
layer,FALSE
pdf,FALSE
file,FALSE
resource,FALSE
domain,FALSE
group,TRUE
configuration,FALSE
digital,FALSE
different,FALSE
input,FALSE
tag,FALSE
library,FALSE
register,TRUE
block,FALSE
database,TRUE
module,FALSE
certificate,FALSE
board,FALSE
register,FALSE
suffix,TRUE
marker,FALSE
dash,FALSE
spelling,FALSE
personal,FALSE
family,FALSE
household,FALSE
pen,FALSE
real,FALSE
play,FALSE
attendance,FALSE
result,TRUE
pay,TRUE
standing,FALSE
write,TRUE
telephone,TRUE
station,FALSE
negotiate,FALSE
impose,FALSE
author,FALSE
author,FALSE
clerk,FALSE
author,FALSE
editor,FALSE
editor,FALSE
secretary,FALSE
director,FALSE
master,FALSE
Bureau,FALSE
Minister,FALSE
bill,TRUE
notice,FALSE
packet,FALSE
settlement,FALSE
purpose,TRUE
purpose,TRUE
settlement,FALSE
use,FALSE
validity,FALSE
content,TRUE
sale,FALSE
report,TRUE
paper,FALSE
table,FALSE
outline,TRUE
establish,TRUE
highlight,FALSE
outline,TRUE
examine,FALSE
explain,FALSE
#,FALSE
scope,FALSE
#,FALSE
implication,FALSE
dimension,FALSE
potential,FALSE
activity,FALSE
operation,TRUE
initiative,FALSE
sector,FALSE
sphere,FALSE
interest,TRUE
eye,FALSE
track,TRUE
compare,TRUE
review,FALSE
monitor,FALSE
chart,FALSE
technical,FALSE
overall,FALSE
general,FALSE
functional,FALSE
semantic,FALSE
whole,FALSE
dynamic,FALSE
share,FALSE
nature,FALSE
share,FALSE
share,TRUE
post,TRUE
intercept,FALSE
private,FALSE
private,FALSE
enterprise,FALSE
supplier,FALSE
representative,FALSE
contractor,FALSE
entity,FALSE
operator,FALSE
channel,FALSE
cycle,TRUE
spectrum,FALSE
phase,FALSE
import,FALSE
launch,FALSE
demand,FALSE
register,TRUE
catalog,FALSE
colour,FALSE
shape,FALSE
style,FALSE
height,FALSE
texture,FALSE
tone,FALSE
collar,FALSE
breast,FALSE
shoulder,FALSE
hair,FALSE
neck,FALSE
sleeve,FALSE
arm,FALSE
coat,FALSE
ring,FALSE
chest,FALSE
uniform,FALSE
band,FALSE
#,FALSE
#,FALSE
#,FALSE
#,FALSE
#,FALSE
thickness,FALSE
stripe,FALSE
inch,FALSE
small,FALSE
average,FALSE
medium,FALSE
#,FALSE
#,FALSE
negotiation,FALSE
compliance,FALSE
communicating,FALSE
discussion,FALSE
deal,TRUE
contact,FALSE
beyond,FALSE
since,FALSE
upon,FALSE
post,TRUE
sign,TRUE
file,TRUE
approval,FALSE
announcement,FALSE
negotiation,FALSE
grant,FALSE
make,TRUE
plan,TRUE
set,TRUE
reference,TRUE
Google,FALSE
IBM,FALSE
Microsoft,FALSE
Wikipedia,FALSE
God,FALSE
apple,FALSE
version,FALSE
edition,FALSE
half,FALSE
volume,FALSE
geographical,FALSE
national,FALSE
postal,FALSE
numerical,FALSE
attach,TRUE
aircraft,FALSE
asset,TRUE
offence,FALSE
animal,FALSE
liable,FALSE
authorise,FALSE
approve,FALSE
eligible,FALSE
apply,TRUE
regulate,FALSE
authorize,FALSE
qualified,FALSE
qualify,FALSE
protection,FALSE
classification,FALSE
authority,TRUE
body,TRUE
law,FALSE
legislation,FALSE
law,FALSE
regulation,FALSE
institution,FALSE
act,TRUE
common,FALSE
marketing,FALSE
commercial,FALSE
generic,FALSE
formal,FALSE
simple,FALSE
guide,FALSE
commitment,FALSE
concept,FALSE
support,TRUE
develop,TRUE
sponsor,FALSE
author,TRUE
whose,FALSE
without,FALSE
male,FALSE
initial,FALSE
nickname,FALSE
birthplace,FALSE
middle,FALSE
plural,FALSE
stamp,FALSE
vehicle,FALSE
recipient,TRUE
flag,TRUE
introduce,TRUE
sense,FALSE
mode,FALSE
SV,FALSE
d,FALSE
implement,TRUE
applicable,FALSE
define,TRUE
multiple,FALSE
describe,TRUE
identify,TRUE
represent,TRUE
separate,FALSE
compare,TRUE
link,TRUE
create,TRUE
list,TRUE
Map,FALSE
link,FALSE
stream,FALSE
hook,FALSE
track,FALSE
block,FALSE
word,FALSE
text,FALSE
string,FALSE
box,FALSE
computer,TRUE
mapping,FALSE
match,FALSE
connect,TRUE
point,TRUE
report,TRUE
switch,FALSE
correspond,FALSE
respond,TRUE
add,TRUE
distinct,FALSE
identical,FALSE
simultaneous,FALSE
similar,FALSE
dictionary,FALSE
variant,FALSE
representation,TRUE
configuration,FALSE
aspect,TRUE
unit,TRUE
index,FALSE
Reserve,FALSE
#,FALSE
life,TRUE
bond,FALSE
bank,TRUE
requirement,TRUE
Act,FALSE
law,FALSE
exemption,FALSE
pass,FALSE
license,FALSE
reduce,TRUE
remove,FALSE
ability,TRUE
opportunity,TRUE
possibility,FALSE
option,TRUE
chance,FALSE
incentive,FALSE
obligation,FALSE
eligibility,FALSE
attempt,TRUE
right,TRUE
foundation,FALSE
utilize,FALSE
alter,FALSE
borrow,FALSE
procedure,TRUE
#,FALSE
inform,FALSE
inform,FALSE
notify,TRUE
warn,FALSE
proceed,FALSE
directly,FALSE
rail,FALSE
hand,FALSE
flag,FALSE
US,FALSE
provider,FALSE
broker,FALSE
ensure,TRUE
secure,FALSE
facilitate,FALSE
owner,FALSE
buyer,TRUE
subscriber,FALSE
acceptance,FALSE
receiver,FALSE
administrator,FALSE
emergency,FALSE
exist,TRUE
application,FALSE
publication,FALSE
research,FALSE
archive,FALSE
recommendation,FALSE
collection,FALSE
branch,FALSE
division,FALSE
sub,TRUE
sub,TRUE
semi,FALSE
quasi,FALSE
administrative,FALSE
micro,FALSE
bi,FALSE
super,FALSE
de,TRUE
meta,FALSE
division,TRUE
department,TRUE
indian,FALSE
administration,TRUE
consumer,TRUE
management,TRUE
Custom,FALSE
grant,TRUE
person,FALSE
direct,FALSE
Mr,FALSE
officer,FALSE
agent,FALSE
assistant,FALSE
shop,FALSE
be,FALSE
return,TRUE
creditor,FALSE
manager,FALSE
administrator,FALSE
ceo,FALSE
friend,FALSE
seller,TRUE
driver,FALSE
commissioner,FALSE
producer,FALSE
Controller,FALSE
computer,FALSE
Digital,FALSE
technical,FALSE
commercial,FALSE
encode,TRUE
terminology,FALSE
name,TRUE
description,TRUE
method,TRUE
rank,FALSE
detection,FALSE
recognition,FALSE
scheme,TRUE
technique,FALSE
pattern,FALSE
contain,TRUE
incorporate,FALSE
study,TRUE
fall,TRUE
fall,TRUE
fall,TRUE
split,FALSE
come,TRUE
fit,FALSE
go,TRUE
divide,FALSE
group,TRUE
divide,FALSE
come,TRUE
break,TRUE
fall,TRUE
run,TRUE
layer,FALSE
family,FALSE
phase,FALSE
stage,FALSE
passenger,FALSE
driver,FALSE
carrier,TRUE
pilot,FALSE
diver,FALSE
Carrier,FALSE
ticket,FALSE
fare,FALSE
claim,FALSE
guarantee,FALSE
route,FALSE
risk,FALSE
speed,FALSE
insurance,FALSE
passenger,FALSE
operate,FALSE
travel,TRUE
fly,FALSE
proceed,FALSE
navigate,FALSE
land,TRUE
qualify,FALSE
free,FALSE
safe,FALSE
easy,FALSE
federal,FALSE
not,FALSE
distance,FALSE
connect,FALSE
destination,TRUE
stop,FALSE
high,FALSE
product,TRUE
natural,FALSE
average,FALSE
availability,FALSE
good,FALSE
evil,FALSE
waste,FALSE
poor,FALSE
improvement,FALSE
cover,TRUE
special,FALSE
inform,TRUE
buyer,TRUE
vendor,FALSE
retailer,FALSE
supplier,FALSE
store,FALSE
intention,FALSE
intent,TRUE
willingness,FALSE
desire,FALSE
intention,TRUE
plan,TRUE
readiness,FALSE
capability,FALSE
store,TRUE
food,FALSE
basic,FALSE
duty,TRUE
repair,FALSE
task,FALSE
accordance,FALSE
preparation,FALSE
post,FALSE
pre,FALSE
p,FALSE
s,FALSE
j,FALSE
u,FALSE
t,FALSE
key,TRUE
enter,TRUE
resemble,FALSE
accompany,FALSE
web,TRUE
iphone,FALSE
internet,TRUE
press,FALSE
museum,FALSE
archive,FALSE
feature,FALSE
number,FALSE
rank,FALSE
rank,FALSE
organise,FALSE
perform,TRUE
unitary,FALSE
province,FALSE
council,FALSE
municipal,FALSE
regional,FALSE
island,TRUE
archipelago,FALSE
island,TRUE
overseas,FALSE
urban,FALSE
international,FALSE
ethnic,FALSE
autonomous,FALSE
marine,FALSE
coastal,FALSE
continental,FALSE
nation,FALSE
peninsula,FALSE
sea,FALSE
head,FALSE
colour,FALSE
color,FALSE
#,FALSE
#,FALSE
brightness,FALSE
red,FALSE
yellow,FALSE
blue,FALSE
bold,FALSE
pink,FALSE
green,FALSE
orange,FALSE
black,FALSE
purple,FALSE
white,FALSE
gray,FALSE
grey,FALSE
brown,FALSE
light,FALSE
aspect,TRUE
dot,FALSE
shade,FALSE
gender,FALSE
freedom,FALSE
collect,FALSE
manage,FALSE
exchange,FALSE
program,FALSE
Protocol,FALSE
express,FALSE
terminal,FALSE
pleasure,FALSE
sin,FALSE
crime,FALSE
privilege,FALSE
gift,FALSE
deal,TRUE
we,FALSE
understand,FALSE
abbreviate,FALSE
see,TRUE
express,FALSE
zip,FALSE
#,FALSE
typical,FALSE
special,FALSE
10,FALSE
zero,FALSE
wale,FALSE
Ireland,FALSE
Scotland,FALSE
yorkshire,FALSE
England,FALSE
Gibraltar,FALSE
Netherlands,FALSE
Jersey,FALSE
Norway,FALSE
Italy,FALSE
kent,FALSE
iceland,FALSE
malta,FALSE
focus,FALSE
objective,FALSE
priority,FALSE
motivation,FALSE
aim,FALSE
justification,FALSE
target,FALSE
regulation,FALSE
initiative,FALSE
allocation,FALSE
development,TRUE
infrastructure,FALSE
building,FALSE
energy,FALSE
utility,FALSE
health,FALSE
work,TRUE
welfare,FALSE
housing,FALSE
safety,FALSE
continue,TRUE
ought,FALSE
remain,TRUE
allow,TRUE
aim,FALSE
continue,TRUE
address,TRUE
adjust,FALSE
permit,FALSE
prevent,FALSE
improve,FALSE
compilation,FALSE
gather,FALSE
generation,FALSE
statistical,FALSE
accurate,FALSE
reliable,FALSE
relevant,FALSE
raw,FALSE
decision,FALSE
control,TRUE
cost,TRUE
effect,FALSE
economic,FALSE
impact,FALSE
import,TRUE
export,TRUE
revenue,FALSE
revenue,FALSE
acquisition,FALSE
import,TRUE
where,FALSE
last,FALSE
early,FALSE
exact,FALSE
late,FALSE
precise,FALSE
approximate,FALSE
actual,FALSE
#,FALSE
#,FALSE
probability,FALSE
test,FALSE
license,FALSE
auction,FALSE
mean,TRUE
pronunciation,FALSE
dialect,FALSE
phrase,FALSE
teach,FALSE
canonical,FALSE
latin,FALSE
logical,FALSE
language,FALSE
Dictionary,FALSE
template,FALSE
fit,FALSE
consist,FALSE
occur,TRUE
interactive,FALSE
automate,FALSE
free,FALSE
electronic,FALSE
mobile,FALSE
live,FALSE
premise,FALSE
air,FALSE
go,TRUE
retail,FALSE
website,TRUE
event,TRUE
advertising,FALSE
commerce,FALSE
chat,FALSE
learn,FALSE
governance,FALSE
administer,FALSE
collect,TRUE
regard,TRUE
indicate,TRUE
detail,TRUE
accept,TRUE
offer,TRUE
difference,FALSE
variance,FALSE
partial,FALSE
advance,FALSE
short,FALSE
second,FALSE
reverse,FALSE
use,TRUE
political,FALSE
interest,FALSE
third,FALSE
member,FALSE
both,FALSE
unit,TRUE
they,FALSE
project,FALSE
company,TRUE
district,FALSE
reserve,FALSE
building,FALSE
bill,FALSE
resource,TRUE
need,TRUE
yet,FALSE
wish,TRUE
unable,FALSE
act,TRUE
present,FALSE
consult,FALSE
commit,FALSE
certify,FALSE
stimulus,FALSE
debt,FALSE
reason,TRUE
expenditure,FALSE
spend,FALSE
reform,FALSE
restraint,FALSE
lifetime,FALSE
collective,FALSE
p,FALSE
method,FALSE
pay,TRUE
pay,TRUE
hire,FALSE
earn,FALSE
financing,FALSE
calculate,FALSE
zone,FALSE
park,FALSE
lack,FALSE
crosse,FALSE
nothing,FALSE
something,FALSE
factory,FALSE
house,FALSE
regard,FALSE
classify,FALSE
treat,FALSE
characterise,FALSE
street,FALSE
order,TRUE
order,TRUE
Grand,FALSE
manual,FALSE
notation,FALSE
sale,TRUE
equip,FALSE
stamp,FALSE
display,FALSE
geographic,FALSE
rank,FALSE
place,FALSE
password,FALSE
signature,TRUE
assess,FALSE
explain,FALSE
evaluate,FALSE
error,FALSE
negative,FALSE
effect,FALSE
investigate,FALSE
confirm,FALSE
avoid,FALSE
find,TRUE
analyze,FALSE
resolve,FALSE
examine,FALSE
measure,FALSE
magnitude,FALSE
inverse,FALSE
equation,FALSE
manufacture,FALSE
assembly,FALSE
manufacture,FALSE
sell,TRUE
vessel,FALSE
dispatch,FALSE
coordination,FALSE
defence,FALSE
agriculture,FALSE
either,FALSE
to,FALSE
directory,FALSE
printer,FALSE
car,FALSE
grant,FALSE
centre,FALSE
office,TRUE
school,FALSE
project,TRUE
involve,TRUE
affect,FALSE
fund,TRUE
govern,FALSE
objective,FALSE
policy,TRUE
mission,FALSE
priority,FALSE
like,FALSE
particularly,FALSE
specifically,FALSE
especially,FALSE
among,FALSE
currently,FALSE
spell,FALSE
render,FALSE
shift,FALSE
head,TRUE
curve,FALSE
turn,FALSE
move,FALSE
gateway,FALSE
depot,FALSE
warehouse,FALSE
terminal,FALSE
load,FALSE
value,TRUE
price,TRUE
evaluate,FALSE
pricing,FALSE
measure,TRUE
calculate,TRUE
respectively,FALSE
choice,FALSE
representative,FALSE
agency,FALSE
so,FALSE
but,FALSE
thus,FALSE
even,FALSE
save,TRUE
preserve,FALSE
search,FALSE
memory,FALSE
live,FALSE
instruction,FALSE
permission,FALSE
care,FALSE
say,TRUE
declare,TRUE
ensure,TRUE
confirm,FALSE
seem,FALSE
guarantee,FALSE
assume,TRUE
complete,TRUE
renew,FALSE
revoke,FALSE
cancel,FALSE
entirety,FALSE
fully,FALSE
spirit,FALSE
#,FALSE
#,FALSE
effort,FALSE
transformation,FALSE
demand,TRUE
propose,FALSE
argue,FALSE
concept,TRUE
approach,FALSE
theory,FALSE
technology,TRUE
appear,FALSE
mention,FALSE
say,TRUE
communicate,FALSE
topic,FALSE
theme,FALSE
commodity,FALSE
transport,TRUE
seize,FALSE
character,FALSE
price,TRUE
base,FALSE
monetary,FALSE
#,FALSE
control,FALSE
supply,FALSE
production,FALSE
#,FALSE
#,FALSE
selection,FALSE
release,FALSE
verbal,FALSE
noun,FALSE
#,FALSE
node,FALSE
tribe,FALSE
child,FALSE
cell,FALSE
specie,FALSE
repair,FALSE
loan,FALSE
profit,FALSE
java,FALSE
#,FALSE
scheme,FALSE
graphic,FALSE
#,FALSE
module,FALSE
download,FALSE
simplicity,FALSE
convenience,FALSE
depict,FALSE
map,TRUE
picture,FALSE
screen,FALSE
photo,FALSE
menu,FALSE
report,FALSE
#,FALSE
election,FALSE
xbox,FALSE
mandate,FALSE
restrict,FALSE
format,TRUE
status,FALSE
full,FALSE
social,FALSE
assumption,FALSE
choice,FALSE
complaint,FALSE
conclusion,FALSE
mistake,FALSE
promise,FALSE
allow,TRUE
reach,TRUE
raise,FALSE
well,FALSE
engineering,FALSE
practice,TRUE
logic,FALSE
behavior,FALSE
ethic,FALSE
structure,FALSE
arrangement,TRUE
mechanism,FALSE
network,TRUE
manage,FALSE
function,TRUE
operate,FALSE
organize,FALSE
construct,FALSE
manufacture,FALSE
instal,FALSE
program,TRUE
problem,FALSE
thing,FALSE
factor,FALSE
characterize,FALSE
view,TRUE
box,TRUE
box,TRUE
hole,FALSE
#,FALSE
#,FALSE
#,FALSE
sheep,FALSE
#,FALSE
powder,FALSE
#,FALSE
algorithm,FALSE
affiliate,FALSE
occurrence,FALSE
Friday,FALSE
Monday,FALSE
timeline,FALSE
compensation,FALSE
installment,FALSE
progress,FALSE
due,FALSE
schedule,FALSE
suppose,FALSE
plan,TRUE
ready,FALSE
mean,TRUE
framework,FALSE
process,FALSE
supplement,FALSE
precursor,FALSE
clause,FALSE
treaty,FALSE
mechanism,FALSE
constitute,FALSE
reflect,FALSE
encompasse,FALSE
valuable,FALSE
keep,FALSE
historical,FALSE
helpful,FALSE
difficult,FALSE
easy,FALSE
beneficial,FALSE
desirable,FALSE
detect,FALSE
minimize,FALSE
eliminate,FALSE
remove,FALSE
bias,FALSE
trend,FALSE
gain,FALSE
cause,TRUE
similarity,FALSE
strength,FALSE
increase,TRUE
delay,FALSE
check,TRUE
defect,FALSE
gap,FALSE
flaw,FALSE
weakness,FALSE
fault,FALSE
failure,FALSE
difficulty,FALSE
confusion,FALSE
limitation,FALSE
issue,TRUE
selection,FALSE
screen,FALSE
measurement,FALSE
assessment,FALSE
research,FALSE
evaluation,FALSE
plan,TRUE
school,FALSE
utilize,FALSE
gather,FALSE
extract,FALSE
compare,TRUE
artifact,FALSE
observation,FALSE
behavior,FALSE
evidence,FALSE
give,TRUE
formula,FALSE
follow,TRUE
parameter,FALSE
expression,FALSE
step,FALSE
manage,FALSE
address,TRUE
license,FALSE
dispute,FALSE
matter,TRUE
debt,FALSE
litigation,FALSE
loss,TRUE
conflict,FALSE
lawsuit,FALSE
arise,FALSE
result,TRUE
derive,FALSE
originate,FALSE
emerge,FALSE
arise,FALSE
result,TRUE
range,TRUE
recover,FALSE
cause,TRUE
reassure,FALSE
confiscate,FALSE
deed,FALSE
survey,TRUE
marketing,FALSE
operation,TRUE
distribution,TRUE
establishment,FALSE
enforcement,FALSE
execution,FALSE
monitor,FALSE
interpretation,FALSE
supervision,FALSE
agreement,TRUE
retailer,FALSE
publisher,FALSE
dealer,FALSE
vendor,FALSE
produce,TRUE
dimension,FALSE
make,TRUE
compose,FALSE
make,TRUE
break,TRUE
discuss,FALSE
explain,FALSE
summarize,FALSE
letter,FALSE
universal,FALSE
count,FALSE
class,TRUE
term,TRUE
capital,FALSE
collector,FALSE
phone,FALSE
call,TRUE
phone,TRUE
voice,FALSE
amend,FALSE
modify,FALSE
alter,FALSE
correct,FALSE
expand,FALSE
upgrade,FALSE
enlarge,FALSE
abandon,FALSE
destroy,FALSE
ix,FALSE
VII,FALSE
ii,FALSE
18,FALSE
11,FALSE
their,FALSE
at,FALSE
mean,FALSE
altitude,FALSE
animal,FALSE
migrant,FALSE
casualty,FALSE
immigrant,FALSE
movement,FALSE
resident,FALSE
destine,FALSE
anticipate,FALSE
slate,FALSE
disable,FALSE
retain,TRUE
replace,TRUE
restore,FALSE
remain,TRUE
become,TRUE
match,FALSE
add,TRUE
directory,FALSE
design,FALSE
ministry,FALSE
Institute,FALSE
chamber,FALSE
chamber,FALSE
college,FALSE
various,FALSE
#,FALSE
#,FALSE
plus,FALSE
one,TRUE
embed,FALSE
regulation,TRUE
court,FALSE
organization,TRUE
government,TRUE
Congress,FALSE
country,TRUE
warrant,FALSE
cause,FALSE
seek,TRUE
force,TRUE
mean,TRUE
justify,FALSE
promotion,FALSE
adoption,FALSE
suspension,FALSE
abandonment,FALSE
withdrawal,FALSE
retention,FALSE
repeal,FALSE
removal,FALSE
expansion,FALSE
elimination,FALSE
continuation,FALSE
whether,FALSE
worth,FALSE
absence,FALSE
ease,FALSE
degree,FALSE
schedule,FALSE
amendment,FALSE
statute,FALSE
court,FALSE
difference,TRUE
correlation,FALSE
distinction,FALSE
similarity,FALSE
separation,FALSE
capture,FALSE
output,FALSE
perceive,FALSE
finite,FALSE
pure,FALSE
rational,FALSE
categorize,FALSE
award,FALSE
figure,FALSE
study,TRUE
restrict,FALSE
confine,FALSE
tailor,FALSE
exclusive,FALSE
major,FALSE
trust,FALSE
style,FALSE
account,TRUE
liability,FALSE
deposit,FALSE
fee,TRUE
disclosure,FALSE
help,TRUE
#,FALSE
#,FALSE
publishing,FALSE
#,FALSE
award,FALSE
devise,FALSE
ministry,FALSE
coordinate,FALSE
regulate,FALSE
station,FALSE
#,FALSE
confirm,FALSE
prove,FALSE
declare,FALSE
prove,FALSE
variant,FALSE
permit,TRUE
unlikely,FALSE
still,FALSE
guarantee,TRUE
award,FALSE
reveal,FALSE
detail,TRUE
insight,FALSE
clue,FALSE
insight,FALSE
guidance,FALSE
hint,FALSE
advice,FALSE
warn,FALSE
topic,FALSE
location,FALSE
case,TRUE
Mark,FALSE
registry,FALSE
article,TRUE
right,FALSE
issue,TRUE
problem,FALSE
event,TRUE
book,TRUE
caller,FALSE
web,TRUE
click,FALSE
browser,FALSE
portal,FALSE
#,FALSE
show,TRUE
right,FALSE
obligation,FALSE
along,FALSE
comply,FALSE
together,FALSE
consistent,FALSE
align,FALSE
determine,TRUE
compute,FALSE
emphasize,FALSE
eliminate,FALSE
prevent,FALSE
introduce,TRUE
recognize,FALSE
opportunity,FALSE
necessity,FALSE
tendency,FALSE
burden,FALSE
manufacturer,TRUE
telecommunication,FALSE
developer,FALSE
offering,FALSE
compete,FALSE
look,TRUE
advocate,FALSE
apply,TRUE
cater,FALSE
situation,FALSE
consider,TRUE
permit,FALSE
Bonus,FALSE
net,FALSE
top,FALSE
dollar,FALSE
gold,FALSE
primary,FALSE
traditional,FALSE
premium,FALSE
#,FALSE
prize,FALSE
bonus,FALSE
pair,TRUE
student,FALSE
shoe,FALSE
grade,FALSE
judge,FALSE
pupil,FALSE
child,FALSE
player,FALSE
range,TRUE
weight,FALSE
bar,FALSE
score,FALSE
floor,FALSE
level,TRUE
methodology,FALSE
#,FALSE
#,FALSE
#,FALSE
#,FALSE
dependent,FALSE
focus,FALSE
model,TRUE
model,TRUE
base,TRUE
standardize,FALSE
depend,TRUE
db,FALSE
DL,FALSE
gdp,FALSE
API,FALSE
sd,FALSE
gp,FALSE
forum,FALSE
#,FALSE
§,FALSE
below,FALSE
there,FALSE
list,TRUE
#,FALSE
fact,TRUE
theory,FALSE
turn,TRUE
reality,FALSE
essence,FALSE
future,FALSE
principle,FALSE
Europe,FALSE
reform,FALSE
extension,FALSE
increase,TRUE
combine,FALSE
merge,FALSE
typically,FALSE
often,FALSE
replace,TRUE
sometimes,FALSE
integrate,FALSE
end,TRUE
initially,FALSE
require,TRUE
introduce,TRUE
allow,TRUE
well,FALSE
invalid,FALSE
per,FALSE
#,FALSE
#,FALSE
#,FALSE
#,FALSE
#,FALSE
fine,FALSE
factor,FALSE
penalty,FALSE
traffic,FALSE
expense,FALSE
duty,FALSE
parking,FALSE
visa,FALSE
nominal,FALSE
car,TRUE
team,FALSE
driver,FALSE
match,FALSE
track,FALSE
player,FALSE
coach,FALSE
colour,TRUE
colour,TRUE
always,FALSE
code,TRUE
#,FALSE
age,FALSE
bracket,FALSE
italic,FALSE
stripe,FALSE
reflect,TRUE
within,FALSE
form,TRUE
resemble,FALSE
power,FALSE
performance,FALSE
engine,FALSE
vehicle,FALSE
sport,FALSE
home,FALSE
equipment,FALSE
club,FALSE
locomotive,FALSE
race,FALSE
team,FALSE
train,FALSE
gene,FALSE
preserve,FALSE
trait,FALSE
parent,FALSE
spectral,FALSE
respective,FALSE
constituent,FALSE
natural,FALSE
master,FALSE
complexity,FALSE
fundamental,FALSE
after,FALSE
plus,FALSE
before,FALSE
exclusion,FALSE
proof,FALSE
replica,FALSE
accord,TRUE
accord,TRUE
correspond,TRUE
correspond,FALSE
product,FALSE
mark,FALSE
part,FALSE
station,FALSE
way,FALSE
disclose,FALSE
year,TRUE
month,TRUE
period,TRUE
cycle,FALSE
day,TRUE
round,FALSE
week,TRUE
proceed,FALSE
may,FALSE
shall,FALSE
or,FALSE
set,TRUE
lay,FALSE
find,TRUE
figure,FALSE
lay,FALSE
labour,FALSE
labor,FALSE
warning,FALSE
anything,FALSE
omit,FALSE
encounter,FALSE
affect,FALSE
detect,FALSE
cite,FALSE
thus,FALSE
guide,FALSE
equity,FALSE
protection,FALSE
on,FALSE
consider,TRUE
regard,TRUE
support,TRUE
understanding,FALSE
formulation,FALSE
direction,FALSE
strengthen,FALSE
evolution,FALSE
environmental,FALSE
education,FALSE
fiscal,FALSE
strategy,FALSE
could,FALSE
would,FALSE
programme,FALSE
effort,FALSE
concern,TRUE
protect,FALSE
employer,FALSE
community,TRUE
entrepreneur,FALSE
economy,FALSE
enterprise,FALSE
EU,FALSE
2015,FALSE
2016,FALSE
2013,FALSE
2017,FALSE
exception,TRUE
hour,FALSE
holiday,FALSE
candidate,FALSE
band,FALSE
variety,FALSE
color,FALSE
telegraph,FALSE
video,FALSE
television,FALSE
tablet,FALSE
#,FALSE
be,FALSE
bar,FALSE
h,FALSE
800,FALSE
star,FALSE
m,FALSE
gb,FALSE
K,FALSE
MP,FALSE
EA,FALSE
at,FALSE
q,FALSE
ET,FALSE
PA,FALSE
w,FALSE
gram,FALSE
meter,FALSE
metre,FALSE
ton,FALSE
gram,FALSE
kg,FALSE
pound,FALSE
100,FALSE
round,FALSE
pack,FALSE
foot,FALSE
cartridge,FALSE
metre,FALSE
meter,TRUE
foot,FALSE
kilometre,FALSE
centimetre,FALSE
#,FALSE
million,FALSE
background,FALSE
envelope,FALSE
reader,FALSE
manufacturer,FALSE
block,TRUE
header,FALSE
understand,TRUE
sort,FALSE
#,FALSE
sufficient,FALSE
enough,FALSE
insufficient,FALSE
implement,TRUE
grasp,FALSE
comprehend,FALSE
develop,TRUE
learn,TRUE
annual,FALSE
arrival,FALSE
month,FALSE
calendar,FALSE
quarter,FALSE
season,FALSE
holiday,FALSE
summer,FALSE
decade,FALSE
night,FALSE
lease,FALSE
patent,FALSE
fire,FALSE
#,FALSE
cable,FALSE
satellite,FALSE
broadband,FALSE
bus,FALSE
microwave,FALSE
dead,FALSE
front,FALSE
head,FALSE
night,FALSE
weekend,FALSE
less,FALSE
early,FALSE
paper,FALSE
constraint,FALSE
society,FALSE
Commission,FALSE
direct,FALSE
aid,FALSE
employment,FALSE
fund,TRUE
back,TRUE
drive,FALSE
someone,FALSE
another,FALSE
re,FALSE
eliminate,FALSE
reduce,TRUE
remove,FALSE
avoid,FALSE
meet,TRUE
charge,FALSE
threshold,FALSE
note,TRUE
table,FALSE
step,FALSE
stage,FALSE
tier,FALSE
phase,FALSE
॥,FALSE
Model,FALSE
generally,FALSE
explicitly,FALSE
necessarily,FALSE
normally,FALSE
actually,FALSE
present,TRUE
portion,FALSE
four,FALSE
several,FALSE
construction,FALSE
installation,FALSE
inception,FALSE
variation,FALSE
incarnation,FALSE
heritage,FALSE
centre,FALSE
prescribe,FALSE
advise,FALSE
#,FALSE
read,TRUE
#,FALSE
command,FALSE
expect,TRUE
urge,FALSE
seize,FALSE
inspect,FALSE
withdraw,FALSE
steal,FALSE
deny,FALSE
cease,FALSE
resume,FALSE
possession,FALSE
recovery,FALSE
seizure,FALSE
profit,FALSE
successor,FALSE
servant,FALSE
assistant,FALSE
assistant,FALSE
associate,FALSE
heir,FALSE
wife,FALSE
surrender,FALSE
keep,TRUE
distribute,FALSE
recover,FALSE
rest,FALSE
leader,FALSE
House,FALSE
branch,FALSE
command,FALSE
assignment,FALSE
yellow,FALSE
smart,FALSE
wallet,FALSE
cd,FALSE
deposit,FALSE
passport,FALSE
loyalty,FALSE
discount,FALSE
#,FALSE
holder,FALSE
file,TRUE
environment,FALSE
organism,FALSE
store,TRUE
display,FALSE
carry,TRUE
deliver,TRUE
enter,TRUE
post,TRUE
publish,TRUE
terminate,FALSE
test,FALSE
factory,FALSE
processor,FALSE
pin,FALSE
prior,FALSE
relate,TRUE
ask,TRUE
get,TRUE
ask,TRUE
tell,FALSE
select,TRUE
select,TRUE
hold,TRUE
know,TRUE
save,FALSE
follow,TRUE
Database,FALSE
training,FALSE
coordinate,FALSE
ongoing,FALSE
integrate,FALSE
continue,TRUE
directorate,FALSE
lead,TRUE
contribute,FALSE
belong,FALSE
lead,TRUE
thank,FALSE
affiliate,FALSE
except,FALSE
especially,FALSE
usually,FALSE
like,FALSE
presence,FALSE
inside,FALSE
check,TRUE
write,TRUE
post,TRUE
rely,FALSE
blog,FALSE
appear,FALSE
reside,FALSE
publish,TRUE
operate,TRUE
internal,FALSE
#,FALSE
site,TRUE
#,FALSE
gain,FALSE
feedback,FALSE
funding,FALSE
audit,FALSE
affair,FALSE
tag,FALSE
connect,FALSE
fit,FALSE
exception,TRUE
aid,FALSE
consent,FALSE
inclusion,FALSE
promote,FALSE
encourage,FALSE
increase,TRUE
improve,FALSE
ensure,TRUE
enable,FALSE
promote,TRUE
importance,FALSE
reduction,FALSE
balance,FALSE
electricity,FALSE
reserve,TRUE
capital,FALSE
power,FALSE
incentive,FALSE
job,FALSE
fuel,FALSE
efficiency,FALSE
efficient,FALSE
place,TRUE
find,TRUE
establish,TRUE
put,TRUE
distinguish,FALSE
way,TRUE
field,FALSE
sign,TRUE
pass,TRUE
enter,TRUE
become,TRUE
accept,TRUE
perform,TRUE
retain,FALSE
fill,FALSE
exercise,FALSE
lose,TRUE
play,TRUE
maintain,TRUE
doctrine,FALSE
record,FALSE
material,TRUE
individual,TRUE
deem,FALSE
#,FALSE
#,FALSE
#,FALSE
schedule,FALSE
death,FALSE
ready,FALSE
#,FALSE
#,FALSE
#,FALSE
#,FALSE
present,FALSE
extent,FALSE
transport,FALSE
good,FALSE
usual,FALSE
informal,FALSE
root,FALSE
student,FALSE
haul,FALSE
#,FALSE
#,FALSE
journey,FALSE
heavy,FALSE
excess,FALSE
cheap,FALSE
incomplete,FALSE
delay,TRUE
dangerous,FALSE
expensive,FALSE
unreliable,FALSE
reliability,FALSE
lack,FALSE
breach,FALSE
breakdown,FALSE
denial,FALSE
restriction,FALSE
#,FALSE
genre,FALSE
local,FALSE
voter,FALSE
bear,FALSE
possess,FALSE
short,FALSE
basic,FALSE
simple,FALSE
quick,FALSE
convert,FALSE
#,FALSE
country,TRUE
postal,FALSE
area,TRUE
building,FALSE
property,TRUE
regional,FALSE
usd,FALSE
EC,FALSE
Euro,FALSE
assign,TRUE
locate,TRUE
testing,FALSE
determine,TRUE
withdraw,FALSE
exploit,FALSE
promotional,FALSE
conversation,FALSE
dialogue,FALSE
citizen,FALSE
parliament,FALSE
technique,TRUE
regular,FALSE
executive,FALSE
room,FALSE
charge,FALSE
dollar,FALSE
token,FALSE
recommendation,FALSE
introduction,FALSE
authorization,FALSE
mortgage,FALSE
depend,TRUE
leave,FALSE
smart,FALSE
chip,FALSE
#,FALSE
#,FALSE
sheet,FALSE
#,FALSE
#,FALSE
#,FALSE
#,FALSE
order,TRUE
reservation,FALSE
single,FALSE
#,FALSE
assumption,FALSE
#,FALSE
funding,FALSE
lease,FALSE
move,TRUE
reader,FALSE
shop,FALSE
virtual,FALSE
physical,FALSE
verb,FALSE
question,FALSE
#,FALSE
existence,FALSE
mind,FALSE
synonym,FALSE
automobile,FALSE
car,FALSE
aircraft,FALSE
bus,FALSE
tail,FALSE
chain,FALSE
scale,FALSE
govern,TRUE
regulate,FALSE
state,TRUE
cover,TRUE
measure,TRUE
fashion,FALSE
food,FALSE
garment,FALSE
package,FALSE
assess,FALSE
test,TRUE
pre,FALSE
#,FALSE
convention,FALSE
regulation,FALSE
#,FALSE
#,FALSE
#,FALSE
#,FALSE
charter,FALSE
#,FALSE
#,FALSE
ministry,FALSE
court,FALSE
police,FALSE
council,FALSE
railway,FALSE
trust,FALSE
governor,FALSE
custom,FALSE
airport,FALSE
port,FALSE
airline,FALSE
railroad,FALSE
official,TRUE
officer,FALSE
controller,FALSE
advisor,FALSE
oath,FALSE
substitute,FALSE
obsolete,FALSE
substitution,FALSE
tasked,FALSE
concern,TRUE
deal,FALSE
entrust,FALSE
deal,FALSE
drug,FALSE
turn,TRUE
west,FALSE
north,FALSE
sandy,FALSE
long,FALSE
Castle,FALSE
Crown,FALSE
south,FALSE
east,FALSE
round,FALSE
#,FALSE
†,FALSE
library,FALSE
youtube,FALSE
facebook,FALSE
operation,TRUE
who,FALSE
adjustment,FALSE
alternative,TRUE
contract,TRUE
hire,FALSE
appoint,FALSE
if,FALSE
can,FALSE
must,FALSE
everything,FALSE
passage,FALSE
food,FALSE
bid,FALSE
subsequently,FALSE
loss,FALSE
anticipation,FALSE
vary,TRUE
active,FALSE
participate,FALSE
assist,FALSE
reject,FALSE
deny,FALSE
announce,FALSE
move,FALSE
complaint,FALSE
mistake,FALSE
manager,FALSE
serve,TRUE
environmental,FALSE
equal,FALSE
Personnel,FALSE
copyright,FALSE
integrity,FALSE
recall,FALSE
privacy,FALSE
capability,FALSE
leader,FALSE
member,TRUE
staff,FALSE
composition,FALSE
role,FALSE
chairman,FALSE
randomly,FALSE
uniquely,FALSE
automatically,FALSE
locally,FALSE
manually,FALSE
newly,FALSE
specially,FALSE
freely,FALSE
naturally,FALSE
digitally,FALSE
custom,FALSE
correctly,FALSE
maximum,FALSE
movement,FALSE
by,FALSE
current,FALSE
placement,FALSE
petition,FALSE
clearance,FALSE
resolution,FALSE
immediate,FALSE
automatic,FALSE
treatment,FALSE
dismissal,FALSE
determination,FALSE
image,FALSE
response,FALSE
route,FALSE
risk,FALSE
step,TRUE
take,TRUE
keep,TRUE
treat,FALSE
leave,TRUE
present,TRUE
render,FALSE
departure,FALSE
#,FALSE
differ,FALSE
stake,FALSE
overlap,FALSE
interference,FALSE
overhead,FALSE
prepare,FALSE
indicator,FALSE
leaf,FALSE
disc,FALSE
exactly,FALSE
only,FALSE
just,FALSE
experimental,FALSE
paste,FALSE
photograph,FALSE
picture,FALSE
photo,FALSE
donor,FALSE
subsequent,FALSE
audience,FALSE
mostly,FALSE
miss,FALSE
discard,FALSE
occur,TRUE
exist,TRUE
relate,TRUE
security,FALSE
connect,FALSE
belong,FALSE
lead,TRUE
belong,FALSE
contribute,FALSE
respond,FALSE
dedicate,FALSE
relate,TRUE
Piece,FALSE
shade,FALSE
side,TRUE
fleet,FALSE
beside,FALSE
behind,FALSE
denomination,FALSE
magnetic,FALSE
bear,FALSE
#,FALSE
cumulative,FALSE
collection,FALSE
music,FALSE
play,FALSE
#,FALSE
audio,FALSE
musical,FALSE
stand,FALSE
#,FALSE
archive,FALSE
accessible,FALSE
gallery,FALSE
gallery,FALSE
magazine,FALSE
#,FALSE
mathematical,FALSE
observe,FALSE
sample,FALSE
relative,FALSE
advise,FALSE
consideration,FALSE
bring,FALSE
take,TRUE
seek,TRUE
towards,FALSE
concern,TRUE
toward,FALSE
benefit,TRUE
competition,FALSE
then,FALSE
let,FALSE
bind,FALSE
bound,FALSE
derivative,FALSE
cent,FALSE
low,FALSE
pay,TRUE
add,TRUE
equal,FALSE
category,TRUE
such,FALSE
#,FALSE
certification,FALSE
verify,FALSE
dealer,FALSE
respond,TRUE
chain,FALSE
view,FALSE
officer,FALSE
firm,TRUE
initiation,FALSE
onset,FALSE
challenge,FALSE
attempt,TRUE
fail,TRUE
try,FALSE
hope,TRUE
prove,TRUE
demonstrate,FALSE
know,TRUE
maintain,TRUE
extend,TRUE
#,FALSE
change,TRUE
examine,FALSE
choose,TRUE
brand,FALSE
app,FALSE
functionality,FALSE
suite,FALSE
handful,FALSE
breed,FALSE
score,FALSE
encryption,FALSE
signal,FALSE
protocol,FALSE
multi,FALSE
low,FALSE
high,FALSE
background,FALSE
visual,FALSE
analysis,FALSE
claim,FALSE
politician,FALSE
nominee,FALSE
mp,FALSE
leader,FALSE
president,FALSE
buy,TRUE
profile,FALSE
portfolio,FALSE
global,FALSE
proper,FALSE
#,FALSE
#,FALSE
#,FALSE
#,FALSE
#,FALSE
album,FALSE
void,FALSE
characteristic,FALSE
devoid,FALSE
substance,FALSE
EP,FALSE
alternate,FALSE
extend,TRUE
attach,TRUE
lead,TRUE
translate,FALSE
russian,FALSE
developer,FALSE
proprietary,FALSE
various,FALSE
several,FALSE
those,FALSE
design,TRUE
edition,FALSE
figure,FALSE
thereof,FALSE
land,FALSE
Commerce,FALSE
finance,FALSE
demand,FALSE
announce,FALSE
confirm,FALSE
everyone,FALSE
reveal,FALSE
know,TRUE
explain,FALSE
note,TRUE
deposit,FALSE
theft,FALSE
encourage,FALSE
subordinate,FALSE
#,FALSE
President,FALSE
president,FALSE
patron,FALSE
founder,FALSE
contestant,FALSE
incumbent,FALSE
photo,FALSE
visual,FALSE
video,FALSE
deploy,FALSE
buffer,FALSE
picture,FALSE
frame,FALSE
map,FALSE
keyboard,FALSE
comprise,FALSE
republic,FALSE
convention,FALSE
system,FALSE
adequate,FALSE
practical,FALSE
reasonable,FALSE
update,TRUE
patch,FALSE
addition,TRUE
upgrade,FALSE
improvement,FALSE
download,FALSE
what,FALSE
next,FALSE
length,FALSE
0,FALSE
1000,FALSE
200,FALSE
50,FALSE
0,FALSE
20,FALSE
80,FALSE
angle,FALSE
i,FALSE
edge,FALSE
x,FALSE
2011,FALSE
2009,FALSE
SEC,FALSE
constitution,FALSE
ABA,FALSE
nhs,FALSE
expand,FALSE
step,FALSE
distinguish,FALSE
differentiate,FALSE
discussion,FALSE
around,FALSE
regulatory,FALSE
#,FALSE
#,FALSE
#,FALSE
#,FALSE
#,FALSE
#,FALSE
hospital,FALSE
defense,FALSE
assurance,FALSE
testing,FALSE
please,FALSE
visit,FALSE
sole,FALSE
designer,FALSE
branding,FALSE
software,FALSE
award,TRUE
subsidiary,FALSE
locate,FALSE
headquarter,FALSE
found,FALSE
wholly,FALSE
situate,FALSE
corporation,FALSE
high,FALSE
legislative,FALSE
execute,FALSE
reach,FALSE
obtain,TRUE
draft,FALSE
vote,FALSE
proposal,FALSE
bid,FALSE
invitation,FALSE
appointment,FALSE
involve,TRUE
#,FALSE
filter,FALSE
invert,FALSE
express,TRUE
repetition,FALSE
repeat,FALSE
overlap,FALSE
stream,FALSE
argument,FALSE
record,TRUE
start,TRUE
appearance,FALSE
flight,FALSE
impression,FALSE
horse,FALSE
firearm,FALSE
consult,FALSE
watch,FALSE
clear,FALSE
floor,FALSE
roof,FALSE
wall,FALSE
ceiling,FALSE
window,FALSE
balcony,FALSE
shelf,FALSE
attic,FALSE
bench,FALSE
basement,FALSE
apartment,FALSE
bedroom,FALSE
bathroom,FALSE
lounge,FALSE
studio,FALSE
residence,FALSE
accommodation,FALSE
workshop,FALSE
flat,FALSE
hotel,FALSE
house,TRUE
world,FALSE
#,FALSE
#,FALSE
#,FALSE
km,FALSE
institute,FALSE
subsidiary,FALSE
headquarter,FALSE
undertaking,FALSE
sometimes,FALSE
when,FALSE
often,FALSE
normally,FALSE
while,FALSE
generally,FALSE
because,FALSE
synonymous,FALSE
fragment,FALSE
tape,FALSE
disk,FALSE
manuscript,FALSE
discover,FALSE
win,FALSE
change,TRUE
have,FALSE
break,TRUE
hold,TRUE
perform,TRUE
ball,FALSE
man,FALSE
legge,FALSE
switch,FALSE
offset,FALSE
decrease,FALSE
raise,TRUE
impact,FALSE
soon,FALSE
mid,FALSE
begin,TRUE
late,FALSE
odd,FALSE
own,FALSE
transmitter,FALSE
speaker,FALSE
microphone,FALSE
generator,FALSE
camera,FALSE
compass,FALSE
translator,FALSE
equal,FALSE
separate,TRUE
#,FALSE
advantage,FALSE
reward,FALSE
consequence,FALSE
happen,FALSE
lie,FALSE
occur,FALSE
come,TRUE
go,TRUE
flow,TRUE
move,TRUE
run,TRUE
travel,FALSE
progress,FALSE
advance,FALSE
daily,FALSE
experience,FALSE
intervention,FALSE
activation,FALSE
injection,FALSE
strategic,FALSE
perspective,FALSE
break,TRUE
break,TRUE
lay,FALSE
break,TRUE
tie,FALSE
sort,FALSE
break,TRUE
narrow,FALSE
developmental,FALSE
evolutionary,FALSE
structural,FALSE
biological,FALSE
computational,FALSE
ecological,FALSE
segment,FALSE
branch,FALSE
instrument,FALSE
serve,TRUE
arrive,FALSE
learn,FALSE
incorporate,FALSE
employ,TRUE
utilize,FALSE
develop,TRUE
design,TRUE
implement,TRUE
prepare,FALSE
history,TRUE
appear,TRUE
seem,TRUE
clarify,FALSE
cross,FALSE
inter,FALSE
co,FALSE
double,FALSE
tran,FALSE
para,FALSE
pseudonym,FALSE
epithet,FALSE
athlete,FALSE
actor,FALSE
enemy,FALSE
opponent,FALSE
remember,FALSE
hear,FALSE
proposition,FALSE
copyright,FALSE
subject,TRUE
audience,FALSE
constitute,FALSE
imply,FALSE
satisfy,FALSE
violate,FALSE
matter,TRUE
express,TRUE
support,TRUE
achieve,FALSE
highlight,FALSE
vision,FALSE
minister,FALSE
leadership,FALSE
colleague,FALSE
head,FALSE
committee,FALSE
partner,FALSE
politic,FALSE
democracy,FALSE
activism,FALSE
awareness,FALSE
distinguish,FALSE
transform,FALSE
imply,FALSE
allege,FALSE
say,TRUE
assume,TRUE
prove,FALSE
owe,TRUE
road,FALSE
architectural,FALSE
attribute,FALSE
street,FALSE
lighting,FALSE
his,FALSE
her,FALSE
our,FALSE
demonstrate,FALSE
discuss,FALSE
presentation,FALSE
#,FALSE
got,FALSE
#,FALSE
#,FALSE
#,FALSE
#,FALSE
quote,FALSE
sentence,FALSE
revenue,FALSE
#,FALSE
weekly,FALSE
vary,FALSE
assistance,FALSE
damage,FALSE
intelligence,FALSE
#,FALSE
interchange,TRUE
bandwidth,FALSE
enable,TRUE
challenge,FALSE
help,TRUE
encourage,FALSE
researcher,FALSE
administrator,FALSE
analyst,FALSE
programmer,FALSE
interpreter,FALSE
treat,FALSE
writer,FALSE
distributor,FALSE
server,FALSE
licence,FALSE
exclude,FALSE
many,FALSE
protein,FALSE
unless,FALSE
unlimited,FALSE
dollar,FALSE
evidence,FALSE
shift,FALSE
Non,FALSE
summary,FALSE
loan,FALSE
accumulate,FALSE
earn,FALSE
grace,FALSE
my,FALSE
philippine,FALSE
rent,FALSE
swap,FALSE
place,TRUE
reflect,FALSE
occur,TRUE
immediately,FALSE
shortly,FALSE
even,FALSE
annually,FALSE
regime,FALSE
ballot,FALSE
british,FALSE
singular,FALSE
profession,FALSE
religious,FALSE
courtesy,FALSE
behaviour,FALSE
accuracy,FALSE
focus,FALSE
depend,TRUE
center,FALSE
rest,FALSE
build,TRUE
rely,TRUE
basis,TRUE
inability,FALSE
ability,TRUE
sensitivity,FALSE
recognize,FALSE
interface,FALSE
Parish,FALSE
village,FALSE
census,FALSE
ward,FALSE
hundred,FALSE
township,FALSE
apply,TRUE
hamlet,FALSE
comprise,FALSE
subdivision,FALSE
competence,FALSE
subdivide,FALSE
arrange,FALSE
article,TRUE
textbook,FALSE
treatise,FALSE
concern,FALSE
usable,FALSE
city,TRUE
club,FALSE
winner,FALSE
town,TRUE
mode,FALSE
association,TRUE
club,FALSE
conform,FALSE
fund,FALSE
maturity,FALSE
consequence,FALSE
phenomenon,FALSE
defect,FALSE
mobile,FALSE
central,FALSE
automatic,FALSE
find,TRUE
nothing,FALSE
everything,FALSE
change,TRUE
leave,FALSE
credit,TRUE
contribution,FALSE
donation,FALSE
owe,TRUE
grade,FALSE
compatible,FALSE
abstract,FALSE
good,FALSE
explanation,FALSE
BR,FALSE
SS,FALSE
n,FALSE
L,FALSE
o,FALSE
g,FALSE
#,FALSE
absolutely,FALSE
legally,FALSE
strictly,FALSE
completely,FALSE
totally,FALSE
truly,FALSE
#,FALSE
bit,FALSE
y,FALSE
#,FALSE
#,FALSE
#,FALSE
imprint,FALSE
alpha,FALSE
rf,FALSE
need,TRUE
facility,FALSE
call,TRUE
bill,FALSE
center,FALSE
reason,TRUE
suggest,FALSE
#,FALSE
#,FALSE
#,FALSE
#,FALSE
#,FALSE
#,FALSE
#,FALSE
#,FALSE
#,FALSE
#,FALSE
#,FALSE
construction,FALSE
live,FALSE