software,TRUE
system,TRUE
program,TRUE
device,TRUE
product,TRUE
code,TRUE
standard,TRUE
language,FALSE
technology,TRUE
package,FALSE
application,TRUE
architecture,TRUE
hardware,TRUE
project,TRUE
API,FALSE
available,FALSE
ready,FALSE
license,TRUE
approve,FALSE
retain,FALSE
maintain,TRUE
free,FALSE
accept,FALSE
safe,FALSE
valid,FALSE
certify,FALSE
release,TRUE
suitable,FALSE
consider,TRUE
protect,FALSE
use,TRUE
operation,FALSE
performance,TRUE
execution,FALSE
service,TRUE
security,TRUE
Linux,FALSE
deployment,FALSE
life,FALSE
dos,FALSE
development,TRUE
window,FALSE
user,TRUE
release,TRUE
implementation,TRUE
system,TRUE
component,TRUE
application,TRUE
tool,TRUE
program,TRUE
standard,TRUE
technology,TRUE
service,TRUE
protocol,FALSE
algorithm,TRUE
operate,TRUE
control,TRUE
support,TRUE
information,TRUE
computer,TRUE
datum,TRUE
support,TRUE
mechanical,FALSE
file,TRUE
communication,TRUE
communication,TRUE
environment,TRUE
principle,FALSE
condition,FALSE
mechanism,FALSE
logic,FALSE
process,TRUE
environment,TRUE
parameter,FALSE
procedure,FALSE
mechanism,FALSE
describe,TRUE
specify,TRUE
define,FALSE
mention,FALSE
list,TRUE
outline,FALSE
state,TRUE
discuss,TRUE
provide,TRUE
contain,TRUE
include,TRUE
present,TRUE
document,TRUE
detail,TRUE
cover,FALSE
article,FALSE
specification,TRUE
section,TRUE
contract,FALSE
agreement,FALSE
document,TRUE
case,TRUE
report,TRUE
statement,TRUE
version,TRUE
patent,FALSE
list,TRUE
draft,FALSE
remain,TRUE
become,TRUE
make,TRUE
stay,TRUE
remain,TRUE
become,TRUE
become,TRUE
make,TRUE
get,TRUE
believe,TRUE
suggest,TRUE
think,TRUE
agree,TRUE
say,TRUE
feel,TRUE
note,TRUE
conclude,FALSE
consider,TRUE
see,TRUE
argue,TRUE
recommend,FALSE
recognize,TRUE
assume,TRUE
know,TRUE
give,TRUE
practical,FALSE
one,FALSE
reasonable,FALSE
policy,FALSE
particular,FALSE
possible,FALSE
rational,FALSE
simple,FALSE
single,FALSE
logical,FALSE
process,TRUE
context,TRUE
direction,FALSE
situation,FALSE
set,TRUE
framework,FALSE
design,TRUE
community,FALSE
scenario,FALSE
step,TRUE
domain,FALSE
consideration,FALSE
priority,FALSE
attention,FALSE
emphasis,FALSE
preference,FALSE
think,TRUE
importance,FALSE
care,FALSE
precedence,TRUE
focus,FALSE
credit,FALSE
responsibility,FALSE
respect,TRUE
space,TRUE
assign,TRUE
limit,TRUE
apply,TRUE
restrict,FALSE
allocate,FALSE
transfer,TRUE
confine,FALSE
attach,FALSE
tie,FALSE
extend,TRUE
attribute,FALSE
leave,TRUE
take,TRUE
put,TRUE
creation,FALSE
idea,FALSE
choice,TRUE
possibility,FALSE
construction,FALSE
adoption,FALSE
concept,FALSE
selection,FALSE
inclusion,FALSE
notion,FALSE
base,TRUE
enable,TRUE
friendly,FALSE
orient,FALSE
capable,FALSE
like,FALSE
level,TRUE
wide,FALSE
accessible,FALSE
specific,FALSE
independent,FALSE
aware,FALSE
focus,FALSE
interface,TRUE
solution,TRUE
approach,FALSE
network,TRUE
application,FALSE
other,TRUE
service,TRUE
find,TRUE
find,TRUE
find,TRUE
find,TRUE
discover,FALSE
take,TRUE
call,TRUE
hear,FALSE
imagine,FALSE
view,TRUE
consult,FALSE
follow,TRUE
review,TRUE
search,TRUE
access,TRUE
read,TRUE
compare,FALSE
examine,FALSE
visit,FALSE
check,TRUE
number,TRUE
collection,FALSE
list,TRUE
type,TRUE
database,TRUE
source,TRUE
set,TRUE
content,TRUE
content,TRUE
type,TRUE
archive,FALSE
list,TRUE
range,TRUE
publication,FALSE
article,TRUE
activity,FALSE
document,TRUE
event,TRUE
topic,FALSE
issue,TRUE
project,TRUE
website,TRUE
item,TRUE
resource,TRUE
reference,TRUE
material,TRUE
relate,TRUE
relevant,FALSE
relate,TRUE
contribute,FALSE
pertain,FALSE
important,FALSE
link,TRUE
dedicate,FALSE
contribute,FALSE
essential,FALSE
submit,FALSE
connect,FALSE
devote,FALSE
belong,FALSE
associate,TRUE
website,TRUE
event,TRUE
book,TRUE
site,TRUE
journal,FALSE
library,FALSE
subject,FALSE
work,TRUE
matter,FALSE
publication,FALSE
show,TRUE
indicate,FALSE
note,TRUE
explain,TRUE
follow,TRUE
previous,FALSE
next,FALSE
precede,FALSE
last,FALSE
history,FALSE
original,FALSE
final,FALSE
main,FALSE
page,TRUE
section,TRUE
table,TRUE
paragraph,FALSE
entry,FALSE
guide,FALSE
table,TRUE
chapter,FALSE
section,TRUE
part,TRUE
part,TRUE
volume,FALSE
note,TRUE
page,FALSE
amend,FALSE
record,TRUE
require,TRUE
express,FALSE
§,FALSE
Act,FALSE
order,TRUE
index,FALSE
area,TRUE
airport,FALSE
property,FALSE
road,FALSE
build,TRUE
facility,FALSE
land,FALSE
house,FALSE
bridge,FALSE
location,TRUE
island,FALSE
park,FALSE
station,FALSE
display,TRUE
processor,TRUE
algorithm,FALSE
function,TRUE
graphic,TRUE
external,FALSE
different,FALSE
input,TRUE
appropriate,FALSE
physical,FALSE
memory,TRUE
feature,TRUE
functionality,TRUE
specification,TRUE
instruction,FALSE
mobile,FALSE
portable,FALSE
storage,FALSE
record,TRUE
compute,FALSE
new,FALSE
virtual,FALSE
native,FALSE
wireless,FALSE
screen,TRUE
mode,TRUE
unit,TRUE
capability,FALSE
self,FALSE
auto,FALSE
web,TRUE
pre,FALSE
user,TRUE
remote,FALSE
multi,FALSE
text,TRUE
key,FALSE
transfer,TRUE
transmission,FALSE
share,TRUE
processing,TRUE
flow,FALSE
management,TRUE
stream,FALSE
handle,FALSE
pass,TRUE
exchange,FALSE
integration,FALSE
point,FALSE
view,FALSE
location,FALSE
search,FALSE
camera,FALSE
command,FALSE
point,TRUE
control,FALSE
touch,FALSE
memory,FALSE
key,FALSE
flash,FALSE
terminal,FALSE
datum,FALSE
drawing,FALSE
mouse,TRUE
peripheral,FALSE
keyboard,TRUE
output,FALSE
another,FALSE
terminal,FALSE
tablet,FALSE
monitor,TRUE
server,TRUE
write,TRUE
device,TRUE
system,TRUE
booklet,FALSE
textbook,FALSE
format,TRUE
edition,FALSE
paper,FALSE
manuscript,FALSE
intend,TRUE
open,FALSE
useful,FALSE
recommend,FALSE
design,TRUE
use,TRUE
prepare,TRUE
easy,FALSE
usage,TRUE
read,TRUE
presentation,FALSE
use,FALSE
discussion,FALSE
consumption,FALSE
study,TRUE
analysis,TRUE
research,TRUE
engineer,FALSE
student,FALSE
researcher,FALSE
developer,TRUE
scientist,FALSE
manager,TRUE
author,FALSE
staff,FALSE
designer,FALSE
architect,FALSE
educator,FALSE
teacher,FALSE
employee,FALSE
volunteer,FALSE
resource,TRUE
business,TRUE
member,FALSE
people,TRUE
personnel,TRUE
officer,FALSE
leader,FALSE
professional,FALSE
researcher,FALSE
study,TRUE
they,FALSE
scientist,FALSE
some,FALSE
critic,FALSE
other,TRUE
study,TRUE
doctor,FALSE
we,FALSE
scholar,FALSE
review,FALSE
many,FALSE
research,TRUE
physician,FALSE
demonstrate,FALSE
conclude,FALSE
report,TRUE
observe,FALSE
argue,TRUE
suggest,TRUE
determine,TRUE
discover,FALSE
estimate,FALSE
say,TRUE
repetitive,FALSE
frequent,FALSE
slow,FALSE
constant,FALSE
excessive,FALSE
persistent,FALSE
rapid,FALSE
widespread,FALSE
continuous,FALSE
intensive,FALSE
prolong,FALSE
repeat,FALSE
unnecessary,FALSE
systematic,FALSE
costly,FALSE
failure,FALSE
nature,FALSE
activity,FALSE
maintenance,FALSE
presence,FALSE
behavior,FALSE
action,FALSE
repetition,FALSE
installation,FALSE
re,FALSE
pre,FALSE
self,FALSE
multi,FALSE
post,FALSE
over,FALSE
in,FALSE
inter,FALSE
free,FALSE
sub,FALSE
safe,FALSE
quick,FALSE
air,FALSE
mining,FALSE
gather,FALSE
log,FALSE
mining,FALSE
compression,FALSE
capture,FALSE
extraction,FALSE
track,TRUE
monitor,TRUE
detection,FALSE
edit,FALSE
filter,TRUE
recovery,FALSE
measurement,FALSE
identification,FALSE
listen,FALSE
technique,FALSE
method,TRUE
analysis,FALSE
skill,FALSE
point,FALSE
information,FALSE
lead,TRUE
lead,TRUE
lead,TRUE
contribute,FALSE
amount,FALSE
contribute,FALSE
translate,FALSE
amount,FALSE
correspond,FALSE
point,TRUE
lead,TRUE
respond,FALSE
result,TRUE
amount,FALSE
problem,TRUE
error,FALSE
error,FALSE
failure,FALSE
success,FALSE
confusion,FALSE
extinction,FALSE
death,FALSE
cancer,FALSE
disease,FALSE
convergence,FALSE
disaster,FALSE
poverty,FALSE
loss,TRUE
child,FALSE
case,TRUE
patient,FALSE
area,TRUE
community,FALSE
a,FALSE
b,FALSE
ii,FALSE
j,FALSE
c,FALSE
e,FALSE
v,FALSE
d,FALSE
III,FALSE
one,FALSE
o,FALSE
॥,FALSE
good,FALSE
person,TRUE
customer,TRUE
consumer,TRUE
client,TRUE
researcher,FALSE
reader,FALSE
patient,FALSE
participant,FALSE
citizen,FALSE
visitor,FALSE
child,FALSE
candidate,FALSE
request,TRUE
request,TRUE
need,TRUE
demand,FALSE
ask,TRUE
ask,TRUE
desire,FALSE
quest,FALSE
ask,TRUE
search,TRUE
search,TRUE
ask,TRUE
help,TRUE
assistance,FALSE
permission,TRUE
documentation,TRUE
payment,FALSE
advice,FALSE
detail,FALSE
registration,FALSE
approval,FALSE
authorization,FALSE
response,TRUE
link,TRUE
reference,TRUE
invitation,FALSE
introduction,FALSE
reply,FALSE
submission,FALSE
#,FALSE
attachment,FALSE
browser,TRUE
publisher,FALSE
company,TRUE
forum,FALSE
portal,FALSE
news,FALSE
decision,FALSE
chat,FALSE
game,FALSE
channel,FALSE
path,FALSE
method,TRUE
option,TRUE
target,FALSE
route,FALSE
color,TRUE
player,FALSE
change,TRUE
scheme,TRUE
correction,FALSE
shift,TRUE
match,TRUE
switch,FALSE
transition,FALSE
#,FALSE
adjustment,FALSE
require,TRUE
indicate,FALSE
sense,FALSE
use,TRUE
recognize,FALSE
assume,TRUE
determine,TRUE
control,TRUE
allow,TRUE
ensure,TRUE
involve,TRUE
suggest,FALSE
aid,TRUE
addition,FALSE
intervention,FALSE
absence,FALSE
participation,FALSE
power,FALSE
finger,FALSE
hand,TRUE
laser,FALSE
forward,FALSE
directional,FALSE
camera,FALSE
central,FALSE
sharp,FALSE
special,FALSE
digital,FALSE
render,TRUE
card,FALSE
button,FALSE
name,TRUE
machine,TRUE
font,FALSE
symbol,FALSE
digit,FALSE
pad,FALSE
able,FALSE
program,TRUE
allow,TRUE
activate,FALSE
instruct,FALSE
sign,TRUE
identify,TRUE
write,TRUE
select,TRUE
mark,FALSE
show,TRUE
enter,TRUE
record,TRUE
receive,TRUE
store,TRUE
exit,FALSE
return,TRUE
add,TRUE
answer,FALSE
ID,FALSE
number,FALSE
size,TRUE
title,FALSE
value,TRUE
position,FALSE
line,TRUE
code,FALSE
phone,TRUE
serial,FALSE
model,TRUE
address,FALSE
telephone,FALSE
item,FALSE
plate,FALSE
Google,FALSE
#,FALSE
,FALSE
current,FALSE
entire,FALSE
propose,TRUE
late,FALSE
result,TRUE
3d,FALSE
Microsoft,FALSE
upcoming,FALSE
improve,FALSE
implement,TRUE
do,TRUE
execute,TRUE
perform,TRUE
deliver,TRUE
build,TRUE
integrate,FALSE
run,TRUE
incorporate,FALSE
host,FALSE
source,TRUE
desktop,FALSE
transmitter,FALSE
driver,FALSE
command,FALSE
receiver,FALSE
server,FALSE
developer,FALSE
server,TRUE
agent,FALSE
,FALSE
knowledge,FALSE
definition,TRUE
description,FALSE
understand,FALSE
plan,FALSE
interpretation,FALSE
retention,FALSE
testing,FALSE
administration,FALSE
acquisition,FALSE
object,TRUE
custom,FALSE
right,TRUE
license,TRUE
interface,TRUE
protection,FALSE
name,TRUE
credential,FALSE
#,FALSE
account,FALSE
license,TRUE
license,TRUE
#,FALSE
level,TRUE
#,FALSE
popularity,FALSE
complexity,FALSE
simplicity,FALSE
cost,FALSE
quality,TRUE
price,FALSE
limitation,FALSE
age,FALSE
availability,FALSE
manufacturer,FALSE
paint,TRUE
product,TRUE
brand,TRUE
material,FALSE
image,TRUE
info,FALSE
artwork,FALSE
inventory,FALSE
paperwork,FALSE
store,TRUE
keep,TRUE
collect,FALSE
hold,TRUE
gather,FALSE
deposit,FALSE
part,TRUE
front,FALSE
possession,FALSE
sample,FALSE
store,TRUE
copy,FALSE
printer,FALSE
artist,FALSE
record,TRUE
#,FALSE
file,TRUE
consist,TRUE
compose,FALSE
regardless,FALSE
consist,TRUE
instead,FALSE
full,FALSE
courtesy,FALSE
devoid,FALSE
consist,TRUE
consist,TRUE
many,FALSE
place,TRUE
personal,FALSE
value,TRUE
characteristic,FALSE
color,TRUE
number,TRUE
pattern,FALSE
label,FALSE
size,TRUE
property,FALSE
index,FALSE
numerical,FALSE
attribute,FALSE
volume,FALSE
combination,FALSE
scheme,TRUE
description,FALSE
attribute,FALSE
choice,FALSE
recover,FALSE
retrieve,FALSE
lose,FALSE
copy,FALSE
forget,FALSE
erase,FALSE
identify,TRUE
access,TRUE
alter,FALSE
correct,FALSE
obtain,TRUE
change,TRUE
verify,FALSE
check,FALSE
hide,FALSE
preserve,FALSE
track,TRUE
end,TRUE
professional,FALSE
expert,FALSE
automate,FALSE
online,FALSE
it,FALSE
#,FALSE
#,FALSE
#,FALSE
#,FALSE
example,TRUE
instance,TRUE
comparison,FALSE
convenience,FALSE
example,TRUE
contrast,TRUE
clarity,FALSE
illustration,FALSE
effect,TRUE
short,FALSE
efficiency,FALSE
protocol,FALSE
framework,FALSE
session,FALSE
disk,FALSE
interaction,FALSE
traffic,FALSE
experience,TRUE
behaviour,FALSE
send,TRUE
distribute,FALSE
transmit,FALSE
pass,TRUE
feed,FALSE
directory,FALSE
account,FALSE
locate,FALSE
local,FALSE
real,FALSE
side,FALSE
he,FALSE
she,FALSE
it,FALSE
Brown,FALSE
smith,FALSE
Johnson,FALSE
Miller,FALSE
schwartz,FALSE
Harris,FALSE
green,FALSE
Kaplan,FALSE
this,FALSE
Cohen,FALSE
argue,TRUE
believe,FALSE
state,FALSE
claim,TRUE
teach,FALSE
say,TRUE
assert,FALSE
hold,TRUE
advocate,FALSE
maintain,TRUE
warn,FALSE
employee,TRUE
producer,FALSE
owner,FALSE
worker,FALSE
entrepreneur,FALSE
vendor,FALSE
manager,TRUE
employer,FALSE
student,FALSE
administrator,FALSE
friend,FALSE
supervisor,FALSE
individual,TRUE
grant,FALSE
afford,FALSE
guarantee,FALSE
deny,FALSE
offer,TRUE
issue,TRUE
award,FALSE
use,TRUE
certain,FALSE
exclusive,FALSE
privacy,FALSE
job,FALSE
judgment,FALSE
treatment,FALSE
benefit,FALSE
notice,FALSE
#,FALSE
insurance,FALSE
rule,TRUE
compensation,FALSE
#,FALSE
status,FALSE
colour,TRUE
art,TRUE
photo,FALSE
color,FALSE
mapping,FALSE
conversion,FALSE
transformation,FALSE
layout,FALSE
generation,FALSE
engine,TRUE
also,FALSE
tool,TRUE
feature,TRUE
enable,TRUE
show,TRUE
provide,TRUE
need,TRUE
want,FALSE
map,TRUE
picture,FALSE
color,TRUE
red,FALSE
print,FALSE
background,FALSE
visual,FALSE
geographic,FALSE
color,FALSE
spatial,FALSE
#,FALSE
combination,TRUE
placement,FALSE
need,TRUE
element,TRUE
necessary,FALSE
EPA,FALSE
FDA,FALSE
Congress,FALSE
who,FALSE
request,TRUE
demand,TRUE
propose,FALSE
insist,FALSE
demand,TRUE
require,TRUE
mandate,FALSE
insist,FALSE
evaluation,FALSE
examination,FALSE
audit,FALSE
test,TRUE
#,FALSE
assessment,FALSE
inspection,FALSE
investigation,FALSE
revision,FALSE
preparation,FALSE
certification,FALSE
packaging,FALSE
issue,FALSE
conduct,FALSE
undertake,FALSE
complete,FALSE
initiate,FALSE
order,TRUE
launch,FALSE
begin,TRUE
announcement,FALSE
disclosure,FALSE
demonstration,FALSE
sale,FALSE
launch,FALSE
purchase,FALSE
acceptance,FALSE
trademark,FALSE
public,FALSE
term,TRUE
industry,TRUE
enterprise,FALSE
world,FALSE
market,TRUE
EU,FALSE
region,FALSE
country,FALSE
platform,TRUE
UK,FALSE
organization,FALSE
Europe,FALSE
campaign,FALSE
modify,TRUE
provide,TRUE
submit,FALSE
publish,FALSE
obtain,FALSE
create,TRUE
present,FALSE
specify,FALSE
advanced,FALSE
standard,FALSE
general,FALSE
special,FALSE
essential,FALSE
software,FALSE
enterprise,FALSE
cite,FALSE
reference,TRUE
place,TRUE
insert,FALSE
write,TRUE
name,TRUE
form,TRUE
manual,FALSE
sentence,FALSE
neighbor,FALSE
approximation,FALSE
estimate,FALSE
count,FALSE
reveal,FALSE
represent,TRUE
cooperation,FALSE
completion,FALSE
close,FALSE
near,FALSE
well,FALSE
correspond,FALSE
right,FALSE
close,FALSE
correct,FALSE
graph,FALSE
tree,FALSE
recognition,FALSE
#,FALSE
shade,FALSE
pattern,FALSE
surface,FALSE
element,TRUE
character,FALSE
generator,FALSE
diagram,FALSE
editor,FALSE
filter,TRUE
representation,FALSE
graphical,FALSE
small,FALSE
direct,FALSE
graphic,FALSE
smart,FALSE
dynamic,FALSE
fork,FALSE
#,FALSE
edge,FALSE
arrow,FALSE
provide,TRUE
allow,TRUE
enable,TRUE
offer,TRUE
perform,TRUE
texture,FALSE
panel,FALSE
allocation,FALSE
optimization,FALSE
prediction,FALSE
move,TRUE
deal,FALSE
plan,TRUE
come,TRUE
come,TRUE
occur,FALSE
occur,FALSE
happen,FALSE
happen,FALSE
come,TRUE
arrive,FALSE
arrive,FALSE
begin,TRUE
lie,FALSE
coincide,FALSE
time,TRUE
point,TRUE
risk,FALSE
rate,TRUE
realization,FALSE
conclusion,FALSE
signal,FALSE
moment,FALSE
hint,FALSE
result,TRUE
stage,TRUE
speed,FALSE
closing,FALSE
sell,TRUE
retire,FALSE
fold,FALSE
disappear,FALSE
expand,TRUE
buy,TRUE
acquire,FALSE
change,TRUE
remove,FALSE
withdraw,FALSE
restructure,FALSE
close,TRUE
purchase,FALSE
leave,TRUE
replace,FALSE
maintain,TRUE
improve,TRUE
develop,TRUE
recycle,FALSE
release,TRUE
restore,FALSE
produce,TRUE
marketing,FALSE
manufacture,TRUE
variety,TRUE
lot,FALSE
portfolio,FALSE
series,FALSE
fleet,FALSE
multitude,FALSE
supply,FALSE
lack,FALSE
mix,FALSE
brand,FALSE
title,FALSE
print,FALSE
studio,FALSE
artist,TRUE
work,TRUE
piece,FALSE
collection,FALSE
style,FALSE
paint,TRUE
equipment,TRUE
display,TRUE
design,TRUE
accessory,FALSE
help,TRUE
support,TRUE
assistance,FALSE
service,TRUE
more,FALSE
resource,TRUE
access,TRUE
training,FALSE
care,FALSE
update,FALSE
client,TRUE
readily,FALSE
freely,FALSE
easily,FALSE
publicly,FALSE
fully,FALSE
widely,FALSE
directly,FALSE
immediately,FALSE
generally,FALSE
commercially,FALSE
later,FALSE
form,TRUE
way,TRUE
style,FALSE
shape,FALSE
manner,FALSE
category,FALSE
sense,FALSE
course,FALSE
premise,FALSE
premise,FALSE
#,FALSE
chip,FALSE
comment,FALSE
download,FALSE
report,TRUE
image,TRUE
script,FALSE
link,TRUE
ios,FALSE
java,FALSE
ratio,FALSE
relationship,FALSE
relation,FALSE
link,TRUE
assignment,FALSE
connection,FALSE
extension,FALSE
bind,FALSE
restriction,FALSE
#,FALSE
due,FALSE
#,FALSE
office,FALSE
entity,FALSE
department,FALSE
agency,FALSE
authority,FALSE
facility,FALSE
building,FALSE
database,TRUE
policy,FALSE
code,TRUE
infrastructure,FALSE
certificate,FALSE
level,TRUE
version,TRUE
stage,TRUE
platform,FALSE
type,TRUE
channel,FALSE
step,TRUE
phase,TRUE
track,TRUE
administrative,FALSE
separate,FALSE
#,FALSE
#,FALSE
#,FALSE
capability,FALSE
function,TRUE
#,FALSE
out,FALSE
#,FALSE
handle,TRUE
accommodate,FALSE
serve,FALSE
register,TRUE
allow,TRUE
include,TRUE
manage,TRUE
hold,TRUE
accept,FALSE
requirement,TRUE
responsibility,TRUE
task,FALSE
authority,FALSE
duty,FALSE
rule,TRUE
restriction,FALSE
tier,FALSE
tier,FALSE
layer,FALSE
rank,FALSE
murphy,FALSE
white,FALSE
advocate,FALSE
adapt,FALSE
apply,TRUE
reduce,TRUE
abandon,FALSE
convert,FALSE
adjust,FALSE
upgrade,FALSE
extend,TRUE
transform,FALSE
update,TRUE
alter,FALSE
legal,FALSE
regulatory,FALSE
practice,FALSE
ethic,FALSE
strategy,FALSE
intelligence,FALSE
training,FALSE
technical,FALSE
accounting,FALSE
pricing,FALSE
measure,FALSE
solution,TRUE
ensure,TRUE
gain,TRUE
secure,TRUE
improve,TRUE
facilitate,TRUE
enable,TRUE
increase,FALSE
maintain,TRUE
expand,TRUE
enhance,FALSE
guarantee,FALSE
autonomy,FALSE
independence,FALSE
power,FALSE
flexibility,FALSE
privilege,FALSE
story,FALSE
track,TRUE
appear,TRUE
reside,FALSE
operate,TRUE
exist,TRUE
rely,FALSE
depend,TRUE
live,FALSE
start,TRUE
draw,FALSE
board,FALSE
module,FALSE
square,FALSE
attempt,TRUE
effort,FALSE
attempt,TRUE
effort,FALSE
arrangement,FALSE
progress,FALSE
move,TRUE
plan,TRUE
step,TRUE
arrest,FALSE
provision,FALSE
preparation,FALSE
make,TRUE
make,TRUE
attempt,TRUE
extract,FALSE
recover,FALSE
retrieve,TRUE
acquire,FALSE
steal,FALSE
verify,FALSE
reveal,FALSE
destroy,FALSE
period,FALSE
duration,FALSE
delay,FALSE
minute,FALSE
length,FALSE
hour,FALSE
minute,FALSE
interval,FALSE
clock,FALSE
wait,FALSE
time,FALSE
second,FALSE
limit,TRUE
spend,FALSE
allot,FALSE
#,FALSE
download,FALSE
send,TRUE
everything,FALSE
anything,FALSE
something,FALSE
internet,TRUE
video,TRUE
hour,TRUE
day,TRUE
year,TRUE
week,FALSE
moment,FALSE
month,FALSE
second,FALSE
min,FALSE
minute,TRUE
time,TRUE
degree,FALSE
cycle,FALSE
#,FALSE
life,TRUE
world,FALSE
mode,FALSE
reality,FALSE
hard,FALSE
room,FALSE
alert,FALSE
task,TRUE
exceed,FALSE
reach,TRUE
occupy,FALSE
every,FALSE
mean,TRUE
involve,TRUE
virus,FALSE
specie,FALSE
group,TRUE
offer,TRUE
support,TRUE
include,TRUE
contain,TRUE
create,TRUE
incorporate,FALSE
internet,TRUE
indirect,FALSE
internal,FALSE
broadband,FALSE
additional,FALSE
connection,TRUE
connectivity,FALSE
connect,TRUE
connect,TRUE
connect,TRUE
contact,TRUE
proximity,FALSE
pc,FALSE
communicate,FALSE
participate,FALSE
trade,FALSE
go,TRUE
play,FALSE
travel,FALSE
happy,FALSE
bless,FALSE
there,FALSE
alive,FALSE
handle,TRUE
send,TRUE
receive,TRUE
accept,FALSE
generate,TRUE
answer,FALSE
perform,TRUE
take,TRUE
call,TRUE
expression,FALSE
xml,FALSE
message,FALSE
note,FALSE
name,FALSE
program,FALSE
number,FALSE
question,FALSE
report,FALSE
outside,FALSE
independently,FALSE
critical,FALSE
extension,FALSE
representative,FALSE
library,FALSE
office,FALSE
you,FALSE
People,FALSE
user,TRUE
visitor,FALSE
student,FALSE
regard,TRUE
choose,TRUE
declare,FALSE
segment,FALSE
block,FALSE
turn,TRUE
chapter,FALSE
version,TRUE
receive,TRUE
pay,TRUE
receive,TRUE
get,TRUE
worth,FALSE
garner,FALSE
attract,FALSE
attract,FALSE
gain,FALSE
deserve,FALSE
gain,FALSE
money,FALSE
well,FALSE
highly,FALSE
fee,FALSE
often,FALSE
heavily,FALSE
favor,FALSE
interest,FALSE
favor,FALSE
tribute,FALSE
senior,FALSE
general,FALSE
team,TRUE
city,FALSE
raw,FALSE
extra,FALSE
sensitive,FALSE
update,TRUE
base,TRUE
delete,FALSE
remove,TRUE
download,FALSE
withdraw,FALSE
wipe,FALSE
pull,FALSE
clear,FALSE
return,FALSE
app,TRUE
°,FALSE
default,FALSE
official,FALSE
interactive,FALSE
optional,FALSE
generate,TRUE
choose,TRUE
create,TRUE
#,FALSE
prefer,FALSE
discovery,FALSE
rating,FALSE
window,FALSE
box,FALSE
generate,TRUE
produce,TRUE
give,TRUE
contain,TRUE
offer,TRUE
sample,FALSE
percentage,FALSE
copy,FALSE
portion,FALSE
photograph,FALSE
fraction,FALSE
car,TRUE
home,FALSE
web,TRUE
option,TRUE
center,FALSE
provider,FALSE
collect,FALSE
share,TRUE
applicable,FALSE
instal,FALSE
register,FALSE
transaction,FALSE
coating,FALSE
clean,FALSE
safety,FALSE
signature,FALSE
label,FALSE
spray,FALSE
configuration,TRUE
cloud,FALSE
government,FALSE
#,FALSE
stream,FALSE
auction,FALSE
preview,FALSE
newsletter,FALSE
poll,FALSE
tour,FALSE
currently,FALSE
become,TRUE
menu,FALSE
chart,FALSE
calendar,FALSE
folder,FALSE
marker,FALSE
select,TRUE
identify,TRUE
store,TRUE
unused,FALSE
desire,FALSE
variable,FALSE
unavailable,FALSE
sufficient,FALSE
desirable,FALSE
character,FALSE
declare,FALSE
see,TRUE
render,TRUE
deem,FALSE
seek,TRUE
implement,TRUE
negotiate,FALSE
pursue,FALSE
spin,FALSE
lay,FALSE
rip,FALSE
cut,FALSE
sell,FALSE
pay,FALSE
kick,FALSE
roll,FALSE
drop,FALSE
off,FALSE
#,FALSE
over,FALSE
in,FALSE
up,FALSE
side,FALSE
mark,FALSE
wise,FALSE
achieve,TRUE
promote,FALSE
emphasize,FALSE
share,TRUE
highlight,FALSE
realize,FALSE
advantage,FALSE
advantage,FALSE
integrity,FALSE
benefit,TRUE
potential,FALSE
privilege,FALSE
film,FALSE
marketplace,FALSE
include,TRUE
ensure,TRUE
give,TRUE
hence,FALSE
cite,FALSE
require,TRUE
price,FALSE
sale,FALSE
yield,FALSE
cost,TRUE
adobe,FALSE
tag,FALSE
classification,TRUE
#,FALSE
try,FALSE
perform,TRUE
list,TRUE
display,TRUE
choose,TRUE
create,TRUE
distinguish,FALSE
view,TRUE
compare,FALSE
analyze,FALSE
array,FALSE
sequence,FALSE
class,TRUE
quantity,FALSE
distribution,FALSE
painting,FALSE
colour,TRUE
picture,FALSE
photograph,FALSE
brush,FALSE
object,TRUE
artwork,FALSE
photo,FALSE
medium,FALSE
category,TRUE
field,FALSE
medium,FALSE
situation,FALSE
depend,FALSE
dependent,FALSE
base,TRUE
center,FALSE
rely,FALSE
conditional,FALSE
depend,FALSE
depend,FALSE
contingent,FALSE
determination,FALSE
#,FALSE
#,FALSE
appearance,FALSE
unique,FALSE
common,FALSE
grade,FALSE
logo,FALSE
equivalent,FALSE
actual,FALSE
even,FALSE
iso,FALSE
non,FALSE
fairly,FALSE
accord,FALSE
amendment,FALSE
extension,FALSE
similar,FALSE
change,TRUE
back,FALSE
transfer,TRUE
amendment,FALSE
return,FALSE
up,FALSE
change,TRUE
back,FALSE
prior,FALSE
introduction,FALSE
round,FALSE
group,FALSE
round,FALSE
division,FALSE
class,TRUE
Games,FALSE
formula,FALSE
game,FALSE
zone,FALSE
heat,FALSE
instance,FALSE
circumstance,FALSE
scenario,FALSE
aspect,FALSE
respect,FALSE
way,TRUE
direction,FALSE
setting,FALSE
undergo,FALSE
recall,FALSE
encryption,FALSE
playback,FALSE
compliance,FALSE
restore,FALSE
remove,FALSE
assign,FALSE
transmit,FALSE
fix,TRUE
report,TRUE
save,TRUE
comment,FALSE
impact,FALSE
inform,TRUE
check,FALSE
affect,TRUE
pressure,FALSE
spy,FALSE
cheat,FALSE
comment,FALSE
consequence,FALSE
consulting,FALSE
focus,FALSE
underlie,FALSE
parliament,FALSE
Australia,FALSE
India,FALSE
Israel,FALSE
Iran,FALSE
government,FALSE
claim,TRUE
take,TRUE
claim,TRUE
bear,FALSE
face,FALSE
admit,FALSE
feel,TRUE
liability,FALSE
penalty,FALSE
action,TRUE
blame,FALSE
damage,FALSE
penalty,FALSE
damage,FALSE
infringement,FALSE
injury,TRUE
loss,TRUE
monetary,FALSE
financial,FALSE
economic,FALSE
substantial,FALSE
harm,FALSE
death,FALSE
injury,FALSE
fatality,FALSE
pain,FALSE
illness,FALSE
casualty,FALSE
complication,FALSE
manufacture,FALSE
removal,FALSE
destruction,FALSE
production,TRUE
limit,TRUE
constraint,FALSE
exception,FALSE
barrier,FALSE
criterion,FALSE
reliability,FALSE
productivity,FALSE
accuracy,FALSE
refer,TRUE
relate,TRUE
refer,FALSE
belong,FALSE
active,FALSE
#,FALSE
#,FALSE
#,FALSE
generation,FALSE
year,TRUE
Japan,FALSE
order,TRUE
mind,FALSE
permit,TRUE
mean,TRUE
customer,TRUE
individual,FALSE
worker,FALSE
consumer,TRUE
player,FALSE
company,TRUE
buyer,FALSE
expose,FALSE
accustom,FALSE
susceptible,FALSE
prone,FALSE
blind,FALSE
deaf,FALSE
keyboard,FALSE
instrument,FALSE
computer,TRUE
key,TRUE
button,FALSE
machine,TRUE
studio,FALSE
design,FALSE
#,FALSE
#,FALSE
#,FALSE
management,FALSE
#,FALSE
plant,FALSE
#,FALSE
work,FALSE
#,FALSE
modular,FALSE
latter,FALSE
reverse,FALSE
hybrid,FALSE
new,FALSE
modern,FALSE
principle,TRUE
technique,TRUE
aim,FALSE
call,TRUE
aim,FALSE
look,TRUE
low,FALSE
high,FALSE
low,FALSE
fault,TRUE
high,FALSE
well,FALSE
zero,FALSE
less,FALSE
tight,FALSE
strict,FALSE
good,FALSE
great,FALSE
reduce,FALSE
tight,FALSE
tolerance,FALSE
tolerant,FALSE
#,FALSE
resistance,FALSE
resistant,FALSE
#,FALSE
resolution,FALSE
isolation,FALSE
adaptive,FALSE
component,TRUE
functional,FALSE
robust,FALSE
early,FALSE
replacement,FALSE
stability,FALSE
repair,FALSE
compatibility,FALSE
improvement,FALSE
upgrade,FALSE
health,FALSE
library,TRUE
site,TRUE
museum,FALSE
gallery,FALSE
location,TRUE
center,FALSE
cover,TRUE
collect,FALSE
catalog,FALSE
preservation,FALSE
trim,FALSE
finish,FALSE
oil,FALSE
water,FALSE
restoration,FALSE
tile,FALSE
knowledge,FALSE
development,TRUE
study,TRUE
none,FALSE
all,FALSE
each,FALSE
application,TRUE
any,FALSE
testing,FALSE
regardless,FALSE
exist,TRUE
various,FALSE
finish,FALSE
vehicle,FALSE
engineering,FALSE
environmental,FALSE
line,TRUE
concept,FALSE
dimension,FALSE
regulation,FALSE
recommendation,FALSE
cause,TRUE
raise,TRUE
bring,TRUE
reveal,FALSE
add,FALSE
significant,FALSE
ethical,FALSE
similar,FALSE
major,FALSE
serious,FALSE
concern,TRUE
question,FALSE
challenge,FALSE
improvement,FALSE
date,FALSE
conclusion,FALSE
court,FALSE
the,FALSE
random,FALSE
multiple,FALSE
additional,FALSE
far,FALSE
direct,FALSE
these,FALSE
regular,FALSE
new,FALSE
future,FALSE
difference,FALSE
comparison,FALSE
format,FALSE
model,TRUE
shape,FALSE
produce,TRUE
acquire,TRUE
own,FALSE
develop,TRUE
handle,TRUE
manage,TRUE
sell,FALSE
display,TRUE
publish,FALSE
accomplish,FALSE
shift,FALSE
interval,FALSE
frame,FALSE
pass,FALSE
stage,TRUE
burst,FALSE
depth,FALSE
session,FALSE
fly,FALSE
bandwidth,FALSE
estimate,FALSE
profile,FALSE
goal,FALSE
statistic,FALSE
meet,FALSE
address,FALSE
enforce,FALSE
satisfy,FALSE
negotiate,FALSE
impose,FALSE
resolve,FALSE
core,FALSE
minimum,FALSE
begin,TRUE
node,FALSE
workplace,FALSE
give,TRUE
present,TRUE
guarantee,FALSE
deliver,TRUE
distinction,FALSE
difference,FALSE
assumption,FALSE
decision,FALSE
prediction,FALSE
extent,FALSE
consistency,FALSE
frequency,FALSE
scope,FALSE
distance,FALSE
ease,FALSE
diversity,FALSE
effectiveness,FALSE
capacity,FALSE
initial,FALSE
field,FALSE
committee,FALSE
test,TRUE
survey,FALSE
phase,FALSE
survey,FALSE
#,FALSE
host,TRUE
commission,FALSE
lab,FALSE
associate,FALSE
technology,FALSE
corporation,FALSE
lab,FALSE
project,FALSE
architect,FALSE
technology,FALSE
university,FALSE
determine,TRUE
develop,TRUE
define,TRUE
establish,FALSE
explain,FALSE
outline,FALSE
confirm,FALSE
understand,TRUE
build,TRUE
describe,TRUE
overall,FALSE
basic,FALSE
conceptual,FALSE
architectural,FALSE
structure,TRUE
pool,FALSE
subset,FALSE
body,FALSE
unit,TRUE
organization,FALSE
group,TRUE
body,FALSE
committee,FALSE
structure,FALSE
team,FALSE
employ,FALSE
involve,TRUE
engage,FALSE
permit,TRUE
hire,FALSE
appoint,FALSE
analyze,FALSE
daily,FALSE
ongoing,FALSE
annual,FALSE
monthly,FALSE
routine,FALSE
#,FALSE
disposal,FALSE
listen,FALSE
witness,FALSE
reference,TRUE
resistance,FALSE
response,TRUE
security,TRUE
background,FALSE
connection,TRUE
link,TRUE
tunnel,FALSE
port,FALSE
most,FALSE
•,FALSE
for,FALSE
include,TRUE
maximum,FALSE
_,FALSE
filter,TRUE
randomly,FALSE
upload,FALSE
capture,FALSE
save,TRUE
supply,FALSE
share,TRUE
select,TRUE
highlight,FALSE
corporation,FALSE
woman,FALSE
man,FALSE
retailer,FALSE
designer,FALSE
competitor,FALSE
firm,FALSE
factory,FALSE
#,FALSE
#,FALSE
#,FALSE
#,FALSE
#,FALSE
#,FALSE
#,FALSE
eye,FALSE
#,FALSE
#,FALSE
#,FALSE
sake,FALSE
#,FALSE
mixture,FALSE
blend,FALSE
pair,FALSE
suite,FALSE
toy,FALSE
car,FALSE
sculpture,FALSE
vehicle,FALSE
kit,FALSE
shoe,FALSE
drawing,FALSE
manufacture,TRUE
studio,FALSE
maker,FALSE
creator,FALSE
supplier,FALSE
architect,FALSE
either,FALSE
agency,FALSE
sometimes,FALSE
paint,TRUE
arrange,FALSE
fashion,FALSE
kit,FALSE
vision,FALSE
challenge,FALSE
challenge,FALSE
basis,FALSE
foundation,FALSE
magnitude,FALSE
fact,FALSE
sight,FALSE
initiative,FALSE
assure,FALSE
demonstrate,FALSE
prove,FALSE
indicate,FALSE
family,FALSE
whose,FALSE
#,FALSE
shop,FALSE
bring,FALSE
continuity,TRUE
balance,FALSE
strength,FALSE
precision,FALSE
authenticity,FALSE
transparency,FALSE
relevance,FALSE
sustainability,FALSE
exposure,FALSE
journey,FALSE
commitment,FALSE
evolution,FALSE
product,TRUE
help,TRUE
encourage,FALSE
assist,FALSE
force,FALSE
administrator,FALSE
official,FALSE
agent,FALSE
edit,TRUE
replace,FALSE
retain,FALSE
office,FALSE
organizational,FALSE
editor,FALSE
utilize,FALSE
helpful,FALSE
manipulation,FALSE
selection,TRUE
switch,FALSE
add,FALSE
combine,TRUE
mix,FALSE
draw,FALSE
move,TRUE
design,TRUE
apply,TRUE
source,TRUE
category,TRUE
name,TRUE
see,TRUE
english,FALSE
China,FALSE
citation,FALSE
source,TRUE
chapter,FALSE
note,TRUE
learn,TRUE
introduce,FALSE
take,TRUE
review,TRUE
research,TRUE
overview,TRUE
summary,FALSE
explanation,FALSE
perspective,FALSE
coverage,FALSE
novel,FALSE
serve,TRUE
act,TRUE
serve,TRUE
double,FALSE
serve,TRUE
appear,TRUE
act,TRUE
act,TRUE
operate,FALSE
continue,TRUE
companion,FALSE
supplement,FALSE
complement,FALSE
preface,FALSE
precursor,FALSE
continuation,FALSE
sequel,FALSE
language,TRUE
book,FALSE
due,FALSE
accord,FALSE
solution,TRUE
similarly,FALSE
state,TRUE
provincial,FALSE
state,FALSE
international,FALSE
federal,FALSE
national,FALSE
regional,FALSE
ontario,FALSE
canadian,FALSE
law,FALSE
legislation,FALSE
law,FALSE
guideline,FALSE
regulation,FALSE
statute,FALSE
regard,TRUE
govern,FALSE
concern,FALSE
regulate,FALSE
limit,TRUE
ban,FALSE
commercial,FALSE
recreational,FALSE
retail,FALSE
continue,TRUE
increase,TRUE
authorize,FALSE
electronic,FALSE
ownership,FALSE
petroleum,FALSE
alcohol,FALSE
food,FALSE
cannabis,FALSE
bio,FALSE
ethanol,FALSE
plant,FALSE
carbon,FALSE
tobacco,FALSE
silicon,FALSE
energy,FALSE
compatible,FALSE
operate,TRUE
drive,TRUE
assist,FALSE
assist,FALSE
game,TRUE
file,TRUE
entity,FALSE
switch,TRUE
commit,FALSE
portion,FALSE
aspect,FALSE
laptop,FALSE
school,FALSE
node,FALSE
multimedia,FALSE
bar,FALSE
upwards,FALSE
maximum,FALSE
resolution,FALSE
capacity,FALSE
speed,FALSE
obsolete,FALSE
controversial,FALSE
redundant,FALSE
acceptable,FALSE
authoritative,FALSE
legitimate,FALSE
sustainable,FALSE
illegal,FALSE
historian,FALSE
scholar,FALSE
expert,FALSE
enthusiast,FALSE
folk,FALSE
organisation,FALSE
hope,FALSE
#,FALSE
harbor,FALSE
alternative,FALSE
art,FALSE
cause,TRUE
foundation,FALSE
examine,FALSE
review,TRUE
edit,FALSE
analyze,FALSE
revise,FALSE
summarize,FALSE
confirm,FALSE
arrangement,FALSE
force,FALSE
motion,FALSE
#,FALSE
existence,FALSE
half,FALSE
quarter,FALSE
week,FALSE
month,FALSE
weekend,FALSE
day,FALSE
Monday,FALSE
semester,FALSE
half,FALSE
Friday,FALSE
save,TRUE
grant,FALSE
permit,TRUE
deny,FALSE
cut,FALSE
retailer,FALSE
vendor,FALSE
manufacturer,FALSE
supplier,FALSE
business,TRUE
bank,FALSE
creditor,FALSE
collector,FALSE
employer,FALSE
opportunity,FALSE
ability,FALSE
chance,FALSE
freedom,FALSE
easy,FALSE
respond,FALSE
react,FALSE
commit,FALSE
schedule,FALSE
afford,FALSE
buy,TRUE
renew,FALSE
enjoy,FALSE
cheap,FALSE
password,FALSE
private,FALSE
enter,TRUE
automatically,FALSE
copyright,FALSE
identity,FALSE
explicitly,FALSE
always,FALSE
bind,FALSE
rather,FALSE
extremely,FALSE
nevertheless,FALSE
still,FALSE
relatively,FALSE
nonetheless,FALSE
actually,FALSE
show,TRUE
observe,FALSE
exactly,FALSE
precisely,FALSE
somehow,FALSE
dot,FALSE
vertex,FALSE
two,FALSE
edge,FALSE
light,FALSE
neighbor,FALSE
coordinate,FALSE
grid,FALSE
vector,FALSE
chain,FALSE
hierarchy,FALSE
yield,FALSE
bring,TRUE
coordinate,FALSE
assignment,FALSE
adjacent,FALSE
opposite,FALSE
neighboring,FALSE
one,TRUE
symbol,FALSE
purpose,FALSE
purpose,FALSE
goal,FALSE
objective,FALSE
problem,TRUE
majority,FALSE
efficient,FALSE
optimal,FALSE
quantum,FALSE
acknowledge,FALSE
trust,FALSE
opinion,FALSE
endorsement,FALSE
consent,FALSE
complete,FALSE
confidential,FALSE
voluntary,FALSE
pende,FALSE
void,FALSE
absolute,FALSE
unanimous,FALSE
incomplete,FALSE
clear,FALSE
meet,TRUE
impose,FALSE
fulfill,FALSE
enforce,FALSE
eliminate,FALSE
cancel,FALSE
reject,FALSE
remain,FALSE
statutory,FALSE
idea,FALSE
blessing,FALSE
exception,FALSE
add,TRUE
#,FALSE
#,FALSE
install,FALSE
deliver,TRUE
collaboration,FALSE
party,TRUE
party,TRUE
sector,FALSE
party,FALSE
rail,FALSE
wave,FALSE
compilation,FALSE
coordination,FALSE
paint,TRUE
code,TRUE
Suite,FALSE
subscription,FALSE
android,FALSE
touch,FALSE
residential,FALSE
social,FALSE
corporate,FALSE
industrial,FALSE
kind,TRUE
kind,FALSE
sort,FALSE
sort,FALSE
exchange,FALSE
transfer,TRUE
future,TRUE
validity,FALSE
term,TRUE
livery,FALSE
last,TRUE
stand,FALSE
live,FALSE
establish,TRUE
await,FALSE
delay,FALSE
run,TRUE
especially,FALSE
particularly,FALSE
wait,FALSE
except,FALSE
past,FALSE
aftermath,FALSE
occasion,FALSE
period,FALSE
era,FALSE
owner,FALSE
applicant,FALSE
installation,TRUE
wish,TRUE
push,FALSE
look,TRUE
petition,FALSE
contract,FALSE
fashion,FALSE
look,TRUE
performance,TRUE
success,FALSE
content,TRUE
feature,TRUE
status,FALSE
release,TRUE
influence,FALSE
vary,TRUE
reflect,FALSE
affect,TRUE
decide,FALSE
degree,FALSE
ip,FALSE
destination,FALSE
participate,FALSE
already,FALSE
typically,FALSE
usually,FALSE
normally,FALSE
utilize,TRUE
load,TRUE
incorporate,FALSE
leverage,FALSE
manipulate,FALSE
usb,FALSE
pad,FALSE
card,FALSE
chip,FALSE
programming,FALSE
combine,FALSE
on,FALSE
fix,TRUE
dictionary,FALSE
viewer,FALSE
#,FALSE
sub,FALSE
meta,FALSE
rich,FALSE
standardize,FALSE
proprietary,FALSE
simplify,FALSE
meter,FALSE
learn,FALSE
navigate,FALSE
tone,FALSE
sound,FALSE
utility,FALSE
cd,FALSE
album,FALSE
disc,FALSE
song,FALSE
EP,FALSE
lp,FALSE
beta,FALSE
binary,FALSE
permit,TRUE
progression,FALSE
complex,FALSE
natural,FALSE
large,FALSE
cardinal,FALSE
prime,FALSE
patch,FALSE
operator,FALSE
provider,FALSE
maker,FALSE
publisher,FALSE
builder,FALSE
#,FALSE
#,FALSE
editor,FALSE
shop,FALSE
product,FALSE
teach,FALSE
render,TRUE
among,FALSE
around,FALSE
#,FALSE
os,TRUE
lack,FALSE
carry,FALSE
type,TRUE
click,FALSE
navigation,FALSE
Controller,FALSE
program,FALSE
unit,FALSE
division,FALSE
both,FALSE
early,FALSE
initial,FALSE
such,FALSE
automatic,FALSE
test,TRUE
full,FALSE
email,FALSE
instant,FALSE
automatic,FALSE
rate,TRUE
check,FALSE
trial,FALSE
grant,FALSE
deny,TRUE
charge,FALSE
citizen,FALSE
resident,FALSE
fee,FALSE
quota,FALSE
word,FALSE
verb,FALSE
definition,FALSE
understand,TRUE
form,TRUE
realize,FALSE
translate,FALSE
justify,FALSE
word,TRUE
letter,FALSE
reliable,FALSE
popular,FALSE
influential,FALSE
support,TRUE
flexible,FALSE
visible,FALSE
study,FALSE
trust,FALSE
profile,FALSE
photography,FALSE
video,TRUE
figure,FALSE
figure,FALSE
image,FALSE
result,TRUE
image,TRUE
statistic,FALSE
text,FALSE
those,FALSE
detect,FALSE
achieve,TRUE
target,TRUE
sensor,FALSE
cell,FALSE
cpu,FALSE
know,TRUE
deploy,FALSE
employ,FALSE
introduce,FALSE
branding,FALSE
styling,FALSE
theme,FALSE
template,FALSE
encourage,FALSE
convince,FALSE
#,FALSE
panel,FALSE
company,FALSE
set,TRUE
page,TRUE
explore,FALSE
typically,FALSE
additionally,FALSE
also,FALSE
generally,FALSE
specifically,FALSE
usually,FALSE
alternatively,FALSE
often,FALSE
normally,FALSE
sometimes,FALSE
thus,FALSE
instead,FALSE
finally,FALSE
stick,FALSE
pen,FALSE
console,FALSE
controller,FALSE
mean,TRUE
interact,FALSE
mess,FALSE
speak,FALSE
xbox,FALSE
IBM,FALSE
instruction,TRUE
parameter,FALSE
skill,FALSE
bundle,FALSE
however,FALSE
partial,FALSE
symbolic,FALSE
generic,FALSE
variant,FALSE
variation,FALSE
adaptation,FALSE
stand,TRUE
stand,FALSE
stand,TRUE
stand,TRUE
sit,FALSE
let,FALSE
die,FALSE
except,FALSE
as,FALSE
only,FALSE
use,TRUE
run,TRUE
rely,FALSE
focus,FALSE
exist,TRUE
reside,FALSE
feed,FALSE
stock,FALSE
black,FALSE
mass,FALSE
labour,FALSE
labor,FALSE
theory,FALSE
equation,FALSE
dimension,FALSE
economy,FALSE
theorem,FALSE
satisfy,FALSE
adopt,FALSE
ignore,FALSE
since,FALSE
white,FALSE
yellow,FALSE
orange,FALSE
blue,FALSE
branch,FALSE
semantic,FALSE
translator,FALSE
translation,FALSE
translate,FALSE
convert,FALSE
interpreter,FALSE
characteristic,FALSE
trait,FALSE
odor,FALSE
without,FALSE
ABC,FALSE
iphone,FALSE
walk,FALSE
leave,TRUE
#,FALSE
patent,FALSE
lock,FALSE
prevent,FALSE
insertion,FALSE
incorporation,FALSE
load,FALSE
import,FALSE
modification,FALSE
board,FALSE
denial,FALSE
assurance,FALSE
graph,FALSE
figure,FALSE
calculation,FALSE
factor,FALSE
frame,FALSE
#,FALSE
scale,FALSE
take,TRUE
carry,FALSE
bear,FALSE
measure,FALSE
question,FALSE
detail,TRUE
arrival,FALSE
propagation,FALSE
transit,TRUE
#,FALSE
#,FALSE
#,FALSE
satellite,FALSE
bus,FALSE
spacecraft,FALSE
aircraft,FALSE
cable,FALSE
signal,FALSE
payload,FALSE
message,FALSE
ship,FALSE
transport,FALSE
neural,FALSE
radio,FALSE
cellular,FALSE
telecommunication,FALSE
network,TRUE
mode,TRUE
platform,FALSE
TRUE,FALSE
mandatory,FALSE
compulsory,FALSE
effective,FALSE
district,FALSE
scale,FALSE
job,TRUE
evaluate,FALSE
assess,FALSE
gauge,FALSE
illustrate,FALSE
calculate,FALSE
length,FALSE
percent,FALSE
proportion,FALSE
spend,FALSE
wait,TRUE
get,TRUE
execute,TRUE
almost,FALSE
#,FALSE
#,FALSE
robot,FALSE
apply,TRUE
relate,TRUE
extend,FALSE
guide,FALSE
owe,FALSE
push,FALSE
address,FALSE
bind,FALSE
reduce,TRUE
mobility,FALSE
season,FALSE
quarter,FALSE
flip,FALSE
turn,TRUE
resort,FALSE
block,FALSE
comprise,FALSE
battery,FALSE
cache,FALSE
mb,FALSE
gb,FALSE
#,FALSE
#,FALSE
#,FALSE
MHz,FALSE
#,FALSE
bit,FALSE
flash,FALSE
ram,FALSE
rom,FALSE
batch,FALSE
crew,FALSE
volunteer,FALSE
associate,FALSE
resident,FALSE
2012,FALSE
2017,FALSE
2009,FALSE
2013,FALSE
2016,FALSE
2015,FALSE
2010,FALSE
2008,FALSE
2011,FALSE
2007,FALSE
2014,FALSE
topology,FALSE
commonly,FALSE
essentially,FALSE
describe,TRUE
define,TRUE
bank,FALSE
centralize,FALSE
nearby,FALSE
global,FALSE
editing,FALSE
process,TRUE
planning,FALSE
get,TRUE
entry,FALSE
recording,FALSE
change,TRUE
print,FALSE
other,FALSE
graphic,FALSE
photo,FALSE
colour,FALSE
screen,FALSE
animation,FALSE
occur,FALSE
happen,TRUE
begin,TRUE
arrive,FALSE
language,FALSE
q,FALSE
setup,FALSE
real,FALSE
cycle,FALSE
differ,FALSE
decrease,FALSE
vary,TRUE
grow,TRUE
regard,TRUE
imagery,FALSE
footage,FALSE
process,TRUE
scan,FALSE
replace,FALSE
modify,TRUE
recycle,FALSE
Unix,FALSE
host,TRUE
embed,FALSE
system,FALSE
therefore,FALSE
regular,FALSE
quick,FALSE
proper,FALSE
simultaneous,FALSE
three,FALSE
ship,FALSE
four,FALSE
station,FALSE
operation,TRUE
road,FALSE
animal,FALSE
plane,FALSE
restore,FALSE
move,TRUE
subject,FALSE
sentence,FALSE
trace,FALSE
revert,FALSE
example,TRUE
Wikipedia,FALSE
derive,FALSE
command,FALSE
transparent,FALSE
universal,FALSE
uniform,FALSE
static,FALSE
fit,FALSE
match,TRUE
suit,FALSE
objective,FALSE
requirement,TRUE
practice,TRUE
member,FALSE
department,FALSE
standard,TRUE
quality,FALSE
principle,FALSE
protection,FALSE
maintenance,FALSE
rule,TRUE
regulation,FALSE
assessment,TRUE
goal,FALSE
enforcement,FALSE
innovation,FALSE
insurance,FALSE
administration,FALSE
par,FALSE
accord,FALSE
alignment,FALSE
consistent,FALSE
comply,FALSE
accordance,FALSE
pace,FALSE
european,FALSE
UN,FALSE
expect,TRUE
much,FALSE
span,FALSE
range,TRUE
spectrum,FALSE
range,TRUE
spread,FALSE
kernel,FALSE
thus,FALSE
delivery,FALSE
whole,FALSE
contestant,FALSE
winner,FALSE
caller,FALSE
presenter,FALSE
contestant,FALSE
rise,FALSE
email,FALSE
now,FALSE
remember,FALSE
after,FALSE
know,TRUE
consider,TRUE
not,FALSE
just,FALSE
violate,FALSE
reach,FALSE
sign,TRUE
cross,FALSE
fulfil,FALSE
follow,TRUE
mission,FALSE
faction,FALSE
accomplish,FALSE
deploy,FALSE
activate,FALSE
article,TRUE
part,TRUE
issue,TRUE
book,TRUE
track,TRUE
company,TRUE
line,TRUE
model,TRUE
year,TRUE
constitute,FALSE
comprise,FALSE
prepare,FALSE
abstract,FALSE
operational,FALSE
structural,FALSE
technological,FALSE
factor,FALSE
consideration,FALSE
contractor,FALSE
assembly,FALSE
survive,FALSE
function,FALSE
bridge,FALSE
school,FALSE
refer,TRUE
transfer,TRUE
go,TRUE
relegation,FALSE
come,TRUE
proceed,FALSE
return,FALSE
convert,FALSE
transform,FALSE
assign,FALSE
per,FALSE
height,FALSE
total,FALSE
permanent,FALSE
zone,FALSE
subfamily,FALSE
comprise,FALSE
human,FALSE
represent,TRUE
print,TRUE
reproduce,FALSE
mesh,FALSE
map,TRUE
increase,TRUE
enhance,FALSE
manage,TRUE
automation,FALSE
fast,FALSE
fast,FALSE
quick,FALSE
work,TRUE
live,FALSE
drive,TRUE
integrate,TRUE
compete,FALSE
cooperate,FALSE
collaborate,FALSE
partner,FALSE
join,FALSE
merge,FALSE
overlap,FALSE
photographic,FALSE
garbage,FALSE
dust,FALSE
brush,FALSE
heat,FALSE
ink,FALSE
trash,FALSE
encode,FALSE
dual,FALSE
mini,FALSE
double,FALSE
cross,FALSE
glass,FALSE
split,FALSE
micro,FALSE
lock,FALSE
pack,FALSE
room,FALSE
configuration,TRUE
package,FALSE
class,TRUE
bay,FALSE
scheduling,FALSE
door,FALSE
stop,FALSE
reserve,FALSE
overhead,FALSE
Database,FALSE
message,FALSE
open,FALSE
smart,FALSE
Cloud,FALSE
home,FALSE
conform,FALSE
correspond,FALSE
provision,FALSE
combine,TRUE
utilize,FALSE
implement,TRUE
sample,FALSE
incoming,FALSE
route,FALSE
map,TRUE
scan,FALSE
mission,TRUE
module,TRUE
robot,FALSE
role,FALSE
director,FALSE
continue,TRUE
conduct,FALSE
primary,FALSE
formal,FALSE
procedure,FALSE
chart,FALSE
payment,FALSE
sms,FALSE
#,FALSE
transaction,FALSE
multiple,FALSE
random,FALSE
#,FALSE
cause,TRUE
synthesis,FALSE
solve,FALSE
studio,FALSE
factory,FALSE
gallery,FALSE
keep,TRUE
want,FALSE
feedback,FALSE
camera,FALSE
no,FALSE
high,FALSE
#,FALSE
indicator,FALSE
notation,FALSE
completely,FALSE
traditional,FALSE
conventional,FALSE
lead,TRUE
hd,FALSE
imply,FALSE
spare,FALSE
beyond,FALSE
reduction,FALSE
acceleration,FALSE
apple,FALSE
macintosh,FALSE
app,TRUE
backup,FALSE
charge,FALSE
insert,FALSE
effect,TRUE
catalogue,FALSE
exhibition,FALSE
exhibit,FALSE
film,FALSE
column,FALSE
artifact,FALSE
donate,FALSE
statistical,FALSE
tax,FALSE
taxation,FALSE
historical,FALSE
educational,FALSE
geographical,FALSE
conservation,FALSE
guide,FALSE
gateway,FALSE
gateway,FALSE
CA,FALSE
tag,FALSE
constitute,FALSE
person,FALSE
role,FALSE
input,TRUE
response,TRUE
asset,FALSE
#,FALSE
#,FALSE
#,FALSE
accelerate,FALSE
movement,FALSE
expansion,FALSE
matrix,FALSE
representation,FALSE
space,TRUE
matrix,FALSE
table,TRUE
vector,FALSE
tend,FALSE
represent,TRUE
denote,FALSE
express,FALSE
quantity,FALSE
surface,FALSE
behave,FALSE
qualify,FALSE
denote,FALSE
inform,FALSE
hire,FALSE
direct,TRUE
tell,FALSE
average,FALSE
container,FALSE
vital,FALSE
crucial,FALSE
expect,FALSE
participant,FALSE
candidate,FALSE
driver,FALSE
coach,FALSE
train,FALSE
director,FALSE
skip,FALSE
top,FALSE
continue,TRUE
head,FALSE
branch,FALSE
drop,FALSE
exit,FALSE
enter,TRUE
turn,TRUE
investigator,FALSE
reader,FALSE
court,FALSE
analyst,FALSE
remember,FALSE
theoretical,FALSE
mathematical,FALSE
compact,FALSE
meet,FALSE
exceed,TRUE
fit,FALSE
match,TRUE
follow,TRUE
reach,FALSE
set,TRUE
meet,FALSE
replace,FALSE
reflect,FALSE
exceed,TRUE
lay,TRUE
point,TRUE
spell,FALSE
ground,FALSE
schedule,FALSE
article,FALSE
rule,FALSE
witness,FALSE
newspaper,FALSE
detect,FALSE
avoid,FALSE
minimize,FALSE
rank,FALSE
inverse,FALSE
band,FALSE
song,FALSE
function,TRUE
work,TRUE
#,FALSE
#,FALSE
#,FALSE
return,FALSE
compare,FALSE
keep,TRUE
confirm,FALSE
translation,FALSE
highway,FALSE
expressway,FALSE
dam,FALSE
proposal,FALSE
report,FALSE
seek,FALSE
intend,FALSE
proposal,FALSE
finding,FALSE
suggestion,FALSE
conflict,FALSE
matter,FALSE
dispute,FALSE
objection,FALSE
disagreement,FALSE
difficulty,FALSE
plus,FALSE
specifically,FALSE
answer,FALSE
raise,FALSE
address,FALSE
whatever,FALSE
thing,FALSE
executive,FALSE
creative,FALSE
partner,FALSE
elect,FALSE
hesitate,FALSE
refuse,FALSE
advise,FALSE
approve,FALSE
avail,FALSE
scene,FALSE
disable,FALSE
scan,FALSE
#,FALSE
#,FALSE
letter,FALSE
noun,FALSE
clause,FALSE
expression,FALSE
alphabet,FALSE
vocabulary,FALSE
#,FALSE
tonne,FALSE
ton,FALSE
mile,FALSE
pound,FALSE
bird,FALSE
foot,FALSE
inhabitant,FALSE
speaker,FALSE
dollar,FALSE
km,FALSE
passenger,FALSE
sole,FALSE
begin,TRUE
start,TRUE
originally,FALSE
market,FALSE
typical,FALSE
simple,FALSE
paradigm,FALSE
could,FALSE
would,FALSE
may,FALSE
must,FALSE
might,FALSE
can,FALSE
shall,FALSE
distribute,FALSE
host,TRUE
manage,FALSE
drive,TRUE
open,FALSE
dealer,FALSE
producer,FALSE
visitor,FALSE
problem,TRUE
evidence,FALSE
element,TRUE
effect,FALSE
area,TRUE
test,TRUE
computational,FALSE
behavioral,FALSE
political,FALSE
evolutionary,FALSE
relative,FALSE
sensitivity,FALSE
we,FALSE
prominence,FALSE
pass,TRUE
rest,FALSE
approach,FALSE
position,FALSE
depiction,FALSE
dna,FALSE
tissue,FALSE
blood,FALSE
cue,FALSE
online,FALSE
collection,FALSE
collection,TRUE
National,FALSE
Digital,FALSE
engine,TRUE
contrast,FALSE
virus,FALSE
terminal,FALSE
cluster,FALSE
consume,FALSE
audience,FALSE
guest,FALSE
public,FALSE
production,FALSE
ensemble,FALSE
producer,FALSE
director,FALSE
technical,FALSE
press,FALSE
video,FALSE
communicate,TRUE
respond,FALSE
respond,FALSE
refer,FALSE
direct,FALSE
#,FALSE
via,FALSE
within,FALSE
contain,TRUE
root,FALSE
divide,FALSE
divide,FALSE
split,FALSE
separate,TRUE
separate,TRUE
divide,FALSE
break,TRUE
break,TRUE
organize,FALSE
classify,FALSE
divide,FALSE
organize,FALSE
subdivide,FALSE
layer,FALSE
phase,FALSE
region,FALSE
zone,FALSE
half,FALSE
solve,FALSE
mediate,FALSE
control,TRUE
accompany,FALSE
facilitate,FALSE
trigger,FALSE
threat,FALSE
trip,FALSE
appeal,FALSE
landscape,FALSE
merge,FALSE
introduce,FALSE
transform,FALSE
convert,FALSE
combine,TRUE
fold,FALSE
photographer,FALSE
operator,FALSE
string,FALSE
cluster,FALSE
dot,FALSE
#,FALSE
spot,FALSE
enough,FALSE
culminate,FALSE
end,TRUE
reflect,FALSE
large,FALSE
suit,FALSE
carry,FALSE
band,FALSE
programmer,FALSE
towards,FALSE
toward,FALSE
away,FALSE
exact,FALSE
pure,FALSE
blend,FALSE
match,FALSE
complementary,FALSE
spectral,FALSE
gray,FALSE
intend,TRUE
wish,TRUE
want,TRUE
plan,TRUE
wish,TRUE
simulation,FALSE
classroom,FALSE
upper,FALSE
raise,FALSE
middle,FALSE
difficulty,FALSE
linear,FALSE
normal,FALSE
immediate,FALSE
purchase,FALSE
buy,TRUE
prefer,FALSE
discontinue,TRUE
retire,FALSE
successful,FALSE
brand,FALSE
oil,FALSE
chemical,FALSE
supply,TRUE
likely,FALSE
eager,FALSE
prepare,FALSE
willing,FALSE
hope,FALSE
encourage,TRUE
start,TRUE
resume,TRUE
restart,FALSE
cease,FALSE
instal,FALSE
toy,FALSE
offering,FALSE
lineup,FALSE
trend,FALSE
growth,FALSE
reaction,FALSE
occur,TRUE
happen,FALSE
trend,FALSE
convention,FALSE
innovation,FALSE
development,TRUE
tradition,FALSE
adopt,TRUE
draft,FALSE
formulation,FALSE
pioneering,FALSE
pioneer,FALSE
famous,FALSE