make, True
more, False
the, False
make, True
two, False
for, False
no, False
all, False
very, False
to, False
three, False
five, False
get, True
four, False
less, False
error, True
error, True
fault, False
message, True
text, True
mistake, False
warn, False
correct, False
correction, False
fail, False
datum, True
failure, False
problem, False
control, False
incorrect, False
message, True
information, False
warning, False
communication, False
detection, False
code, False
signal, False
prevention, False
communication, False
report, True
result, True
resolution, False
set, False
list, True
type, True
number, False
type, True
sequence, False
collection, False
series, False
kind, True
majority, False
format, True
use, True
content, True
group, True
clear, False
individual, False
code, False
packet, False
notice, False
instruction, False
word, True
page, True
find, True
print, False
display, True
contain, True
post, False
store, True
place, False
write, False
appear, False
available, False
publish, False
present, False
present, False
provide, True
use, True
manual, False
standard, False
display, True
software, True
page, True
database, False
application, True
web, True
original, False
computer, True
graphical, False
external, False
regular, False
edition, False
user, True
reference, True
purpose, True
search, True
box, False
label, False
file, True
tag, False
sheet, False
image, True
show, False
identify, False
indicate, False
explain, True
reveal, False
state, True
illustrate, False
demonstrate, False
define, False
reflect, False
convey, False
describe, True
tell, False
establish, False
reason, True
reason, True
circumstance, False
cause, False
question, True
fact, True
cause, False
situation, False
reason, True
context, True
explanation, False
truth, False
fact, True
exactly, False
case, True
event, False
accident, False
incident, False
violation, False
issue, False
breach, False
crash, False
occurrence, False
infringement, False
occur, False
occur, False
happen, True
exist, False
happen, True
exist, False
arise, False
come, True
originate, False
appear, False
occur, False
cause, False
action, False
step, False
measure, False
action, False
method, False
term, False
procedure, False
event, False
technique, False
reader, False
user, True
author, False
author, False
system, True
reader, False
researcher, False
recipient, False
editor, False
administrator, False
take, True
attempt, False
try, True
apply, True
say, True
perform, False
make, True
implement, False
find, True
choose, False
employ, False
follow, True
decide, True
prevent, True
fix, False
avoid, True
remedy, False
resolve, False
stop, False
solve, False
minimize, False
reduce, False
address, False
remove, False
detect, False
problem, False
issue, False
matter, False
damage, False
responsible, False
adopt, True
require, True
update, False
applicable, False
revise, False
mandatory, False
define, False
essential, False
valid, False
maintain, True
relevant, False
design, False
iso, True
international, False
full, False
technical, False
follow, True
language, False
future, False
#, False
#, False
#, False
print, False
screen, True
#, False
#, False
#, False
size, True
image, True
#, False
translation, False
recognition, False
processing, False
#, False
representation, False
quality, False
edit, False
entry, False
publish, False
alternative, False
other, False
some, False
different, False
simple, False
various, False
new, False
multiple, False
alternative, False
direct, False
common, False
flexibility, False
alternative, False
access, True
support, True
insight, False
solution, True
benefit, False
advantage, False
stability, False
transparency, False
space, False
clarity, False
frame, True
frame, True
frame, True
time, True
point, False
xml, False
perspective, False
object, False
subject, True
base, True
orient, False
free, False
wise, False
dependent, False
center, False
specific, False
relate, True
less, False
drive, False
structure, False
independent, False
like, False
length, False
style, False
analysis, False
system, True
approach, False
technology, False
medium, False
technology, False
presentation, False
service, True
filter, False
camera, True
option, False
model, False
picture, False
photograph, False
format, True
tool, False
unavailable, False
ambiguous, False
need, True
possible, False
unnecessary, False
necessary, False
absent, False
sparse, False
insufficient, False
unreliable, False
redundant, False
method, False
way, True
mean, True
approach, False
technique, False
option, False
form, True
process, False
mode, False
strategy, False
mechanism, False
manner, False
way, True
present, False
provide, True
display, True
express, False
represent, False
communicating, False
store, True
show, False
obtain, False
generate, False
produce, True
explain, True
describe, True
give, True
document, True
question, True
topic, False
news, False
material, False
situation, False
case, True
delay, False
distortion, False
constraint, False
restriction, False
repetition, False
pause, False
prompt, False
introduce, False
implement, False
email, False
agent, True
client, False
server, True
sms, False
service, True
file, True
website, False
mail, False
customer, False
operator, False
request, True
voice, False
video, False
call, False
, False
note, False
†, False
key, False
source, False
§, False
source, False
‡, False
order, False
article, False
index, False
table, False
year, False
column, False
order, False
section, False
absence, False
presence, True
face, False
midst, False
instance, True
scenario, False
aftermath, False
course, False
event, False
wake, False
interrupt, False
bug, False
programming, False
failure, False
hardware, False
backup, False
device, False
program, False
network, False
equipment, False
physical, False
battery, False
loss, False
fail, True
disaster, False
degradation, False
maintain, True
run, False
update, False
complete, False
restart, False
restore, False
manage, False
execute, False
operate, False
monitor, False
terminate, False
extend, False
proper, False
perfect, False
sufficient, False
appropriate, False
constant, False
adequate, False
maximum, False
continuous, False
update, False
memory, False
operation, False
compatibility, False
functionality, True
output, False
recovery, True
power, False
॥, False
allow, True
enable, True
require, True
permit, True
consider, True
specify, False
ensure, True
include, True
expect, True
provide, True
declare, False
change, True
modification, False
exception, False
adjustment, False
amendment, False
reference, True
alteration, False
improvement, False
exception, False
addition, True
access, False
request, True
security, False
certain, False
key, False
property, True
requirement, True
policy, False
rule, False
standard, True
level, False
protocol, False
regulation, False
parameter, False
feature, False
control, False
specification, False
mechanism, False
setting, False
policy, False
server, True
application, True
device, False
client, False
object, False
organization, False
developer, False
administrator, False
computer, True
member, False
individual, False
entity, True
domain, False
group, True
network, False
asset, False
program, False
vote, False
privacy, False
registration, False
name, False
password, False
ownership, False
#, False
#, False
point, False
time, True
level, False
right, False
location, False
speed, False
privilege, False
protection, False
account, False
connection, False
membership, False
pay, False
attribute, False
check, False
limit, True
certificate, False
encryption, False
availability, False
authorization, False
credential, False
privilege, False
status, True
compliance, False
configuration, True
signature, False
resource, False
resource, False
bandwidth, False
#, False
management, False
allocation, False
creation, False
change, True
other, True
lock, False
make, True
perform, False
enforce, False
do, True
achieve, False
handle, False
approve, False
accomplish, False
execute, False
support, True
manage, False
detect, False
allow, True
control, False
agent, True
open, True
open, False
release, False
installation, False
post, False
closure, False
appointment, False
opening, False
establishment, False
start, False
download, False
load, False
closing, False
removal, False
export, True
download, False
subscription, False
load, False
submission, False
log, False
rate, False
time, True
#, False
schedule, False
mode, False
date, True
rate, False
web, True
these, False
software, True
design, False
new, False
open, False
application, True
such, False
service, True
test, False
it, False
architecture, True
module, True
package, False
process, False
version, False
implementation, False
design, False
develop, False
create, False
select, False
plan, False
prepare, False
compile, False
review, False
build, False
edit, False
construct, False
package, False
program, False
curate, False
organize, False
launch, False
print, False
read, False
setup, False
condition, False
hour, False
session, False
distribution, False
retention, False
transfer, False
storage, False
speed, False
period, False
cost, False
#, False
pattern, False
interval, False
wide, False
broad, False
entire, False
wide, False
whole, False
large, False
desire, False
large, False
specify, False
limit, False
broad, False
range, False
variety, True
need, True
duration, False
amount, False
benefit, False
scope, False
performance, True
complexity, False
diversity, False
area, False
aspect, False
field, False
category, True
item, False
area, False
factor, False
contexts, False
interest, False
development, False
work, False
compute, False
knowledge, False
project, False
API, False
app, False
tool, False
module, True
contain, True
create, False
offer, False
give, True
feature, False
produce, True
opportunity, True
environment, False
ability, True
interface, True
incentive, False
avenue, False
excuse, False
infrastructure, False
outlet, False
developer, False
programmer, False
vendor, False
handle, False
check, False
track, False
place, False
upgrade, False
upgrade, False
improvement, False
modification, False
extension, False
maintenance, False
revision, False
defect, True
false, False
effect, False
defect, True
machine, False
site, False
return, False
immediately, False
log, False
continue, True
report, True
verify, False
resume, False
review, False
comment, False
space, False
line, False
#, False
background, False
space, False
void, False
#, False
map, False
disk, False
square, False
graph, False
plane, False
sphere, False
grid, False
surface, False
circle, False
field, False
basis, False
protocol, False
model, False
product, False
integrate, False
model, False
model, False
use, True
within, False
via, False
#, False
framework, False
structure, True
nature, False
capacity, False
plan, False
#, False
#, False
#, False
engine, False
#, False
#, False
#, False
app, False
algorithm, False
improve, True
enhance, False
increase, False
boost, False
expand, False
facilitate, False
advance, False
help, True
assist, True
learn, False
consumer, False
student, False
travel, False
drive, False
sensory, False
business, False
passenger, False
online, False
satisfaction, False
safety, False
experience, False
confidence, False
productivity, False
interface, True
response, False
comfort, False
experience, False
hierarchy, False
algorithm, False
scheme, True
establish, False
identify, False
locate, False
enable, True
equip, False
ready, False
check, False
adapt, False
instal, False
compilation, False
comparison, False
classification, False
calculation, False
evaluation, False
transmission, False
execution, False
replication, False
identification, False
one, False
list, True
many, False
copy, False
part, False
several, False
library, False
two, False
encounter, False
occur, False
cite, False
access, True
visit, False
search, True
request, True
complete, False
see, True
generate, False
database, False
design, False
library, False
facility, False
platform, False
internet, True
capability, False
capability, False
provision, True
facility, False
secure, False
restrict, False
gain, False
input, False
disclosure, False
attention, False
connection, False
link, True
link, True
mapping, False
transport, False
wealth, False
combination, False
lot, False
body, False
mix, False
multitude, False
spectrum, False
source, False
activity, True
product, False
education, False
equation, False
number, False
value, False
table, False
graph, False
example, True
map, False
figure, False
statistic, False
change, True
add, True
remove, False
adjust, False
reduce, False
choose, False
modify, False
consider, True
eliminate, False
improve, True
increase, False
hope, True
favor, False
favour, False
light, False
hope, True
anticipation, False
optimal, False
well, False
minimum, False
increase, False
general, False
total, False
price, False
overall, False
national, False
definition, False
idea, False
principle, False
effect, False
term, False
goal, False
intention, False
aim, False
result, True
objective, False
phrase, True
mean, True
imply, False
guarantee, False
assure, False
suggest, False
emphasize, False
prove, False
denote, False
paper, True
current, False
red, False
hot, False
boot, False
old, False
audio, False
#, False
#, False
#, False
#, False
#, False
document, True
record, False
item, False
folder, False
alter, False
damage, False
manipulate, False
destroy, False
reproduce, False
copy, False
download, False
interpret, False
fashion, False
sense, False
direction, False
otherwise, False
indirectly, False
intentionally, False
even, False
remotely, False
illegally, False
directly, False
manually, False
automatically, False
independently, False
person, True
organization, False
agency, False
authority, False
party, False
scan, False
encode, False
transfer, False
convert, False
return, False
move, True
send, False
attach, False
switch, False
revert, False
migrate, False
compare, False
upload, False
record, False
copy, False
disturb, False
discover, False
content, True
component, True
integrity, False
element, True
characteristic, False
property, True
source, False
remain, False
stay, False
remain, False
remain, False
stay, False
appear, False
exist, False
stay, False
survive, False
remain, False
company, False
vehicle, False
integrate, False
utilize, False
deliver, False
supply, False
accept, True
layer, True
channel, False
kind, True
line, False
form, True
set, False
provider, False
stream, False
internet, True
mobile, False
remote, False
environment, False
operation, False
#, False
#, False
conflict, False
variation, False
interference, False
collapse, False
separation, False
discrimination, False
avoid, True
apply, True
include, True
follow, True
employ, False
utilize, False
render, False
see, True
make, True
get, True
view, True
leave, False
alter, False
modify, False
adjust, False
navigate, True
manipulate, False
understand, True
spatial, False
social, False
underlie, False
basic, False
complex, False
cognitive, False
organizational, False
channel, False
aid, False
impact, True
impact, True
consequence, False
influence, False
implication, False
influence, False
affect, True
emphasis, False
affect, True
feedback, False
navigation, True
mobility, False
accuracy, False
survival, False
efficiency, False
visibility, False
cost, False
health, False
economy, False
internal, False
command, False
main, False
processor, False
kernel, False
controller, False
core, True
network, False
function, True
deployment, False
route, False
traffic, False
fire, False
operational, False
assurance, False
layer, True
component, True
deploy, False
view, True
classify, False
treat, False
describe, True
unit, False
along, False
functional, False
minor, False
guideline, False
criterion, False
detail, False
principle, True
definition, False
deliver, False
report, True
supply, False
offer, False
send, False
feed, False
transfer, False
distribute, False
pass, False
teach, False
bring, True
public, False
community, False
government, False
council, False
Commission, False
world, False
who, False
staff, False
people, False
authority, False
council, False
incorporate, False
outline, False
state, True
list, True
color, True
value, False
character, False
piece, False
color, True
game, False
matrix, False
menu, False
diagram, False
row, False
draw, False
add, True
replace, False
edit, False
shrink, False
move, True
turn, True
save, False
drop, False
shift, False
rotate, False
compare, False
column, False
function, True
position, False
People, False
they, False
anyone, False
everyone, False
student, False
individual, False
citizen, False
resident, False
member, False
user, True
Police, True
person, True
worker, False
parent, False
woman, False
discuss, False
register, False
lodge, False
receive, False
bring, True
submit, True
settle, False
hear, False
complaint, False
complaint, False
claim, False
claim, False
objection, False
objection, False
petition, False
concern, False
identity, False
dispute, False
protest, False
police, True
court, False
court, False
law, False
officer, False
official, False
prosecutor, False
agency, False
judge, False
citizen, False
employer, False
rely, False
depend, True
agree, True
vote, False
act, True
evidence, False
finding, False
procedure, False
investigation, False
documentation, False
witness, False
testimony, False
hear, False
investigation, False
subsequent, False
preliminary, False
previous, False
prior, False
criminal, False
ongoing, False
thorough, False
initial, False
recommendation, False
statement, False
someone, False
send, False
refer, False
pursue, False
investigate, False
put, True
decision, False
language, False
book, False
game, False
instrument, False
country, False
material, False
song, False
size, True
style, False
length, False
title, True
theme, False
weight, False
age, False
name, False
number, False
use, True
location, False
list, True
placement, False
construction, False
layout, True
length, False
burn, False
loss, False
building, False
room, False
build, False
seat, False
door, True
window, True
house, False
furniture, False
seat, False
road, False
corridor, False
floor, False
visual, False
cultural, False
interactive, False
educational, False
multimedia, False
share, False
delivery, False
filter, False
also, False
consumption, False
play, False
play, False
play, False
serve, False
take, True
hold, False
play, False
occupy, False
perform, False
provide, True
fill, False
carry, False
include, True
assume, False
role, True
part, False
role, True
factor, False
role, True
player, False
importance, True
step, False
ingredient, False
aspect, False
training, False
research, False
this, False
visual, False
an, False
game, False
datum, True
text, True
memory, False
language, False
Digital, False
image, True
interaction, False
involvement, False
intervention, False
interaction, False
engagement, False
choice, False
participation, False
render, False
get, True
keep, True
develop, False
create, False
turn, True
understand, True
improve, True
design, False
human, False
feel, False
base, True
#, False
need, True
trust, False
ask, False
end, False
non, False
ex, False
co, False
multi, False
end, False
sub, False
side, False
Non, False
micro, False
operator, False
manager, False
maker, False
look, False
draw, False
pull, False
build, False
pick, False
sign, False
dial, False
write, False
pop, False
custom, False
personal, False
facebook, False
different, False
profile, False
account, False
profile, False
site, False
preference, False
contact, False
fee, False
assign, False
connect, False
limit, True
link, True
guide, True
direct, False
expose, False
introduce, False
fund, False
task, False
funding, False
money, False
Google, False
community, False
freedom, False
possibility, True
right, False
skill, False
switch, False
select, False
differentiate, False
distinguish, False
alternate, False
communicate, False
swap, False
peripheral, False
keyboard, False
electronic, False
touch, False
AI, False
digital, False
key, False
mode, False
various, False
multiple, False
particular, False
command, False
button, False
input, False
switch, False
light, False
arrow, False
motor, False
wire, False
icon, False
letter, False
display, True
node, False
sensor, False
screen, True
customer, False
consumer, False
player, False
driver, False
human, False
owner, False
prefer, False
want, True
share, False
know, True
possess, False
lack, False
enjoy, False
operate, False
playback, False
view, True
speech, False
mouse, False
button, False
set, False
unit, False
phone, False
phone, False
platform, False
#, False
person, True
anyone, False
child, False
adult, False
patient, False
student, False
Microsoft, False
content, False
information, False
technology, False
knowledge, False
medium, False
communication, False
security, False
network, False
semantic, False
relationship, False
behavior, False
integration, False
understanding, False
change, True
extend, False
change, True
use, True
direct, False
relate, True
connect, False
manage, False
integrate, False
from, False
appearance, False
single, False
common, False
share, False
relationship, False
activity, True
website, False
project, False
company, False
small, False
task, False
focus, False
work, False
peer, False
large, False
solution, True
find, True
identify, False
acquire, False
gather, False
preserve, False
capture, False
collect, False
discover, False
something, False
advice, False
relevance, False
concern, False
significance, False
convenience, False
assistance, False
import, True
consequence, False
audience, False
participant, False
viewer, False
allow, True
enable, True
gain, False
promote, False
enhance, False
ensure, True
response, False
contribution, False
exposure, False
in, False
select, False
with, False
on, False
define, False
within, False
choose, False
variable, False
symbol, False
quantity, False
indicator, False
temperature, False
unit, False
degree, False
meter, False
measurement, False
measurement, False
measure, False
measure, False
currency, False
scale, False
quantity, False
measure, False
usage, False
terminology, False
plan, False
construct, False
consider, True
establish, False
standardize, False
chart, False
use, True
collaboration, False
industry, False
stakeholder, False
organisation, False
audience, False
business, False
society, False
production, False
generation, False
demand, False
expression, False
structure, True
price, False
mark, False
law, False
instrument, False
weight, False
magnitude, False
pressure, False
energy, False
date, True
gender, False
name, False
day, False
country, False
temperature, False
frequency, False
pH, False
frequency, False
longitude, False
place, False
month, False
hour, False
week, False
period, False
telephone, False
postal, False
serial, False
bank, False
car, False
include, True
street, False
call, False
#, False
history, False
digit, False
state, True
stamp, False
address, False
passport, False
city, False
custom, False
airport, False
district, False
combine, False
arrange, False
align, False
addition, True
practice, False
contrast, False
short, False
summary, False
essence, False
detail, False
Australia, False
Europe, False
parallel, False
conduct, False
evaluate, False
prepare, False
discuss, False
review, False
undertaking, False
presentation, False
conference, False
guide, True
fundamental, False
goal, False
objective, False
concept, False
practice, False
express, False
give, True
propose, False
take, True
take, True
take, True
bring, True
call, False
keep, True
bear, False
hold, False
carry, False
draw, False
consideration, False
government, False
driver, False
India, False
Mexico, False
Singapore, False
Afghanistan, False
Pakistan, False
China, False
Washington, False
sweden, False
France, False
Canada, False
force, False
adapt, False
speak, False
talk, False
respond, False
appeal, False
signal, False
reach, False
attend, False
cater, False
incident, False
threat, False
crime, True
crime, True
attack, False
violence, False
riot, False
reaction, False
jail, False
spare, False
leisure, False
lose, False
waste, False
waste, False
real, False
incorporate, False
involve, True
age, False
simulation, False
#, False
#, False
#, False
scheme, True
scenario, False
comment, False
decision, False
guidance, True
major, False
premise, False
domain, False
browser, False
editing, False
screen, True
print, False
graphic, False
read, False
picture, False
write, False
programming, False
action, False
animation, False
character, False
process, False
interpretation, False
observation, False
perception, False
description, False
mean, True
write, False
type, True
passage, False
manuscript, False
topic, False
text, True
corpus, False
manuscript, False
facilitate, False
aid, False
enhance, False
accompany, False
guide, True
encourage, False
assist, True
undertake, False
strategy, False
whether, False
namely, False
without, False
avoid, True
involve, True
especially, False
formation, False
introduction, False
publication, False
composition, False
construction, False
sentence, True
phrase, True
section, False
#, False
clip, False
burst, False
fragment, False
sequence, False
pause, False
division, False
break, False
split, False
subdivision, False
cut, False
divide, False
fold, False
group, True
split, False
sort, False
reduction, False
break, False
sentence, True
word, True
narrative, False
story, False
paragraph, False
chapter, False
segment, False
portion, False
inclusion, False
selection, False
exchange, False
brief, False
usually, False
simply, False
either, False
often, False
shape, False
title, True
dialogue, False
discussion, False
descriptive, False
#, False
#, False
#, False
#, False
#, False
#, False
keep, True
hold, False
carry, False
preserve, False
active, False
air, False
rail, False
feasible, False
permit, True
reasonable, False
intend, False
life, False
year, False
purpose, True
lifetime, False
severity, False
entity, True
institution, False
organisation, False
jurisdiction, False
state, False
department, False
apply, True
belong, False
relate, True
refer, False
assign, False
matter, False
respond, False
assign, False
contribute, False
operate, False
not, False
stop, False
without, False
by, False
never, False
prevent, True
prevent, True
potentially, False
unwanted, False
previously, False
window, True
window, False
window, True
store, True
desktop, False
preview, False
front, False
destination, False
flash, False
picture, False
green, False
home, False
pop, False
back, False
bottom, False
top, False
plug, True
close, False
flip, False
mark, False
one, True
open, True
unlocked, False
accessible, False
activate, False
suit, False
become, False
defeat, False
finish, False
pass, False
implement, False
help, True
conclude, False
fail, True
visitor, False
attacker, False
owner, False
test, False
allow, True
aid, False
encourage, False
manufacturer, False
engineer, False
designer, False
analyst, False
repair, False
exploit, False
recognize, False
discover, False
result, True
actual, False
potential, False
late, False
version, False
patch, False
engineering, False
scientific, False
theoretical, False
conceptual, False
organize, False
force, False
theory, False
spirit, False
philosophy, False
wheel, False
thread, False
figure, False
#, False
characterization, False
#, False
be, False
part, False
equipment, False
be, False
also, False
generation, False
entry, False
system, False
architecture, False
manager, False
unit, False
program, False
center, False
control, False
management, False
structure, False
would, False
must, False
shall, False
could, False
may, False
help, True
ensure, True
keep, True
run, False
function, True
consistent, False
go, True
evolve, False
accord, False
relative, False
conform, False
accordingly, False
similar, False
appropriately, False
tailor, False
due, False
specification, False
regard, False
regard, False
relation, False
respect, False
proportion, True
add, True
maintain, True
support, True
exist, False
#, False
three, False
additional, False
read, False
graphic, False
graphic, False
character, False
photo, False
#, False
guide, True
magazine, False
advertisement, False
cut, False
turn, True
leave, False
burn, False
rip, False
strip, False
drop, False
sell, False
round, False
break, False
wear, False
watch, False
appreciate, False
interpret, False
familiar, False
satisfy, False
supply, False
comfortable, False
confront, False
unfamiliar, False
happy, False
experiment, False
face, False
concern, False
script, False
photo, False
document, True
register, False
record, False
verify, False
default, False
contain, True
give, True
collect, False
deliver, False
offer, False
store, True
publish, False
present, False
thing, False
personnel, True
duty, False
location, False
coordinate, False
position, False
file, True
report, True
sort, False
order, False
pende, False
schedule, False
scheduling, False
investigate, False
clear, True
postpone, False
confirm, False
administrative, False
special, False
emergency, False
priority, False
important, False
routine, False
daily, False
arrest, False
charge, False
hearing, False
enable, True
help, True
encourage, False
encourage, False
assist, True
require, True
military, False
train, False
senior, False
department, False
team, False
team, False
officer, False
commander, False
think, True
learn, False
prepare, False
behave, False
react, False
efficiently, False
well, False
proceed, False
deal, False
success, False
effort, False
effectiveness, False
capacity, False
variant, False
vehicle, False
designate, False
number, False
know, True
code, False
rate, False
edition, False
volume, False
date, True
venue, False
schedule, False
distance, False
category, True
occasion, False
night, False
election, False
award, False
death, False
birth, False
competition, False
trial, False
election, False
match, False
describe, True
discuss, False
define, False
regard, False
cover, False
concern, False
direction, False
verbal, False
speak, False
simple, False
animate, False
indirect, False
speak, False
#, False
gesture, False
robot, False
aircraft, False
local, False
enterprise, False
cloud, False
high, False
prototype, False
operate, False
distribute, False
deliver, False
plan, False
instance, True
noun, False
specie, False
animal, False
group, True
categorize, False
divide, False
class, False
form, True
require, True
number, False
code, False
colour, True
rhyme, False
rank, False
score, False
element, True
pattern, False
box, False
genre, False
behavior, False
involve, True
involve, True
comprise, False
search, True
handle, False
analyze, False
check, False
raw, False
manage, False
track, False
automate, False
host, True
transaction, False
search, True
monitor, False
call, False
perform, False
start, False
instal, False
launch, False
enter, False
buy, False
introduce, False
chat, False
commerce, False
book, False
mail, False
reader, False
search, True
terminal, False
execute, False
answer, True
session, False
room, False
#, False
#, False
#, False
direct, False
movement, False
act, True
behaviour, False
compile, False
block, False
stream, False
stack, False
batch, False
pool, False
string, False
portfolio, False
job, False
mission, False
#, False
#, False
#, False
#, False
#, False
#, False
#, False
#, False
#, False
#, False
focus, False
concentrate, False
centre, False
focus, False
intent, False
focus, False
found, False
concentrate, False
reduce, False
restore, False
raise, False
care, False
civilian, False
enlist, False
police, True
sector, False
workforce, False
industry, False
leadership, False
policeman, False
professional, False
stand, False
serve, False
live, False
position, False
outer, False
lead, True
competitive, False
northern, False
defensive, False
disciplinary, False
corporate, False
political, False
edge, False
edge, False
station, False
station, False
centre, False
desk, True
coordinate, False
oversee, False
day, False
evening, False
morning, False
moment, False
minute, False
afternoon, False
day, False
everyday, False
dusk, False
Sunday, False
tomorrow, False
night, False
Friday, False
noon, False
live, False
responsibility, False
flow, False
patrol, False
enforcement, False
official, False
administration, False
survey, False
poll, False
study, False
final, False
testing, False
obtain, False
collect, False
retrieve, False
extract, False
import, True
source, False
release, False
pull, False
combination, False
excess, False
pack, False
block, False
cluster, False
example, True
solve, False
complete, False
apply, True
loop, False
sweep, False
transaction, False
imply, False
partial, False
random, False
long, False
dictionary, False
become, False
note, False
so, False
give, True
note, False
consider, True
assume, False
difference, True
clause, False
degree, False
condition, False
dimension, False
class, False
rule, False
subject, True
dog, False
swimmer, False
infant, False
difficulty, False
difficulty, False
trouble, False
limitation, False
disability, False
trouble, False
ability, True
expertise, False
recognize, False
see, True
distinguish, False
match, False
shape, False
colour, True
sign, False
sound, False
tone, False
marking, False
paint, False
color, True
variation, False
vision, False
disorder, False
spot, False
difference, True
near, False
pitch, False
double, False
color, True
sight, False
blue, False
white, False
blind, False
block, False
sensitive, False
switch, False
sensitivity, False
shift, False
keep, True
keep, True
make, True
make, True
make, True
be, False
general, False
computer, True
human, False
many, False
able, False
expect, True
careful, False
show, False
face, False
eye, False
advance, False
modern, False
advance, False
emerge, False
low, False
poor, False
jump, False
change, True
transform, False
go, True
convert, False
basic, False
primary, False
elementary, False
essential, False
good, False
dimension, False
theory, False
awareness, False
consciousness, False
think, True
think, True
intelligence, False
judgment, False
psychology, False
examine, False
compare, False
study, False
notebook, False
concept, False
take, True
compensate, False
advocate, False
friendly, False
variant, False
model, False
troop, False
assess, False
locate, False
punish, False
treat, False
weapon, False
anything, False
everything, False
middle, False
head, False
article, False
award, False
satisfy, False
vary, False
obey, False
differ, False
machine, False
every, False
transfer, False
except, False
see, True
find, True
give, True
credit, False
credit, False
info, False
track, False
bonus, False
note, False
disc, False
episode, False
colour, True
true, False
body, False
of, False
light, False
natural, False
pure, False
perfect, False
red, False
colour, False
colour, True
white, False
understand, True
perceive, False
study, False
regard, False
caution, False
ease, False
certainty, False
precision, False
discretion, False
distinction, False
bear, False
hold, False
put, True
carry, False
mind, False
hand, False
skill, False
interest, False
employ, False
determine, False
reality, False
stimulus, False
medium, False
transmit, False
record, False
risk, False
incidence, False
probability, False
percentage, False
month, False
week, False
minute, False
cycle, False
episode, False
occasion, False
termination, False
employment, False
terrorism, False
exceed, False
decrease, False
equal, False
exceed, False
exceed, False
per, False
_, False
digit, False
notice, False
cycle, False
interval, False
cover, False
wish, False
ought, False
deserve, False
address, False
visible, False
communicate, False
receiver, False
target, False
unlock, False
retrieve, False
enter, False
recover, False
second, False
gb, False
inch, False
volume, False
load, False
recover, False
empty, False
acquire, False
purchase, False
process, False
deposit, False
fill, False
ship, False
second, False
moment, False
minute, False
depth, False
density, False
cell, False
container, False
battery, False
region, False
package, False
separate, False
separate, False
distance, False
external, False
separate, False
distinguish, False
distinct, False
navigation, True
movement, False
flight, False
cable, False
route, False
controller, False
gps, False
post, False
merely, False
indicate, False
centre, False
station, False
division, False
group, False
serve, False
act, True
serve, False
work, False
function, True
act, True
double, False
hub, False
gateway, False
center, False
portal, False
bridge, False
virtual, False
exchange, False
exchange, False
interchange, False
citizen, False
army, False
soldier, False
civilian, False
civil, False
governmental, False
foreign, False
professional, False
employee, False
cooperation, False
working, False
contact, False
relation, False
duty, False
partnership, False
work, False
cooperation, False
dialogue, False
integration, False
meet, False
act, True
prosecutor, False
judiciary, False
file, True
settlement, False
preparation, False
prosecution, False
offence, False
suspect, True
criminal, True
offender, False
dispute, False
corruption, False
murder, False
portion, False
member, False
extension, False
piece, False
recruitment, False
judicial, False
legal, False
defence, False
defense, False
prohibit, False
recommend, False
mention, True
justify, False
mandate, False
sell, False
artifact, False
body, False
coin, False
victim, False
card, False
prisoner, False
achieve, False
meet, False
obtain, False
wait, False
completion, False
coverage, False
test, False
flight, False
experimental, False
regulatory, False
practical, False
critical, False
adopt, True
pair, False
set, False
subset, False
array, False
handful, False
develop, False
taste, False
sound, False
tone, False
finish, False
fit, False
texture, False
smell, False
indicate, False
denote, False
prove, False
confirm, False
establish, False
recognize, False
declare, False
assert, False
check, False
citation, False
party, False
party, False
officer, False
commit, False
know, True
observe, False
#, False
#, False
contract, False
#, False
#, False
#, False
#, False
#, False
#, False
#, False
#, False
exercise, False
guarantee, False
capable, False
mean, True
embed, False
usable, False
axi, False
d, False
dimensional, False
stage, False
tier, False
phase, False
bit, False
node, False
modular, False
hybrid, False
audit, True
assessment, False
accounting, False
financial, False
inspection, False
environmental, False
trail, True
path, False
alert, False
disable, False
restore, False
trigger, False
predict, False
analyze, False
initiate, False
violation, False
supervision, False
publish, False
pass, False
inventory, False
trail, True
log, False
tree, False
neural, False
simplify, False
extend, False
balance, False
tune, False
redesign, False
self, False
auto, False
meta, False
counter, False
well, False
EU, False
society, False
association, False
Minister, False
promote, False
amount, False
margin, False
continuity, False
connectivity, False
governance, False
border, False
effective, False
crowd, False
centralize, False
highly, False
generate, False
run, False
delay, False
view, True
editor, False
publisher, False
viewer, False
visitor, False
participant, False
desire, False
intend, False
seek, False
journal, False
newspaper, False
magazine, False
restriction, False
permission, False
glass, False
confusion, False
seem, False
want, True
look, False
attempt, False
aim, False
tend, False
try, True
start, False
begin, False
resemble, False
small, False
short, False
long, False
strong, False
fast, False
new, False
#, False
#, False
#, False
#, False
#, False
#, False
expand, False
say, True
aim, False
concentrate, False
depend, True
investigator, False
resident, False
lawyer, False
meet, False
clean, False
interrogation, False
screen, True
worker, False
specialist, False
partner, False
volunteer, False
fraud, False
forensic, False
threat, False
scene, False
fight, False
host, True
transmitter, False
outside, False
elsewhere, False
commit, False
conduct, False
tag, False
mark, False
therefore, False
thus, False
instead, False
advise, True
#, False
across, False
glance, False
least, False
justification, False
parliament, False
justice, False
consultation, False
target, False
mission, False
instruction, False
agreement, False
notation, False
linguistic, False
global, False
universal, False
statistical, False
cross, False
self, False
pre, False
determination, False
reliance, False
sustainability, False
discipline, False
esteem, False
efficacy, False
detail, False
support, True
comprise, False
encompasse, False
represent, False
path, False
determine, False
cover, False
allocate, False
prescribe, False
defendant, False
plaintiff, False
lawyer, False
prisoner, False
suspect, True
judge, False
inability, False
refusal, False
attempt, False
unable, False
requirement, True
grant, False
seek, False
deny, False
grant, False
entrance, False
admission, False
immunity, False
commit, False
declare, False
allege, False
prove, False
prevent, True
admit, False
correct, False
exclude, False
claim, False
constitute, False
constitute, False
congestion, False
limitation, False
denial, False
represent, False
determine, False
quality, False
trait, False
consideration, False
ad, False
employee, False
acceptance, False
approval, False
reliability, False
simplicity, False
consistency, False
successful, False
eventual, False
efficient, False
immediate, False
market, False
brand, False
public, False
social, False
its, False
private, False
certification, False
fulfill, False
bear, False
expectation, False
demand, False
obligation, False
take, True
take, True
full, False
advantage, False
charge, False
stock, False
responsibility, False
respective, False
diverse, False
differ, False
vary, False
routine, False
supply, False
assess, False
transportation, False
#, False
pathway, False
group, False
population, False
zone, False
band, False
logistic, False
entertainment, False
desire, False
association, False
enter, False
child, False
patient, False
follow, True
convention, False
issue, False
initiative, False
passage, False
satellite, False
ground, False
ip, False
h, False
t, False
dot, False
inch, False
scan, False
probe, False
min, False
computational, False
processor, False
you, False
one, False
he, False
we, False
player, False
it, False
extract, False
collect, False
hide, False
gather, False
acquire, False
steal, False
praise, False
thank, False
permit, True
ask, False
expect, True
direct, False
invite, False
urge, False
firm, False
visit, False
payment, False
purchase, False
trip, False
move, True
effort, False
arrangement, False
confirm, False
support, True
socket, False
optimization, False
another, False
engine, False
host, True
change, True
that, False
regulation, False
example, True
subject, True
restrict, False
adverse, False
confine, False
prone, False
email, False
call, False
tv, False
pc, False
caller, False
provider, False
wish, False
decide, True
agree, True
choose, False
continue, True
want, True
intend, False
like, False
initiate, False
suggest, False
mention, True
activation, False
attack, False
statement, False
record, False
chain, False
risk, False
reading, False
conduct, False
everyone, False
everybody, False
chief, False
chief, False
deputy, False
resident, False
volunteer, False
qualified, False
representative, False
worker, False
policeman, False
inspector, False
man, False
assistant, False
guard, False
subordinate, False
district, False
precinct, False
brigade, False
branch, False
county, False
headquarter, False
deal, False
deal, False
clash, False
meet, False
clash, False
consult, True
connect, False
work, False
patrol, False
engage, False
speak, False
retrieve, False
move, True
sunday, False
later, False
first, False
\\, False
early, False
#, False
#, False
10, False
#, False
#, False
12, False
#, False
#, False
#, False
#, False
#, False
#, False
#, False
#, False
#, False
#, False
semester, False
quarter, False
season, False
week, False
framework, False
base, True
test, False
ground, False
reference, True
bar, False
java, False
android, False
practitioner, False
flexible, False
a, False
most, False
any, False
another, False
expression, False
useful, False
inside, False
around, False
route, False
replace, False
supplement, False
associate, False
contrast, False
confuse, True
pair, False
synonymous, False
meaning, False
pilot, False
diver, False
observer, False
contingent, False
rely, False
depend, True
depend, True
conditional, False
depend, True
taste, False
nautical, False
maritime, False
marine, False
aviation, False
geographic, False
likelihood, False
explore, False
note, False
evaluate, False
#, False
#, False
#, False
#, False
#, False
team, False
force, False
command, False
branch, False
wing, False
section, False
Manual, False
give, True
grant, False
guarantee, False
army, False
detective, False
chief, False
engineer, False
chance, False
undertake, False
mount, False
begin, False
rule, False
standard, False
principle, True
protection, False
safety, False
strategy, False
automatic, False
control, False
autonomous, False
automation, False
autonomous, False
independence, False
autonomy, False
isolation, False
manipulation, False
attachment, False
adjustment, False
cluster, False
club, False
school, False
last, False
continue, True
begin, False
campus, False
companion, False
supplement, False
pdf, False
complement, False
port, False
Wikipedia, False
next, False
easy, False
equation, False
formula, False
similarity, False
#, False
illustrate, False
represent, False
depict, False
summarize, False
indicate, False
demonstrate, False
highlight, False
chart, False
table, False
we, False
un, False
com, False
teach, False
let, True
let, True
traveler, False
passenger, False
sailor, False
remember, False
forget, False
recall, False
land, False
come, True
live, False
walk, False
receive, False
release, False
get, True
calculate, False
analyze, False
anywhere, False
static, False
sample, False
font, False
explain, True
genus, False
foundation, False
forum, False
offer, False
protective, False
mechanical, False
lock, False
clean, False
remove, False
eliminate, False
destroy, False
replace, False
level, False
rating, False
zone, False
NSA, False
multiplayer, False
x, False
v, False
c, False
b, False
#, False
r, False
helpful, False
license, False
fully, False
rapid, False
dynamic, False
foster, False
coordination, False
technological, False
fast, False
innovation, False
innovative, False
government, False
representative, False
leader, False
institution, False
corporation, False
sector, False
enterprise, False
discipline, False
investigate, False
judge, False
progress, False
intention, False
attitude, False
contribute, False
listen, False
respond, False
agree, True
attend, False
commitment, False
reaction, False
attitude, False
belief, False
opinion, False
thought, True
derive, False
differentiate, False
far, False
apart, False
evident, False
observation, False
comment, False
decide, True
inform, True
advise, True
reflect, False
opinion, False
provision, True
radio, False
railway, False
tube, False
fill, False
gas, False
car, False
cruiser, False
significant, False
huge, False
vary, False
great, False
fix, False
proportion, True
firearm, False
curriculum, False
programme, False
govern, False
assess, False
certify, False
four, False
five, False
follow, False
usual, False
radar, False
protect, False
preserve, False
monitor, False
transmit, False
compromise, False
danger, False
spite, False
breakdown, False
shortage, False
destruction, False
disruption, False
theft, False
telecommunication, False
wireless, False
electrical, False
agreement, False
similarity, False
conflict, False
equality, False
problem, False
overview, False
imagery, False
description, False
discuss, False
conjunction, False
accordance, False
relation, False
balance, False
correlation, False
contact, False
exploration, False
ensure, True
expert, False
literature, False
#, False
noise, False
#, False
#, False
#, False
highlight, False
contrast, False
reveal, False
plot, False
mathematical, False
gap, False
overlap, False
gap, False
boundary, False
divide, False
angle, False
ratio, False
width, False
bit, False
together, False
grow, False
become, False
go, True
rotation, False
decomposition, False
growth, False
transformation, False
expansion, False
difficult, False
impossible, False
dangerous, False
problematic, False
inform, True
tell, False
remind, False
show, False
tell, False
remind, False
warn, False
conversation, False
segment, False
panel, False
grant, False
speaker, False
presenter, False
listener, False
guest, False
indication, False
reminder, False
viewpoint, False
#, False
recognise, False
realise, False
#, False
#, False
arrival, False
Monday, False
inspect, False
observe, False
examine, False
notify, False
disclose, False
freely, False
publicly, False
readily, False
safely, False
easily, False
widely, False
reasonably, False
hire, False
assist, True
consulting, False
engage, False
competent, False
observer, False
#, False
contractor, False
affiliation, False
consider, True
trigger, False
administrator, False
agent, True
system, False
program, False
administer, False
render, False
os, False
quickly, False
regularly, False
continuously, False
constantly, False
rapidly, False
separately, False
permanently, False
instantly, False
individually, False
upgrade, False
maximum, False
total, False
zero, False
online, False
critical, False
high, False
good, False
well, False
great, False
creative, False
conscious, False
mental, False
opportunity, True
capture, False
terrain, False
scenery, False
habitat, False
minimal, False
unlimited, False
faculty, False
brain, False
click, False
click, False
rely, False
click, False
rely, False
sit, False
turn, True
shoot, False
cartridge, False
weapon, False
gun, False
bomb, False
song, False
prompt, False
submit, True
receive, False
increase, False
promote, False
raise, False
build, False
reduce, False
maintain, True
decrease, False
welfare, False
sanitation, False
force, False
firefighter, False
politician, False
farmer, False
family, False
cut, False
lay, False
catch, False
push, False
sale, False
purchase, False
sale, False
acquisition, False
sum, False
pile, False
stack, False
collection, False
alcohol, False
good, True
metal, False
water, False
food, False
NFC, False
usb, False
Linux, False
primary, False
prefer, False
generally, False
page, True
letter, False
boundary, False
sheet, False
strip, False
leaf, False
chapter, False
variable, False
suit, False
orientation, True
raid, False
warrant, False
robbery, False
hear, False
lodge, False
dismiss, False
accept, True
reject, False
Congress, False
somebody, False
justice, False
oversee, False
commence, False
halt, False
appeal, False
investigative, False
inquiry, False
achieve, False
fulfil, False
reach, False
address, False
implement, False
satisfy, False
pursue, False
realize, False
balance, False
end, False
outcome, False
designer, False
suggestion, False
idea, False
tip, False
adjust, False
fit, False
alter, False
expand, False
affect, True
connect, False
free, False
design, False
special, False
electronic, False
support, True
smart, False
leave, False
bring, True
researcher, False
analyst, False
ask, False
permit, True
invite, False
answer, True
sort, False
sort, False
assignment, False
report, False
survey, False
report, False
type, True
quality, False
feature, False
classification, False
resolution, False
composition, False
study, False
analysis, False
shade, False
form, True
illustration, False
fly, False
board, False
handwriting, False
temporal, False
literary, False
height, False
cache, False
protect, False
suite, False
outline, False
outline, False
stage, False
phase, False
lack, False
employ, False
invite, False
challenge, False
engage, False
find, True
have, True
know, True
get, True
vocabulary, False
culture, False
leave, False
exclude, False
census, False
electoral, False
assumption, False
scrutiny, False
secrecy, False
legislation, True
deal, False
charge, False
arise, False
pertain, False
link, True
conflict, False
select, False
lense, False
expensive, False
complicated, False
care, False
exercise, False
assume, False
pay, False
eliminate, False
complication, False
accident, False
mistake, False
crash, False
bug, False
illustration, False
press, False
press, False
tap, False
push, False
press, False
#, False
#, False
camera, True
buffer, False
#, False
wall, False
flip, False
merge, False
move, True
overlap, False
extraction, False
miss, False
link, True
towards, False
proposal, False
those, False
open, True
shop, True
glass, False
office, False
house, False
studio, False
gallery, False
wrap, False
qualify, False
convince, False
candidate, False
voter, False
contestant, False
member, False
parent, False
fan, False
compression, False
preservation, False
encode, False
#, False
regulation, False
agreement, False
airport, False
broadband, False
, False
word, True
name, False
value, False
derive, False
arise, False
come, True
p, False
bracket, False
x, False
when, False
how, False
where, False
differentiation, False
adaptation, False
evolution, False
adaptation, False
equally, False
particularly, False
clearly, False
therapist, False
add, True
show, False
put, True
medical, False
western, False
knife, False
corner, False
be, False
building, False
as, False
coordinate, False
road, False
comprehensive, False
Map, False
guide, False
geographical, False
historical, False
geological, False
architectural, False
regional, False
city, False
sea, False
topography, False
weather, False
landscape, False
suitable, False
recommend, False
produce, True
visually, False
ship, False
extent, False
abstract, False
abbreviate, False
aerial, False
art, False
skip, False
flat, False
blank, False
cheat, False
skip, False
black, False
pad, False
miss, False
quick, False
good, False
activate, False
go, True
go, True
lead, True
cut, False
landmark, False
legacy, False
lead, True
#, False
#, False
#, False
#, False
central, False
root, False
service, False
deploy, False
alternate, False
standard, False
equal, False
equivalent, False
additional, False
logical, False
complementary, False
representation, False
film, False
animation, False
video, False
movie, False
music, False
drawing, False
film, False
compatible, False
image, True
line, False
file, True
area, False
chart, False
picture, False
book, False
paper, True
photo, False
mixed, False
match, False
correspond, False
small, False
scene, False
mark, False
decorate, False
disturb, False
disrupt, False
print, False
ad, False
denote, False
bold, False
italic, False
vertical, False
fuzzy, False
rough, False
plain, False
ink, False
solid, False
drag, False
lift, False
resistance, False
fatigue, False
wear, False
load, False
motion, False
directory, False
arrangement, False
position, False
geometry, False
everything, False
map, False
trust, False
place, False
pace, False
surface, False
resolve, False
reach, False
list, True
note, False
begin, False
margin, False
clue, False
answer, True
shelf, False
teach, False
license, False
several, False
transit, False
choice, False
lane, False
exit, False
shipping, False
refer, False
geography, False
accommodate, False
marketing, False
#, False
#, False
#, False
#, False
#, False
#, False
clock, False
contract, False
calendar, False
average, False
destroy, False
contain, True
transparent, False
target, False
Unix, False
aware, False
impose, False
overhead, False
censorship, False
penalty, False
barrier, False
release, False
hide, False
private, False
center, False
exceed, False
00, False
span, False
server, False
person, True
player, False
driver, False
seek, False
lose, False
gain, False
refuse, False
deny, False
receive, False
reply, False
pay, False
ask, False
wait, False
six, False
rank, False
let, True
jury, False
gather, False
accuse, False
witness, False
victim, False
terrorist, False
vice, False
homicide, False
innocent, False
literacy, False
#, False
#, False
#, False
#, False
#, False
#, False
criticism, False
respect, False
syntax, False
spelling, False
grammar, False
morphology, False
pronunciation, False
rhythm, False
prose, False
lose, False
compromise, False
harm, False
ruin, False
threaten, False
limit, False
read, False
spread, False
fold, False
stretch, False
spread, False
compress, False
scatter, False
row, False
region, False
circulation, False
publisher, False
printer, False
copyright, False
reproduction, False
version, False
replica, False
save, False
antenna, False
judge, False
deem, False
reception, False
station, False
situate, False
and, False
create, False
transform, False
treat, False
produce, True
vary, False
ethnic, False
demographic, False
office, False
department, False
Bureau, False
committee, False
board, False
manage, False
extend, False
proceeding, False
meeting, False
conduct, False
fill, False
post, False
inadequate, False
assumption, False
recommendation, False
sufficiently, False
directorate, False
director, False
oversee, False
monitor, False
lead, True
organize, False
develop, False
identify, False
challenge, False
cover, False
fall, False
precedence, False
place, False
preparation, False
assessment, False
acceleration, False
attain, False
chip, False
one, False
the, False
and, False
as, False
in, False
survival, False
of, False
ACT, False
ii, False
be, False
#, False
exploit, False
scientist, False
inspect, False
evaluate, False
examine, False
suppose, False
ground, False
premise, False
hypothesis, False
decade, False
correlate, False
comparable, False
high, False
low, False
decrease, False
drawing, False
build, False
found, False
accord, False
operate, False
theorem, False
completely, False
explicitly, False
properly, False
strongly, False
de, False
semi, False
story, False
#, False
#, False
#, False
review, False
archive, False
family, False
board, False
paper, True
refuse, False
wait, False
tend, False
scan, False
translate, False
install, False
percent, False
mb, False
mm, False
clean, False
money, False
death, False
love, False
education, False
fear, False
comply, False
correspond, False
coincide, False
cooperate, False
accord, False
•, False
erase, False
impose, False
force, False
inflict, False
friend, False
motive, False
conspiracy, False
help, True
ask, False
construct, False
profile, False
biography, False
already, False
succeed, False
stand, False
recording, False
rather, False
disk, False
surveillance, False
authority, False
Act, False
scheme, False
stand, False
alliance, False
ally, False
interpreter, False
intermediate, False
complain, False
complain, False
complain, False
protester, False
reflect, False
label, False
origin, False
imply, False
influence, False
recognize, False
header, False
unlike, False
signature, False
contributor, False
enough, False
touch, False
view, True
video, False
flat, False
patch, False
#, False
script, False
omit, False
ignore, False
discontinue, False
discourage, False
ban, False
delete, False
silent, False
close, False
overlook, False
hint, False
insight, False
3d, False
specifically, False
research, False
handbook, False
interact, False
combine, False
utilize, False
incorporate, False
variety, True
manufacture, False
surgical, False
reflect, False
suggest, False
advertising, False
patent, False
contract, False
deny, False
afford, False
correspondence, False
inherent, False
library, False
likely, False
liable, False
believe, True
advise, True
#, False
operation, False
deficiency, False
injury, False
weakness, False
harmful, False
attribute, False
happen, True
fatal, False
destructive, False
trace, False
catastrophic, False
logic, False
linear, False
academic, False
separate, False
isolate, False
detach, False
disconnect, False
intensive, False
mining, False
county, False
division, False
territory, False
deed, False
population, False
caste, False
tribal, False
clan, False
tribe, False
power, False
municipality, False
religion, False
religion, False
religious, False
etc, False
debate, False
surround, False
terminate, False
project, False
work, False
application, False
fraction, False
thread, False
register, False
multi, False
dual, False
per, False
count, False
file, False
title, True
personal, False
business, False
property, True
category, False
publishing, False
have, True
read, False
both, False
order, False
researcher, False
please, False
critic, False
perceive, False
incoming, False
vector, False
net, False
small, False
individual, False
large, False
real, False
complex, False
major, False
global, False
principal, False
average, False
loss, False
expense, False
spend, False
profit, False
heal, False
stem, False
distract, True
injury, False
abuse, False
#, False
bus, False
easy, False
discovery, False
youtube, False
blog, False
blog, False
popular, False
phenomenon, False
unique, False
acknowledge, False
conceal, False
existence, False
validity, False
whereabout, False
reply, False
declaration, False
precede, False
characterize, False
remark, False
quote, False
announcement, False
estimate, False
put, True
monitor, False
