date,TRUE
date,TRUE
#,FALSE
cost,TRUE
order,TRUE
year,TRUE
#,FALSE
#,FALSE
form,TRUE
#,FALSE
number,TRUE
type,TRUE
#,FALSE
percentage,TRUE
death,FALSE
default,FALSE
birth,FALSE
Walkover,FALSE
retirement,FALSE
incumbent,FALSE
release,TRUE
unknown,FALSE
division,FALSE
adoption,FALSE
marriage,FALSE
note,TRUE
see,TRUE
note,TRUE
list,FALSE
name,TRUE
doctor,FALSE
current,FALSE
status,FALSE
key,FALSE
report,TRUE
and,FALSE
#,FALSE
#,FALSE
official,FALSE
place,FALSE
other,FALSE
#,FALSE
code,FALSE
end,TRUE
last,FALSE
#,FALSE
no,FALSE
only,FALSE
for,FALSE
#,FALSE
not,FALSE
please,FALSE
file,FALSE
unknown,FALSE
of,FALSE
with,FALSE
contact,FALSE
have,FALSE
know,TRUE
against,FALSE
ID,FALSE
sex,FALSE
birth,FALSE
death,FALSE
health,FALSE
identity,FALSE
medical,FALSE
hospital,FALSE
child,FALSE
human,FALSE
citizen,FALSE
person,TRUE
#,FALSE
Nurse,FALSE
survivor,FALSE
drug,FALSE
none,FALSE
test,TRUE
law,TRUE
method,TRUE
patent,FALSE
system,TRUE
technique,TRUE
concept,TRUE
theory,FALSE
term,TRUE
rule,TRUE
idea,TRUE
project,TRUE
principle,TRUE
technology,FALSE
program,TRUE
use,TRUE
implement,TRUE
apply,TRUE
adopt,TRUE
develop,TRUE
test,TRUE
perform,TRUE
demonstrate,FALSE
repeat,FALSE
study,FALSE
patent,FALSE
deploy,FALSE
employ,FALSE
follow,TRUE
utilize,FALSE
1960,FALSE
mid,FALSE
six,FALSE
60,FALSE
1950,FALSE
1970s,FALSE
nineteen,FALSE
five,FALSE
twenty,FALSE
six,FALSE
forty,FALSE
1980s,FALSE
1940,FALSE
1965,FALSE
1975,FALSE
1990s,FALSE
90,FALSE
80,FALSE
70,FALSE
2000,FALSE
decade,FALSE
era,FALSE
today,FALSE
year,TRUE
2000,FALSE
accord,TRUE
due,FALSE
similar,FALSE
compare,TRUE
similarly,FALSE
as,FALSE
prior,FALSE
next,FALSE
accord,TRUE
depend,TRUE
refer,TRUE
set,TRUE
different,FALSE
up,FALSE
client,FALSE
patient,FALSE
customer,TRUE
provider,TRUE
donor,FALSE
host,TRUE
individual,FALSE
owner,FALSE
physician,FALSE
participant,FALSE
user,TRUE
case,TRUE
consumer,FALSE
victim,FALSE
person,TRUE
#,FALSE
location,TRUE
number,TRUE
time,TRUE
#,FALSE
#,FALSE
#,FALSE
#,FALSE
#,FALSE
#,FALSE
type,TRUE
#,FALSE
#,FALSE
preference,FALSE
category,TRUE
group,TRUE
status,TRUE
need,TRUE
experience,TRUE
background,FALSE
size,FALSE
choice,FALSE
family,TRUE
relationship,FALSE
type,TRUE
partner,FALSE
spouse,FALSE
friend,FALSE
parent,FALSE
husband,FALSE
guest,FALSE
wife,FALSE
doctor,FALSE
boyfriend,FALSE
employee,FALSE
server,TRUE
visitor,FALSE
resident,FALSE
consultant,FALSE
dependent,FALSE
associate,TRUE
recipient,FALSE
therapist,FALSE
staff,TRUE
service,TRUE
well,FALSE
,FALSE
child,FALSE
requirement,TRUE
information,TRUE
detail,FALSE
guideline,FALSE
datum,TRUE
rule,TRUE
code,TRUE
website,TRUE
database,TRUE
criterion,TRUE
specification,FALSE
need,TRUE
page,FALSE
instruction,FALSE
coordinate,FALSE
profile,FALSE
contact,TRUE
diagnosis,FALSE
response,TRUE
treatment,FALSE
testing,TRUE
population,TRUE
subject,TRUE
image,FALSE
file,TRUE
video,TRUE
software,TRUE
program,TRUE
video,FALSE
device,TRUE
film,TRUE
sequence,FALSE
picture,FALSE
event,TRUE
tool,TRUE
screen,FALSE
service,TRUE
consistent,FALSE
associate,TRUE
provide,TRUE
compatible,FALSE
show,TRUE
specify,TRUE
identify,TRUE
available,FALSE
share,TRUE
define,TRUE
describe,TRUE
base,TRUE
indicate,TRUE
end,TRUE
name,TRUE
list,TRUE
couple,FALSE
name,TRUE
length,FALSE
good,FALSE
time,TRUE
frequency,TRUE
amount,TRUE
a,FALSE
q,FALSE
the,FALSE
#,FALSE
t,FALSE
m,FALSE
r,FALSE
system,TRUE
model,TRUE
structure,TRUE
engine,FALSE
application,TRUE
ship,FALSE
vehicle,FALSE
unit,TRUE
design,TRUE
machine,TRUE
vessel,FALSE
instrument,FALSE
case,TRUE
feature,TRUE
make,TRUE
publish,TRUE
read,TRUE
obtain,TRUE
hear,FALSE
see,TRUE
view,TRUE
cite,FALSE
review,TRUE
find,TRUE
update,FALSE
receive,TRUE
give,TRUE
qualified,FALSE
private,FALSE
independent,FALSE
commercial,FALSE
license,FALSE
professional,FALSE
public,FALSE
mobile,FALSE
local,FALSE
internet,FALSE
internet,FALSE
person,TRUE
candidate,TRUE
member,TRUE
personnel,FALSE
applicant,FALSE
individual,TRUE
student,FALSE
company,TRUE
team,TRUE
mean,TRUE
candidate,FALSE
organization,TRUE
party,FALSE
people,TRUE
editor,FALSE
compiler,FALSE
algorithm,FALSE
player,TRUE
game,TRUE
application,TRUE
reader,FALSE
operator,FALSE
computer,TRUE
use,TRUE
change,TRUE
include,TRUE
recognize,FALSE
handle,TRUE
determine,TRUE
represent,TRUE
create,TRUE
generate,TRUE
take,TRUE
identify,TRUE
find,TRUE
replace,FALSE
display,TRUE
operation,TRUE
creation,FALSE
#,FALSE
representation,FALSE
identity,FALSE
work,TRUE
#,FALSE
identification,TRUE
motion,FALSE
movement,FALSE
search,FALSE
follow,TRUE
two,FALSE
character,FALSE
price,TRUE
fee,FALSE
value,TRUE
money,FALSE
rate,TRUE
payment,TRUE
value,FALSE
quantity,FALSE
worth,FALSE
sum,FALSE
use,FALSE
volume,FALSE
payment,TRUE
transaction,TRUE
sale,TRUE
deposit,FALSE
purchase,TRUE
pay,TRUE
interest,TRUE
reservation,FALSE
charge,FALSE
pay,TRUE
transaction,TRUE
settlement,FALSE
item,TRUE
loan,FALSE
amount,TRUE
income,FALSE
cash,FALSE
revenue,FALSE
production,TRUE
contribution,FALSE
zero,FALSE
free,FALSE
low,FALSE
engine,FALSE
platform,FALSE
hardware,FALSE
product,TRUE
design,TRUE
graphic,FALSE
architecture,FALSE
run,TRUE
build,TRUE
run,TRUE
instal,FALSE
support,TRUE
host,TRUE
manufacture,FALSE
release,TRUE
#,FALSE
#,FALSE
#,FALSE
#,FALSE
#,FALSE
it,FALSE
screen,FALSE
cover,TRUE
version,TRUE
#,FALSE
page,FALSE
open,FALSE
3d,FALSE
2d,FALSE
digital,FALSE
lead,TRUE
transparent,FALSE
improve,FALSE
functional,FALSE
integrate,FALSE
red,FALSE
simple,FALSE
paint,FALSE
interactive,FALSE
interface,FALSE
support,TRUE
mode,FALSE
#,FALSE
#,FALSE
#,FALSE
control,TRUE
render,FALSE
input,FALSE
view,TRUE
recognition,FALSE
company,TRUE
buyer,FALSE
manufacturer,FALSE
seller,FALSE
buyer,FALSE
retailer,FALSE
firm,FALSE
winner,FALSE
applicant,TRUE
producer,FALSE
customer,TRUE
vendor,FALSE
send,TRUE
give,TRUE
transfer,TRUE
report,TRUE
trace,FALSE
submit,TRUE
pass,TRUE
bring,FALSE
provide,TRUE
transmit,FALSE
email,FALSE
hand,TRUE
deliver,FALSE
return,TRUE
technical,FALSE
sale,TRUE
distribution,TRUE
film,TRUE
marketing,FALSE
final,FALSE
financial,FALSE
security,TRUE
result,TRUE
report,TRUE
proceed,FALSE
order,TRUE
contract,FALSE
request,TRUE
record,TRUE
order,TRUE
package,FALSE
agreement,FALSE
contract,FALSE
document,TRUE
distributor,FALSE
receiver,FALSE
publisher,FALSE
director,FALSE
agency,TRUE
student,TRUE
court,TRUE
judge,FALSE
contestant,FALSE
Judge,FALSE
declare,FALSE
register,FALSE
accept,TRUE
get,TRUE
receive,TRUE
maintain,TRUE
leave,TRUE
verify,TRUE
state,TRUE
enter,TRUE
mark,FALSE
submit,FALSE
letter,FALSE
document,TRUE
yes,FALSE
valid,FALSE
positive,FALSE
negative,FALSE
yes,FALSE
well,FALSE
invalid,FALSE
correct,FALSE
acceptable,FALSE
TRUE,FALSE
appropriate,FALSE
go,TRUE
move,TRUE
reply,FALSE
proceed,FALSE
come,TRUE
send,TRUE
log,FALSE
head,FALSE
switch,FALSE
one,FALSE
you,FALSE
we,FALSE
they,FALSE
player,TRUE
he,FALSE
one,FALSE
People,FALSE
user,TRUE
team,TRUE
this,FALSE
anyone,FALSE
also,FALSE
always,FALSE
apply,TRUE
depend,TRUE
depend,TRUE
depend,TRUE
base,TRUE
depend,TRUE
conditional,FALSE
evaluate,FALSE
calculate,TRUE
contingent,FALSE
coefficient,FALSE
probability,FALSE
decision,TRUE
error,FALSE
square,FALSE
numerical,FALSE
•,FALSE
requirement,TRUE
procedure,FALSE
basis,FALSE
option,TRUE
facility,FALSE
monthly,FALSE
annual,FALSE
periodic,FALSE
mandatory,FALSE
another,FALSE
electronic,FALSE
automatic,FALSE
special,FALSE
#,FALSE
check,FALSE
compliance,FALSE
audit,FALSE
point,TRUE
balance,FALSE
integrity,FALSE
adjustment,FALSE
date,TRUE
adjustment,FALSE
restriction,FALSE
fix,TRUE
provision,FALSE
change,TRUE
point,TRUE
condition,TRUE
set,TRUE
collection,FALSE
registration,FALSE
availability,FALSE
selection,FALSE
supply,TRUE
validity,FALSE
eligibility,FALSE
duration,FALSE
study,TRUE
approval,FALSE
residence,FALSE
notice,FALSE
implementation,FALSE
include,TRUE
place,TRUE
purchase,TRUE
sell,TRUE
carry,TRUE
accept,TRUE
register,FALSE
enrol,FALSE
pay,TRUE
issue,TRUE
process,TRUE
event,TRUE
competition,TRUE
election,FALSE
future,TRUE
scheme,FALSE
market,TRUE
process,TRUE
trial,FALSE
lottery,FALSE
remove,TRUE
introduce,TRUE
unchanged,FALSE
master,FALSE
professional,FALSE
pro,FALSE
International,FALSE
special,FALSE
personal,FALSE
full,FALSE
assistant,FALSE
officer,FALSE
Knight,FALSE
senior,FALSE
certify,FALSE
to,FALSE
must,FALSE
store,TRUE
company,TRUE
must,FALSE
always,FALSE
shall,FALSE
maintain,TRUE
produce,TRUE
publish,TRUE
make,TRUE
establish,TRUE
comprehensive,FALSE
complete,FALSE
detail,FALSE
separate,FALSE
full,FALSE
reference,TRUE
wait,FALSE
short,FALSE
partial,FALSE
brief,FALSE
resource,FALSE
schedule,FALSE
history,TRUE
record,TRUE
guide,FALSE
file,TRUE
manual,FALSE
calendar,FALSE
sheet,FALSE
include,TRUE
contain,TRUE
show,TRUE
feature,TRUE
title,TRUE
brand,FALSE
address,TRUE
origin,FALSE
source,TRUE
position,FALSE
supplier,FALSE
label,FALSE
model,TRUE
place,TRUE
day,TRUE
country,TRUE
month,FALSE
week,TRUE
site,FALSE
route,FALSE
manufacture,FALSE
delivery,FALSE
launch,FALSE
manufacture,FALSE
business,TRUE
age,TRUE
city,TRUE
occupation,FALSE
way,TRUE
quality,TRUE
manner,FALSE
standard,TRUE
style,FALSE
reason,TRUE
hour,FALSE
ownership,FALSE
artist,FALSE
product,TRUE
movie,FALSE
classification,FALSE
understand,FALSE
diagnostic,FALSE
evaluation,FALSE
report,TRUE
management,TRUE
descriptive,FALSE
measurement,FALSE
purpose,TRUE
accuracy,FALSE
efficiency,FALSE
capacity,FALSE
performance,TRUE
time,TRUE
method,TRUE
standard,TRUE
emphasis,FALSE
effect,FALSE
suffix,FALSE
word,TRUE
feature,TRUE
article,TRUE
character,FALSE
accent,FALSE
element,TRUE
mean,TRUE
prefix,FALSE
ground,FALSE
table,TRUE
paper,FALSE
face,TRUE
whole,FALSE
right,TRUE
field,FALSE
department,TRUE
Institute,FALSE
hospital,FALSE
institute,FALSE
department,FALSE
library,FALSE
centre,FALSE
school,FALSE
centre,FALSE
institution,FALSE
bank,TRUE
laboratory,FALSE
Commission,FALSE
ability,TRUE
capability,TRUE
power,TRUE
responsibility,FALSE
authority,TRUE
mandate,FALSE
potential,FALSE
function,TRUE
capability,TRUE
possibility,FALSE
mission,FALSE
scope,FALSE
function,TRUE
collect,TRUE
conduct,TRUE
prepare,TRUE
issue,TRUE
review,TRUE
undertake,FALSE
facility,FALSE
resource,FALSE
solution,FALSE
main,FALSE
next,FALSE
home,FALSE
tv,FALSE
top,FALSE
view,TRUE
new,FALSE
#,FALSE
general,TRUE
responsible,FALSE
concern,FALSE
involve,FALSE
typically,FALSE
#,FALSE
chance,FALSE
window,FALSE
button,FALSE
key,TRUE
link,TRUE
monitor,FALSE
follow,TRUE
see,TRUE
update,FALSE
describe,TRUE
contain,TRUE
datum,FALSE
Chart,FALSE
schedule,TRUE
#,FALSE
staff,FALSE
guide,FALSE
view,FALSE
report,FALSE
figure,FALSE
service,FALSE
statistic,FALSE
station,FALSE
store,TRUE
channel,FALSE
relevant,FALSE
additional,FALSE
various,FALSE
specific,FALSE
section,TRUE
box,FALSE
km,FALSE
segment,FALSE
unit,TRUE
part,TRUE
mw,FALSE
copy,TRUE
tier,FALSE
piece,FALSE
generation,FALSE
percent,FALSE
phase,TRUE
range,TRUE
series,TRUE
world,TRUE
album,FALSE
office,FALSE
level,TRUE
entry,FALSE
part,TRUE
table,FALSE
version,FALSE
class,TRUE
step,TRUE
level,TRUE
exit,FALSE
section,TRUE
default,FALSE
basic,FALSE
goal,FALSE
command,FALSE
initial,FALSE
policy,FALSE
structure,TRUE
aspect,FALSE
aspect,FALSE
network,TRUE
device,TRUE
module,TRUE
app,FALSE
focus,TRUE
center,TRUE
locate,TRUE
disease,FALSE
cancer,FALSE
condition,TRUE
illness,FALSE
infection,FALSE
problem,FALSE
wound,FALSE
injury,FALSE
virus,FALSE
fever,FALSE
pain,FALSE
tumor,FALSE
treat,TRUE
infect,FALSE
healthy,FALSE
admit,FALSE
ready,FALSE
sick,FALSE
present,FALSE
cure,TRUE
safe,FALSE
immune,FALSE
conscious,FALSE
doctor,TRUE
authority,TRUE
nurse,FALSE
clinic,FALSE
government,TRUE
surgeon,FALSE
gp,FALSE
government,FALSE
refer,TRUE
transport,FALSE
admit,FALSE
ship,FALSE
direct,TRUE
assign,TRUE
patient,TRUE
treatment,TRUE
body,TRUE
matter,FALSE
cause,TRUE
result,TRUE
latter,FALSE
system,FALSE
machine,FALSE
processor,FALSE
show,TRUE
allow,TRUE
detect,FALSE
platform,FALSE
computer,TRUE
server,TRUE
task,FALSE
user,TRUE
occasion,FALSE
node,FALSE
network,TRUE
domain,FALSE
subject,TRUE
every,FALSE
memory,FALSE
acquisition,FALSE
exchange,FALSE
processing,FALSE
entry,TRUE
transmission,FALSE
analysis,TRUE
storage,FALSE
record,TRUE
capture,FALSE
conversion,FALSE
operation,TRUE
period,TRUE
procedure,TRUE
process,TRUE
period,TRUE
analyze,TRUE
hold,TRUE
different,FALSE
certain,FALSE
communication,FALSE
#,FALSE
these,FALSE
many,FALSE
they,FALSE
those,FALSE
we,FALSE
Us,FALSE
launch,FALSE
certify,FALSE
report,TRUE
produce,TRUE
announce,TRUE
approve,TRUE
acquire,FALSE
present,TRUE
management,TRUE
much,FALSE
development,TRUE
most,FALSE
maintenance,FALSE
each,FALSE
analysis,TRUE
control,TRUE
administration,FALSE
assessment,TRUE
regulation,TRUE
application,TRUE
creation,FALSE
found,FALSE
rely,TRUE
focus,TRUE
concentrate,FALSE
lose,FALSE
party,TRUE
author,FALSE
practitioner,FALSE
officer,FALSE
entity,FALSE
attorney,FALSE
modify,TRUE
alter,FALSE
add,TRUE
extend,FALSE
repeat,FALSE
reverse,FALSE
insert,FALSE
repeal,FALSE
remove,TRUE
adjust,FALSE
withdraw,FALSE
restore,FALSE
cancel,FALSE
necessary,FALSE
possible,FALSE
require,TRUE
score,FALSE
average,FALSE
score,FALSE
outcome,FALSE
member,TRUE
pilot,FALSE
preliminary,FALSE
original,FALSE
development,TRUE
plan,TRUE
early,FALSE
2012,FALSE
trial,FALSE
study,TRUE
test,TRUE
construction,FALSE
estimate,FALSE
expect,TRUE
reveal,TRUE
state,TRUE
decide,TRUE
confirm,FALSE
say,TRUE
determine,TRUE
plan,TRUE
agree,FALSE
project,TRUE
assume,FALSE
think,FALSE
budget,FALSE
operational,FALSE
stage,FALSE
round,FALSE
plant,FALSE
batch,FALSE
programme,FALSE
plan,TRUE
vehicle,FALSE
project,TRUE
car,FALSE
locomotive,FALSE
bus,FALSE
aircraft,FALSE
item,TRUE
copy,FALSE
ticket,FALSE
deliver,TRUE
need,TRUE
allocate,FALSE
distribute,FALSE
sub,FALSE
micro,FALSE
mini,FALSE
e,FALSE
b,FALSE
v,FALSE
s,FALSE
g,FALSE
f,FALSE
multi,FALSE
pre,FALSE
20,FALSE
c,FALSE
opportunity,FALSE
flexibility,FALSE
option,TRUE
expand,FALSE
continue,TRUE
adapt,FALSE
try,TRUE
operate,TRUE
compete,FALSE
develop,TRUE
upgrade,FALSE
help,TRUE
grow,FALSE
manage,TRUE
increase,TRUE
improve,TRUE
meet,TRUE
accommodate,FALSE
suit,FALSE
serve,FALSE
fit,FALSE
satisfy,FALSE
match,FALSE
fulfill,FALSE
facilitate,FALSE
reflect,FALSE
cost,TRUE
fund,FALSE
demand,TRUE
activity,TRUE
equipment,FALSE
expense,FALSE
maintenance,FALSE
logistic,FALSE
infrastructure,FALSE
technological,FALSE
step,TRUE
therapy,FALSE
session,FALSE
surgery,FALSE
priority,FALSE
practice,FALSE
know,TRUE
consider,TRUE
call,TRUE
do,TRUE
designate,FALSE
regard,TRUE
take,TRUE
hold,TRUE
count,FALSE
animal,FALSE
inform,FALSE
invite,FALSE
interested,FALSE
attend,FALSE
battery,FALSE
weapon,FALSE
call,TRUE
agent,TRUE
threat,FALSE
activate,FALSE
replace,TRUE
terminate,FALSE
change,TRUE
renew,FALSE
alter,FALSE
retain,FALSE
buy,TRUE
modify,TRUE
disable,FALSE
delete,FALSE
destroy,FALSE
inactive,FALSE
inactivate,FALSE
damage,FALSE
unavailable,FALSE
block,FALSE
employee,FALSE
stock,FALSE
office,TRUE
crew,FALSE
job,TRUE
skill,FALSE
class,TRUE
category,TRUE
characteristic,FALSE
number,TRUE
card,TRUE
inventory,FALSE
UK,FALSE
manager,FALSE
administrator,FALSE
skill,FALSE
respond,FALSE
talk,FALSE
speak,FALSE
communicate,FALSE
leader,FALSE
select,TRUE
introduce,TRUE
learn,TRUE
obtain,TRUE
discover,FALSE
evaluate,FALSE
hire,FALSE
desk,FALSE
class,TRUE
form,TRUE
master,TRUE
room,FALSE
#,FALSE
#,FALSE
#,FALSE
#,FALSE
#,FALSE
#,FALSE
#,FALSE
#,FALSE
#,FALSE
dismiss,FALSE
deny,FALSE
reject,FALSE
hear,FALSE
approve,FALSE
investigate,FALSE
question,TRUE
draft,FALSE
bill,FALSE
documentary,FALSE
team,TRUE
book,TRUE
share,TRUE
coordinate,FALSE
relay,FALSE
distribute,FALSE
connect,TRUE
split,FALSE
convey,FALSE
flow,FALSE
importance,FALSE
majority,FALSE
impact,FALSE
bulk,FALSE
momentum,FALSE
attention,FALSE
agreement,TRUE
relationship,FALSE
transfer,TRUE
deal,FALSE
arrangement,FALSE
negotiation,FALSE
exchange,FALSE
#,FALSE
#,FALSE
#,FALSE
it,TRUE
#,FALSE
#,FALSE
research,TRUE
#,FALSE
#,FALSE
agent,FALSE
manager,FALSE
#,FALSE
#,FALSE
partner,FALSE
agency,FALSE
representative,FALSE
office,TRUE
Bureau,FALSE
center,FALSE
#,FALSE
department,TRUE
industry,FALSE
other,TRUE
IBM,FALSE
camera,FALSE
footage,FALSE
camera,FALSE
know,TRUE
reveal,FALSE
track,TRUE
image,TRUE
role,TRUE
essence,FALSE
personality,FALSE
voice,FALSE
enable,TRUE
require,TRUE
assist,TRUE
aid,TRUE
permit,TRUE
lead,TRUE
allow,TRUE
force,FALSE
encourage,TRUE
allow,TRUE
sale,FALSE
business,FALSE
marketing,FALSE
operation,FALSE
research,FALSE
community,TRUE
effort,FALSE
organization,TRUE
assess,TRUE
predict,FALSE
understand,TRUE
measure,TRUE
dynamic,FALSE
responsibility,FALSE
action,TRUE
team,FALSE
group,FALSE
company,TRUE
division,FALSE
manager,FALSE
service,FALSE
article,TRUE
among,FALSE
regard,TRUE
country,TRUE
group,TRUE
treatment,TRUE
factor,FALSE
approach,TRUE
finding,FALSE
source,TRUE
water,FALSE
get,FALSE
sample,FALSE
symptom,FALSE
severity,FALSE
prevalence,FALSE
prevention,FALSE
assessment,FALSE
risk,FALSE
detection,FALSE
care,TRUE
medical,FALSE
clinical,FALSE
health,TRUE
assess,TRUE
monitor,TRUE
well,FALSE
good,FALSE
10,FALSE
digit,FALSE
digit,FALSE
place,TRUE
figure,FALSE
count,FALSE
access,TRUE
injection,FALSE
medication,FALSE
recommend,FALSE
prescribe,FALSE
discontinue,FALSE
withdraw,FALSE
desire,FALSE
correspond,FALSE
unique,FALSE
directory,FALSE
component,TRUE
section,TRUE
element,TRUE
p,FALSE
cross,FALSE
co,FALSE
meta,FALSE
counter,FALSE
pseudo,FALSE
auto,FALSE
property,FALSE
step,TRUE
plot,FALSE
use,TRUE
functionality,TRUE
code,TRUE
parameter,FALSE
power,TRUE
field,TRUE
block,FALSE
specify,TRUE
define,TRUE
indicate,TRUE
denote,FALSE
target,TRUE
index,FALSE
license,FALSE
build,TRUE
block,FALSE
#,FALSE
address,TRUE
value,TRUE
location,TRUE
attribute,FALSE
sort,FALSE
carry,TRUE
purchase,TRUE
accounting,FALSE
revenue,FALSE
net,FALSE
cash,FALSE
immediate,FALSE
account,TRUE
total,FALSE
actual,FALSE
card,TRUE
link,TRUE
table,TRUE
example,TRUE
reader,FALSE
download,FALSE
compare,TRUE
combination,FALSE
knowledge,FALSE
definition,TRUE
list,TRUE
product,TRUE
distribution,TRUE
price,TRUE
market,TRUE
publisher,FALSE
server,FALSE
buy,FALSE
#,FALSE
more,FALSE
same,FALSE
#,FALSE
follow,TRUE
day,TRUE
term,TRUE
moment,FALSE
line,TRUE
publication,FALSE
execution,FALSE
composition,FALSE
appointment,FALSE
#,FALSE
minimum,FALSE
retail,FALSE
wholesale,FALSE
base,TRUE
start,TRUE
maximum,FALSE
set,TRUE
operate,FALSE
description,FALSE
rating,FALSE
definition,FALSE
drug,TRUE
#,FALSE
#,FALSE
#,FALSE
#,FALSE
tool,TRUE
driver,FALSE
aim,TRUE
want,FALSE
attempt,TRUE
start,TRUE
begin,TRUE
ask,TRUE
inform,FALSE
reach,TRUE
alert,FALSE
consult,FALSE
tell,FALSE
three,FALSE
exact,FALSE
immediately,FALSE
four,FALSE
ten,FALSE
personal,FALSE
command,FALSE
text,TRUE
direction,FALSE
character,FALSE
category,FALSE
general,FALSE
source,FALSE
iso,FALSE
production,FALSE
world,FALSE
cut,FALSE
print,TRUE
write,TRUE
drop,FALSE
roll,FALSE
cast,FALSE
print,FALSE
sign,TRUE
write,TRUE
fall,FALSE
allow,TRUE
effective,FALSE
put,TRUE
easy,FALSE
impose,FALSE
illegal,FALSE
spend,FALSE
due,FALSE
regard,TRUE
comparison,FALSE
submission,FALSE
contrary,FALSE
presentation,FALSE
amendment,FALSE
sign,TRUE
legal,FALSE
slip,FALSE
tie,FALSE
file,TRUE
grant,FALSE
claim,TRUE
bring,FALSE
establish,TRUE
create,TRUE
lodge,FALSE
propose,FALSE
paper,FALSE
review,FALSE
conference,FALSE
decision,TRUE
agreement,FALSE
chapter,FALSE
project,FALSE
programme,FALSE
workshop,FALSE
study,FALSE
draft,FALSE
volume,FALSE
issue,FALSE
№,FALSE
year,FALSE
phase,FALSE
Vol,FALSE
panel,FALSE
11,FALSE
12,FALSE
14,FALSE
15,FALSE
2013,FALSE
2014,FALSE
13,FALSE
2015,FALSE
17,FALSE
19,FALSE
2011,FALSE
18,FALSE
21,FALSE
30,FALSE
conduct,TRUE
prepare,TRUE
publish,TRUE
commission,FALSE
sponsor,FALSE
software,FALSE
author,TRUE
license,FALSE
driver,FALSE
host,FALSE
agent,TRUE
wake,FALSE
pick,FALSE
pop,FALSE
back,TRUE
follow,TRUE
look,TRUE
hook,FALSE
clean,FALSE
door,FALSE
Act,FALSE
organisation,FALSE
legislation,FALSE
freedom,FALSE
intention,FALSE
employ,FALSE
involve,TRUE
treat,FALSE
kind,FALSE
sort,FALSE
account,TRUE
app,FALSE
job,FALSE
module,TRUE
website,TRUE
particular,FALSE
social,FALSE
geographical,FALSE
derive,FALSE
omit,FALSE
learn,FALSE
adapt,FALSE
retrieve,FALSE
distinguish,FALSE
translate,FALSE
note,TRUE
info,FALSE
comment,FALSE
weekly,FALSE
news,FALSE
summary,FALSE
#,FALSE
se,FALSE
#,FALSE
#,FALSE
chapter,FALSE
#,FALSE
#,FALSE
across,FALSE
per,FALSE
almost,FALSE
variety,FALSE
shift,FALSE
variation,FALSE
variant,FALSE
perspective,FALSE
paradigm,FALSE
strategy,TRUE
direction,FALSE
approach,FALSE
context,FALSE
focus,TRUE
attitude,FALSE
course,FALSE
#,FALSE
promote,FALSE
provide,TRUE
offer,TRUE
create,TRUE
promote,FALSE
support,TRUE
advocate,FALSE
produce,FALSE
define,TRUE
offer,TRUE
represent,FALSE
healthcare,FALSE
human,FALSE
price,TRUE
input,FALSE
outcome,FALSE
decision,TRUE
practice,FALSE
#,FALSE
design,TRUE
measure,TRUE
select,FALSE
negotiate,FALSE
program,TRUE
output,FALSE
objective,FALSE
target,TRUE
variable,FALSE
content,FALSE
demand,TRUE
provide,TRUE
offer,TRUE
issue,TRUE
sell,TRUE
make,TRUE
create,TRUE
award,TRUE
present,TRUE
distribute,FALSE
produce,TRUE
use,TRUE
give,TRUE
grant,TRUE
apply,TRUE
establish,TRUE
subsidy,FALSE
good,FALSE
advertisement,FALSE
request,FALSE
license,FALSE
exist,TRUE
essential,FALSE
victim,FALSE
screen,FALSE
relief,FALSE
reasonable,FALSE
affordable,FALSE
reduce,TRUE
low,FALSE
high,FALSE
high,FALSE
competitive,FALSE
bargain,FALSE
discount,FALSE
cheap,FALSE
rate,TRUE
level,TRUE
interval,FALSE
fee,FALSE
expense,FALSE
margin,FALSE
consumer,FALSE
client,FALSE
#,FALSE
disclosure,FALSE
documentation,TRUE
clearance,FALSE
authorization,FALSE
collect,TRUE
gather,FALSE
exchange,TRUE
single,FALSE
credit,FALSE
trading,FALSE
drive,FALSE
cycle,FALSE
visit,FALSE
list,TRUE
explain,TRUE
illustrate,FALSE
discuss,FALSE
summarize,FALSE
outline,FALSE
display,TRUE
current,FALSE
large,FALSE
last,FALSE
entire,FALSE
#,FALSE
yield,FALSE
comprise,FALSE
social,FALSE
content,FALSE
network,FALSE
community,FALSE
Google,FALSE
Geographic,FALSE
resource,FALSE
example,TRUE
description,FALSE
title,FALSE
packaging,FALSE
recipe,FALSE
time,TRUE
brand,FALSE
logo,FALSE
line,FALSE
area,FALSE
truck,FALSE
manage,TRUE
initiate,FALSE
administer,FALSE
fund,FALSE
coordinate,FALSE
supervise,FALSE
organise,FALSE
conceive,FALSE
organize,FALSE
formulate,FALSE
maintain,TRUE
monitor,FALSE
assess,TRUE
direct,TRUE
operate,TRUE
publication,FALSE
book,TRUE
material,FALSE
issue,TRUE
message,FALSE
spell,FALSE
lay,FALSE
roll,FALSE
work,TRUE
fill,FALSE
sort,FALSE
spread,FALSE
language,FALSE
format,FALSE
page,TRUE
word,TRUE
,FALSE
all,FALSE
song,FALSE
lyric,FALSE
track,FALSE
sound,FALSE
music,FALSE
vocal,FALSE
player,TRUE
pool,FALSE
list,TRUE
menu,FALSE
position,FALSE
gender,FALSE
specie,FALSE
gender,FALSE
subspecie,FALSE
competitor,FALSE
role,TRUE
participant,FALSE
information,TRUE
also,FALSE
what,FALSE
talk,FALSE
how,FALSE
talk,FALSE
far,FALSE
degree,FALSE
degree,FALSE
#,FALSE
degree,FALSE
course,FALSE
center,FALSE
Manual,FALSE
system,FALSE
source,TRUE
runner,FALSE
break,FALSE
come,TRUE
runner,FALSE
acquire,FALSE
gather,FALSE
utilize,FALSE
gain,TRUE
secure,FALSE
organize,FALSE
intervention,FALSE
effort,FALSE
community,TRUE
hospital,TRUE
initiative,FALSE
physician,FALSE
school,FALSE
tackle,FALSE
solve,FALSE
combat,FALSE
prevent,FALSE
resolve,FALSE
avoid,FALSE
fight,FALSE
reduce,FALSE
alleviate,FALSE
mental,FALSE
chronic,FALSE
critical,FALSE
global,FALSE
environmental,FALSE
economic,FALSE
optimization,FALSE
behavioral,FALSE
problem,TRUE
concern,TRUE
challenge,FALSE
risk,FALSE
impact,FALSE
hazard,FALSE
topic,FALSE
threat,FALSE
situation,TRUE
number,FALSE
number,TRUE
call,TRUE
scheme,TRUE
automatically,FALSE
randomly,FALSE
manually,FALSE
custom,FALSE
digitally,FALSE
uniquely,FALSE
usually,FALSE
locally,FALSE
either,FALSE
control,TRUE
#,FALSE
drive,FALSE
#,FALSE
enable,TRUE
combine,FALSE
execute,FALSE
generate,TRUE
verify,FALSE
store,TRUE
equip,FALSE
serial,FALSE
phone,FALSE
telephone,FALSE
message,FALSE
route,FALSE
algorithm,FALSE
along,FALSE
tag,FALSE
protocol,FALSE
multiple,FALSE
measure,TRUE
house,TRUE
include,TRUE
free,FALSE
include,TRUE
essential,FALSE
basic,FALSE
primary,FALSE
insurance,FALSE
relate,FALSE
advisory,FALSE
promotion,FALSE
education,FALSE
assurance,FALSE
plan,TRUE
provision,TRUE
provider,FALSE
diabete,FALSE
emergency,FALSE
HIV,FALSE
acute,FALSE
advance,FALSE
tuberculosis,FALSE
child,FALSE
resident,FALSE
#,FALSE
family,TRUE
survivor,FALSE
may,FALSE
can,FALSE
injury,FALSE
require,TRUE
warrant,FALSE
require,TRUE
seek,FALSE
close,FALSE
travel,FALSE
relative,FALSE
prior,FALSE
close,FALSE
replacement,FALSE
vaccine,FALSE
leg,FALSE
dance,FALSE
man,FALSE
play,FALSE
runner,FALSE
runner,FALSE
plaintiff,FALSE
defendant,FALSE
holder,FALSE
governor,FALSE
voter,FALSE
trustee,FALSE
locate,TRUE
sell,TRUE
buy,TRUE
offer,TRUE
award,FALSE
invitation,FALSE
advice,FALSE
suitable,FALSE
venue,FALSE
meet,FALSE
restaurant,FALSE
dinner,FALSE
trust,FALSE
trust,FALSE
center,FALSE
operate,TRUE
run,TRUE
surveillance,FALSE
specialist,FALSE
track,FALSE
guidance,FALSE
enable,TRUE
catch,FALSE
stand,FALSE
tune,FALSE
sit,FALSE
lock,FALSE
head,FALSE
expert,FALSE
sensor,FALSE
operator,FALSE
technician,FALSE
police,FALSE
ensure,TRUE
assure,FALSE
confirm,FALSE
achieve,FALSE
demonstrate,FALSE
function,TRUE
behaviour,FALSE
handle,FALSE
usage,FALSE
behavior,FALSE
#,FALSE
disposal,FALSE
placement,FALSE
auction,FALSE
implement,TRUE
enough,FALSE
bid,FALSE
processor,FALSE
contractor,FALSE
bank,TRUE
calculate,FALSE
justify,FALSE
remain,TRUE
subsequent,FALSE
successive,FALSE
previous,FALSE
currently,FALSE
normally,FALSE
strength,FALSE
quota,FALSE
squad,FALSE
complement,FALSE
weight,FALSE
॥,FALSE
#,FALSE
commission,FALSE
monument,FALSE
fund,FALSE
association,FALSE
committee,FALSE
museum,FALSE
award,FALSE
board,FALSE
remain,TRUE
appear,FALSE
stay,FALSE
arrive,FALSE
count,FALSE
card,FALSE
#,FALSE
#,FALSE
d,FALSE
season,FALSE
explanation,FALSE
incentive,FALSE
area,TRUE
hour,FALSE
arrangement,FALSE
math,FALSE
task,FALSE
scan,FALSE
shot,FALSE
calculation,FALSE
action,TRUE
edit,FALSE
song,FALSE
conjunction,FALSE
accordance,FALSE
cooperation,FALSE
partnership,FALSE
keep,TRUE
connection,FALSE
consultation,FALSE
collaboration,FALSE
coordination,FALSE
expansion,FALSE
extension,FALSE
district,FALSE
proposal,FALSE
permission,FALSE
permit,FALSE
statement,FALSE
supply,TRUE
request,TRUE
disclose,FALSE
post,TRUE
regulation,FALSE
upon,FALSE
cover,TRUE
mention,FALSE
record,TRUE
contain,TRUE
write,TRUE
circulation,FALSE
#,FALSE
support,FALSE
often,FALSE
commonly,FALSE
sometimes,FALSE
generally,FALSE
frequently,FALSE
widely,FALSE
primarily,FALSE
still,FALSE
add,TRUE
distinguish,FALSE
university,FALSE
corporation,FALSE
sponsor,FALSE
unable,FALSE
able,FALSE
attempt,TRUE
try,TRUE
willing,FALSE
ask,TRUE
look,TRUE
seek,FALSE
authorize,FALSE
go,TRUE
unwilling,FALSE
force,FALSE
merchandise,FALSE
shipment,FALSE
baseball,FALSE
football,FALSE
basketball,FALSE
sport,FALSE
athletic,FALSE
golf,FALSE
hockey,FALSE
soccer,FALSE
farm,FALSE
pitch,FALSE
#,FALSE
vote,FALSE
she,FALSE
printer,FALSE
licence,FALSE
late,FALSE
safety,FALSE
#,FALSE
print,FALSE
mapping,FALSE
engineering,FALSE
integration,FALSE
proof,FALSE
scan,FALSE
interact,FALSE
integrate,TRUE
interfere,FALSE
combine,TRUE
cooperate,FALSE
non,FALSE
bio,FALSE
self,TRUE
#,FALSE
size,FALSE
pin,FALSE
press,FALSE
pad,FALSE
#,FALSE
see,TRUE
nail,FALSE
cap,FALSE
previously,FALSE
already,FALSE
formerly,FALSE
initiative,FALSE
advise,FALSE
testing,TRUE
test,TRUE
training,FALSE
develop,TRUE
engineer,FALSE
panel,FALSE
plan,FALSE
process,FALSE
program,FALSE
perform,TRUE
component,FALSE
detail,FALSE
preparation,FALSE
effectiveness,FALSE
reliability,FALSE
solution,FALSE
feedback,FALSE
confidence,FALSE
recommendation,FALSE
influence,FALSE
success,FALSE
progress,FALSE
God,FALSE
Ireland,FALSE
committee,FALSE
Tribunal,FALSE
board,FALSE
member,TRUE
list,TRUE
now,FALSE
（,FALSE
completion,FALSE
strike,FALSE
trade,FALSE
#,FALSE
court,FALSE
claim,TRUE
court,TRUE
mechanism,FALSE
len,FALSE
sense,FALSE
picture,FALSE
explain,FALSE
consider,TRUE
express,FALSE
question,TRUE
claim,TRUE
situation,TRUE
even,FALSE
behind,FALSE
alternative,FALSE
#,FALSE
exist,TRUE
assembly,FALSE
configuration,FALSE
interpretation,FALSE
manipulation,FALSE
environment,FALSE
framework,FALSE
divide,TRUE
subdivide,FALSE
separate,TRUE
classify,FALSE
group,TRUE
categorize,FALSE
break,FALSE
structure,TRUE
arrange,FALSE
differentiate,FALSE
several,FALSE
seven,FALSE
eight,FALSE
sub,FALSE
division,FALSE
part,TRUE
segment,FALSE
zone,FALSE
detach,FALSE
exclude,FALSE
withdraw,FALSE
eliminate,FALSE
extract,FALSE
transfer,TRUE
expel,FALSE
disconnect,FALSE
plot,FALSE
script,FALSE
novel,FALSE
act,TRUE
follow,TRUE
working,FALSE
later,FALSE
immediately,FALSE
quarterly,FALSE
form,TRUE
express,FALSE
indicate,TRUE
complaint,FALSE
rate,FALSE
facility,FALSE
book,FALSE
certificate,FALSE
council,FALSE
commissioner,FALSE
IV,FALSE
release,TRUE
medicine,FALSE
#,FALSE
method,FALSE
#,FALSE
#,FALSE
#,FALSE
lack,TRUE
#,FALSE
#,FALSE
#,FALSE
tournament,FALSE
race,FALSE
Bye,FALSE
opponent,FALSE
become,TRUE
be,FALSE
pay,TRUE
bank,FALSE
unit,FALSE
point,FALSE
#,FALSE
profit,FALSE
challenge,FALSE
campaign,FALSE
desire,FALSE
failure,FALSE
keep,TRUE
proportion,FALSE
food,FALSE
fuel,FALSE
material,FALSE
energy,FALSE
quantity,FALSE
size,TRUE
keep,TRUE
choose,TRUE
win,FALSE
national,FALSE
oppose,FALSE
field,TRUE
visit,FALSE
host,TRUE
defend,FALSE
lose,FALSE
council,FALSE
loss,FALSE
#,FALSE
#,FALSE
car,FALSE
vessel,FALSE
exit,FALSE
expo,FALSE
gateway,FALSE
exempt,FALSE
transfer,TRUE
retire,FALSE
distance,FALSE
answer,FALSE
mode,FALSE
dial,FALSE
#,FALSE
tear,TRUE
rip,FALSE
tear,TRUE
rip,FALSE
tear,TRUE
fold,FALSE
fall,FALSE
tear,TRUE
side,TRUE
piece,FALSE
panel,FALSE
space,FALSE
box,FALSE
end,TRUE
half,FALSE
strip,FALSE
side,FALSE
par,FALSE
large,FALSE
kick,FALSE
pull,FALSE
knock,FALSE
diver,FALSE
entrance,FALSE
float,FALSE
presence,FALSE
coverage,FALSE
evidence,TRUE
drug,TRUE
investigation,FALSE
prescription,FALSE
alcohol,FALSE
pharmaceutical,FALSE
nutrition,FALSE
substance,FALSE
FDA,FALSE
director,FALSE
volunteer,FALSE
sufficient,FALSE
incur,FALSE
earn,FALSE
render,FALSE
guarantee,FALSE
afford,FALSE
society,FALSE
strategic,FALSE
#,FALSE
round,FALSE
grade,FALSE
edition,FALSE
lab,FALSE
choice,FALSE
beta,FALSE
prize,FALSE
stage,FALSE
assume,FALSE
chair,FALSE
floor,FALSE
chart,FALSE
chamber,FALSE
cup,FALSE
shape,FALSE
activity,TRUE
nature,TRUE
remain,TRUE
take,TRUE
consider,TRUE
enable,TRUE
become,TRUE
make,TRUE
contain,TRUE
commodity,FALSE
asset,FALSE
thing,FALSE
experiment,FALSE
experience,TRUE
comparison,FALSE
survey,TRUE
interview,FALSE
discussion,FALSE
foreign,FALSE
international,FALSE
humanitarian,FALSE
mutual,FALSE
external,FALSE
economic,FALSE
economist,FALSE
finance,FALSE
institution,FALSE
strategy,FALSE
assistance,TRUE
programme,FALSE
organisation,FALSE
industry,TRUE
would,FALSE
could,FALSE
#,FALSE
#,FALSE
mill,FALSE
property,FALSE
return,TRUE
return,TRUE
Non,FALSE
loss,FALSE
return,FALSE
out,FALSE
share,TRUE
order,TRUE
mark,FALSE
purchase,TRUE
point,FALSE
profit,FALSE
r,FALSE
change,TRUE
port,FALSE
slip,FALSE
pocket,FALSE
pad,FALSE
slot,FALSE
seat,FALSE
slide,FALSE
gate,FALSE
ring,FALSE
hole,FALSE
bottle,FALSE
room,FALSE
drawer,FALSE
stamp,FALSE
turn,FALSE
close,FALSE
topping,FALSE
portion,FALSE
cover,TRUE
incorporate,FALSE
area,FALSE
test,FALSE
evaluation,FALSE
statistic,FALSE
drug,TRUE
standard,FALSE
result,TRUE
interview,FALSE
surgery,FALSE
classification,TRUE
prevention,FALSE
clinical,FALSE
physical,FALSE
laboratory,FALSE
drive,FALSE
blood,FALSE
field,FALSE
National,FALSE
psychological,FALSE
mental,FALSE
reality,FALSE
experimental,FALSE
#,FALSE
#,FALSE
#,FALSE
#,FALSE
grade,FALSE
difficulty,FALSE
qualification,FALSE
centre,TRUE
accredit,FALSE
robot,FALSE
pc,FALSE
athlete,FALSE
drive,FALSE
physical,FALSE
mechanical,FALSE
cognitive,FALSE
practical,FALSE
work,TRUE
speed,FALSE
control,TRUE
modification,FALSE
learn,FALSE
walk,FALSE
step,TRUE
minute,FALSE
click,FALSE
planning,FALSE
design,TRUE
training,FALSE
integration,FALSE
operation,FALSE
motion,FALSE
action,FALSE
model,TRUE
rely,FALSE
model,TRUE
framework,FALSE
clerk,FALSE
dealer,FALSE
#,FALSE
#,FALSE
#,FALSE
#,FALSE
disease,FALSE
woman,FALSE
animal,FALSE
wound,FALSE
effect,FALSE
estimate,TRUE
age,TRUE
sex,TRUE
rank,FALSE
nationality,FALSE
sex,TRUE
ethnicity,FALSE
color,FALSE
begin,TRUE
conclusion,FALSE
open,TRUE
dawn,FALSE
early,FALSE
commencement,FALSE
middle,FALSE
bottom,FALSE
episode,FALSE
conference,FALSE
participate,FALSE
act,TRUE
central,FALSE
post,TRUE
tax,FALSE
enforcement,FALSE
compensation,FALSE
right,TRUE
SEC,FALSE
CA,FALSE
SA,FALSE
PA,FALSE
icc,FALSE
EPA,FALSE
NGO,FALSE
era,FALSE
ACC,FALSE
MAC,FALSE
MCA,FALSE
state,TRUE
terminology,FALSE
scheme,FALSE
first,FALSE
initial,FALSE
total,FALSE
single,FALSE
#,FALSE
#,FALSE
#,FALSE
#,FALSE
#,FALSE
#,FALSE
#,FALSE
#,FALSE
#,FALSE
#,FALSE
scale,FALSE
#,FALSE
binary,FALSE
small,FALSE
code,TRUE
sequence,FALSE
symbol,FALSE
assign,FALSE
enter,TRUE
transmit,FALSE
volume,FALSE
version,TRUE
set,TRUE
referendum,FALSE
vote,FALSE
deadline,FALSE
termination,FALSE
closing,FALSE
clause,FALSE
limit,FALSE
amendment,FALSE
certificate,FALSE
send,TRUE
transfer,TRUE
relate,TRUE
compare,TRUE
deliver,TRUE
pass,TRUE
transmit,FALSE
add,TRUE
link,TRUE
connect,TRUE
secretary,FALSE
key,TRUE
library,TRUE
object,FALSE
game,TRUE
limit,TRUE
restrict,FALSE
proportional,FALSE
similar,FALSE
tailor,FALSE
behalf,FALSE
arrival,FALSE
removal,FALSE
confirmation,FALSE
fake,FALSE
FALSE,FALSE
object,FALSE
caller,FALSE
attacker,FALSE
clear,FALSE
warn,FALSE
quick,FALSE
whether,FALSE
never,FALSE
refuse,FALSE
disappear,FALSE
kill,FALSE
rename,FALSE
dead,FALSE
cancel,FALSE
lose,TRUE
choose,TRUE
forget,FALSE
password,FALSE
bit,FALSE
real,FALSE
audio,FALSE
art,FALSE
master,TRUE
web,FALSE
lab,FALSE
devote,FALSE
concentrate,FALSE
contribute,FALSE
lend,FALSE
energy,FALSE
expertise,FALSE
involvement,FALSE
implement,TRUE
design,TRUE
improve,TRUE
define,TRUE
execute,FALSE
solve,FALSE
manage,TRUE
construct,FALSE
prepare,FALSE
map,FALSE
console,FALSE
stack,FALSE
graph,FALSE
controller,FALSE
usable,FALSE
accessible,FALSE
application,FALSE
state,FALSE
methodology,FALSE
philosophy,FALSE
constitution,FALSE
official,FALSE
scientific,FALSE
principle,TRUE
fact,TRUE
instance,TRUE
patch,FALSE
interview,FALSE
exam,FALSE
discharge,FALSE
promote,FALSE
stimulate,FALSE
enhance,FALSE
strengthen,FALSE
foster,FALSE
accelerate,FALSE
advance,FALSE
allocation,FALSE
introduction,FALSE
export,FALSE
electricity,FALSE
employment,FALSE
labour,FALSE
sector,TRUE
region,TRUE
population,TRUE
economy,FALSE
nation,FALSE
region,TRUE
EU,FALSE
continent,FALSE
planet,FALSE
sector,TRUE
enterprise,FALSE
sector,FALSE
growth,FALSE
participation,FALSE
investment,FALSE
penetration,FALSE
valuable,FALSE
important,FALSE
survey,FALSE
load,FALSE
copy,TRUE
deposit,FALSE
download,FALSE
compile,FALSE
feed,FALSE
upload,FALSE
convert,FALSE
virtual,FALSE
decade,TRUE
month,TRUE
past,FALSE
season,FALSE
week,TRUE
branch,FALSE
demonstration,FALSE
start,TRUE
begin,TRUE
undertake,FALSE
successful,FALSE
active,FALSE
extend,TRUE
engage,TRUE
regional,FALSE
UN,FALSE
educational,FALSE
domestic,FALSE
†,FALSE
acceptance,FALSE
recommendation,FALSE
certification,FALSE
renewal,FALSE
examination,FALSE
contractor,FALSE
employer,FALSE
benefit,FALSE
rest,FALSE
satisfaction,FALSE
intervention,FALSE
cure,FALSE
es,FALSE
PT,FALSE
ing,FALSE
occur,TRUE
terminate,FALSE
originate,FALSE
stop,FALSE
commence,FALSE
happen,TRUE
terminal,FALSE
complex,FALSE
−,FALSE
else,FALSE
pharmacy,FALSE
accept,TRUE
publish,TRUE
apply,TRUE
hold,TRUE
check,TRUE
capable,FALSE
#,FALSE
online,FALSE
privacy,FALSE
enjoy,FALSE
own,FALSE
protect,FALSE
exercise,FALSE
experience,TRUE
demand,FALSE
law,TRUE
state,FALSE
trip,FALSE
viewer,FALSE
remember,FALSE
surname,FALSE
initial,FALSE
photo,FALSE
miss,FALSE
young,FALSE
representative,FALSE
#,FALSE
name,TRUE
hire,FALSE
directly,FALSE
regulator,FALSE
ceo,FALSE
regulate,FALSE
decide,TRUE
govern,FALSE
vote,FALSE
pattern,FALSE
mechanism,TRUE
bid,FALSE
complete,TRUE
script,FALSE
revoke,FALSE
drop,TRUE
duty,FALSE
bar,FALSE
except,FALSE
indefinitely,FALSE
bid,FALSE
receive,TRUE
fail,TRUE
refuse,TRUE
decide,TRUE
choose,TRUE
fail,TRUE
want,TRUE
wish,FALSE
fail,TRUE
continue,TRUE
refuse,FALSE
agree,TRUE
reason,TRUE
entry,TRUE
deal,FALSE
one,TRUE
log,FALSE
youth,FALSE
man,FALSE
inhabitant,FALSE
girl,FALSE
youth,FALSE
citizen,TRUE
male,FALSE
female,FALSE
district,FALSE
region,FALSE
valley,FALSE
mountain,FALSE
river,FALSE
forest,FALSE
province,FALSE
valley,FALSE
tribe,FALSE
derive,FALSE
remove,TRUE
separate,TRUE
get,TRUE
inherit,FALSE
take,TRUE
differ,FALSE
portion,FALSE
edition,FALSE
revision,FALSE
textbook,FALSE
journal,FALSE
intend,FALSE
mean,TRUE
suppose,FALSE
dedicate,FALSE
aim,TRUE
discuss,FALSE
explore,FALSE
examine,FALSE
outline,FALSE
evolution,FALSE
complexity,FALSE
origin,FALSE
purpose,FALSE
become,TRUE
feel,FALSE
get,FALSE
work,TRUE
stay,FALSE
keep,TRUE
interact,FALSE
evolve,TRUE
live,TRUE
think,FALSE
communicating,FALSE
act,TRUE
link,TRUE
tie,FALSE
bind,FALSE
connect,TRUE
blend,FALSE
fuse,FALSE
couple,TRUE
objective,FALSE
intent,FALSE
limitation,FALSE
existence,FALSE
gps,FALSE
abs,FALSE
sms,FALSE
ms,FALSE
VC,FALSE
sm,FALSE
SV,FALSE
MV,FALSE
API,FALSE
NFC,FALSE
LLC,FALSE
meeting,FALSE
conference,FALSE
session,FALSE
talk,FALSE
workshop,FALSE
seminar,FALSE
forum,FALSE
conversation,FALSE
debate,FALSE
schedule,TRUE
convene,FALSE
occur,TRUE
hold,TRUE
28th,TRUE
30th,TRUE
27th,FALSE
25th,TRUE
26th,TRUE
29th,TRUE
24th,TRUE
21st,FALSE
19th,FALSE
22nd,FALSE
20th,FALSE
15th,FALSE
10th,TRUE
31st,FALSE
23rd,FALSE
11th,FALSE
save,FALSE
initiate,FALSE
button,FALSE
choice,FALSE
answer,FALSE
press,FALSE
response,TRUE
like,FALSE
say,TRUE
no,FALSE
nothing,FALSE
then,FALSE
go,TRUE
again,FALSE
programmer,FALSE
mouse,FALSE
try,TRUE
attempt,TRUE
start,TRUE
begin,TRUE
incorrect,FALSE
old,FALSE
unfamiliar,FALSE
expression,FALSE
say,TRUE
reply,FALSE
write,TRUE
say,TRUE
enter,TRUE
declare,FALSE
expect,TRUE
feel,FALSE
answer,FALSE
#,FALSE
line,FALSE
#,FALSE
#,FALSE
#,FALSE
#,FALSE
#,FALSE
#,FALSE
namely,FALSE
dna,FALSE
CT,FALSE
scientific,FALSE
#,FALSE
#,FALSE
#,FALSE
#,FALSE
therapy,FALSE
survey,FALSE
simply,FALSE
declare,FALSE
actually,FALSE
sample,TRUE
tour,FALSE
#,FALSE
#,FALSE
#,FALSE
#,FALSE
#,FALSE
plant,FALSE
draw,FALSE
isolate,FALSE
who,FALSE
lawyer,FALSE
petition,FALSE
execute,FALSE
file,TRUE
mail,FALSE
correspondence,FALSE
kind,FALSE
simulation,FALSE
mind,FALSE
space,TRUE
addition,TRUE
qualify,FALSE
behave,FALSE
concept,TRUE
policy,FALSE
technique,FALSE
mortgage,FALSE
pension,FALSE
#,FALSE
#,FALSE
#,FALSE
#,FALSE
question,TRUE
present,FALSE
letter,FALSE
air,FALSE
enter,TRUE
maintain,TRUE
carry,TRUE
retain,FALSE
#,FALSE
#,FALSE
#,FALSE
salesman,FALSE
technician,FALSE
investigator,FALSE
inspector,FALSE
coach,FALSE
captain,FALSE
club,FALSE
bottle,FALSE
medicine,FALSE
wine,FALSE
drink,FALSE
medicine,FALSE
useful,FALSE
applicable,FALSE
enjoyment,FALSE
consumption,FALSE
protection,FALSE
convenience,FALSE
consent,FALSE
pleasure,FALSE
welfare,FALSE
sake,FALSE
elderly,FALSE
decease,FALSE
injure,FALSE
window,FALSE
edit,FALSE
retrieve,FALSE
import,FALSE
print,FALSE
store,FALSE
access,TRUE
save,FALSE
find,TRUE
read,TRUE
search,FALSE
check,TRUE
#,FALSE
via,FALSE
age,TRUE
period,TRUE
day,TRUE
site,FALSE
sign,TRUE
nomination,FALSE
contest,FALSE
advantage,FALSE
Wikipedia,FALSE
advertising,TRUE
buy,FALSE
branding,FALSE
pr,FALSE
communication,FALSE
consulting,FALSE
layer,FALSE
portfolio,FALSE
historical,FALSE
internal,FALSE
technology,TRUE
helpful,FALSE
transportation,FALSE
navigation,FALSE
developer,FALSE
researcher,FALSE
compare,TRUE
identify,TRUE
reduce,TRUE
determine,TRUE
recognize,FALSE
match,FALSE
gross,FALSE
aim,TRUE
seek,FALSE
ask,TRUE
intend,FALSE
fill,FALSE
waste,FALSE
container,FALSE
cloud,FALSE
underground,FALSE
result,TRUE
#,FALSE
grain,FALSE
efficiently,FALSE
effectively,FALSE
quickly,FALSE
easily,FALSE
completely,FALSE
properly,FALSE
fully,FALSE
continuously,FALSE
database,TRUE
access,TRUE
edition,FALSE
variant,FALSE
instance,TRUE
react,FALSE
destination,FALSE
hub,FALSE
domain,FALSE
order,TRUE
lot,FALSE
hundred,FALSE
thousand,FALSE
combination,FALSE
annual,FALSE
japanese,FALSE
nhs,FALSE
describe,TRUE
present,TRUE
custody,FALSE
liability,FALSE
specification,FALSE
kit,FALSE
automation,FALSE
intelligence,FALSE
generation,FALSE
expand,FALSE
audience,FALSE
extent,FALSE
coordinator,FALSE
train,FALSE
build,TRUE
interpret,FALSE
onto,FALSE
around,FALSE
once,FALSE
currently,FALSE
while,FALSE
building,FALSE
locate,TRUE
when,FALSE
village,FALSE
town,FALSE
municipality,FALSE
loan,FALSE
asset,FALSE
debt,FALSE
debt,FALSE
handle,TRUE
settle,FALSE
land,FALSE
capital,TRUE
deposit,FALSE
touch,FALSE
body,FALSE
touch,FALSE
live,TRUE
home,FALSE
head,FALSE
assignment,FALSE
profession,FALSE
hire,FALSE
recruitment,FALSE
formation,FALSE
admission,FALSE
establishment,FALSE
recruit,FALSE
law,TRUE
district,TRUE
entity,FALSE
if,FALSE
where,FALSE
since,FALSE
because,FALSE
unless,FALSE
whenever,FALSE
tendency,FALSE
front,FALSE
directory,FALSE
leave,TRUE
check,TRUE
touch,FALSE
reach,FALSE
see,TRUE
change,TRUE
affect,FALSE
disturb,FALSE
search,FALSE
hit,FALSE
foundation,FALSE
foundation,FALSE
manage,TRUE
lead,TRUE
oversee,FALSE
cluster,FALSE
registry,FALSE
fleet,FALSE
centre,FALSE
partnership,FALSE
site,TRUE
transition,FALSE
stage,FALSE
#,FALSE
#,FALSE
#,FALSE
#,FALSE
#,FALSE
diagnose,FALSE
document,TRUE
label,FALSE
correct,FALSE
cause,TRUE
error,FALSE
infection,FALSE
incident,FALSE
circumstance,FALSE
adjust,FALSE
thank,FALSE
similarly,FALSE
compare,TRUE
wrong,FALSE
inappropriate,FALSE
inadequate,FALSE
significant,FALSE
severe,FALSE
abnormal,FALSE
adverse,FALSE
spelling,FALSE
genetic,FALSE
structural,FALSE
systematic,FALSE
statistical,FALSE
bias,FALSE
code,TRUE
correction,FALSE
experimental,FALSE
etc,FALSE
great,FALSE
major,FALSE
content,TRUE
merge,FALSE
correspond,FALSE
agree,FALSE
coincide,FALSE
contrast,FALSE
overlap,FALSE
comply,FALSE
join,FALSE
in,FALSE
bridge,FALSE
tower,FALSE
tunnel,FALSE
dam,FALSE
building,FALSE
stadium,FALSE
constraint,FALSE
complaint,FALSE
hand,TRUE
pass,TRUE
refer,TRUE
consideration,FALSE
inspection,FALSE
confirm,FALSE
meet,TRUE
receive,TRUE
treat,TRUE
deliver,TRUE
paperwork,FALSE
paper,TRUE
move,TRUE
register,FALSE
upcoming,FALSE
double,FALSE
bar,FALSE
quick,FALSE
high,FALSE
low,FALSE
straight,FALSE
back,FALSE
zero,FALSE
check,TRUE
fia,FALSE
FIFA,FALSE
australian,FALSE
technical,FALSE
UEFA,FALSE
amendment,FALSE
aid,TRUE
party,FALSE
alternative,FALSE
chance,FALSE
occur,TRUE
gauge,FALSE
ward,FALSE
standard,FALSE
new,FALSE
simple,FALSE
universal,FALSE
reference,FALSE
common,FALSE
regular,FALSE
open,FALSE
equipment,FALSE
installation,FALSE
flight,FALSE
spatial,FALSE
signal,FALSE
particle,FALSE
easy,FALSE
less,FALSE
very,FALSE
play,TRUE
visual,FALSE
grid,FALSE
boundary,FALSE
locality,FALSE
city,FALSE
street,FALSE
town,FALSE
street,FALSE
road,FALSE
county,FALSE
township,FALSE
village,FALSE
neighborhood,FALSE
flash,FALSE
paragraph,FALSE
exist,TRUE
header,FALSE
pdf,FALSE
optional,FALSE
alternate,FALSE
#,FALSE
#,FALSE
#,FALSE
#,FALSE
#,FALSE
let,TRUE
help,TRUE
help,TRUE
help,TRUE
trend,FALSE
pertain,FALSE
lead,TRUE
unrelated,FALSE
relate,TRUE
distribution,TRUE
weight,FALSE
market,TRUE
promotion,FALSE
differ,FALSE
vary,TRUE
fraud,FALSE
investigate,FALSE
perform,TRUE
generate,TRUE
million,FALSE
thousand,FALSE
hundred,FALSE
consecutive,FALSE
billion,FALSE
dozen,FALSE
distinct,FALSE
#,FALSE
#,FALSE
act,TRUE
charge,FALSE
allegation,FALSE
activation,FALSE
name,TRUE
discovery,FALSE
life,TRUE
announce,TRUE
everything,FALSE
anything,FALSE
location,TRUE
however,FALSE
thus,FALSE
derive,FALSE
emerge,FALSE
screen,FALSE
represent,TRUE
record,FALSE
record,FALSE
register,FALSE
threshold,FALSE
stem,FALSE
depart,FALSE
inherit,FALSE
tape,FALSE
pricing,FALSE
forward,FALSE
letter,FALSE
administrative,FALSE
officer,FALSE
official,TRUE
load,FALSE
additional,FALSE
various,FALSE
after,FALSE
several,FALSE
some,FALSE
both,FALSE
mining,FALSE
#,FALSE
retention,FALSE
#,FALSE
extraction,FALSE
density,FALSE
share,TRUE
basis,FALSE
#,FALSE
#,FALSE
#,FALSE
#,FALSE
#,FALSE
#,FALSE
poor,FALSE
thing,FALSE
string,FALSE
much,FALSE
donation,FALSE
sea,FALSE
#,FALSE
qualification,FALSE
assignment,FALSE
contact,TRUE
declaration,FALSE
initiation,FALSE
administration,FALSE
foreigner,FALSE
activate,FALSE
wear,FALSE
read,TRUE
#,FALSE
name,FALSE
artist,FALSE
producer,FALSE
President,FALSE
mayor,FALSE
clerk,FALSE
treasurer,FALSE
restaurant,FALSE
farmer,FALSE
title,FALSE
rank,FALSE
direction,FALSE
capital,FALSE
departure,FALSE
language,FALSE
chapter,FALSE
difference,FALSE
reference,TRUE
but,FALSE
so,FALSE
re,FALSE
reason,FALSE
justification,FALSE
evidence,TRUE
cause,FALSE
case,TRUE
entirety,FALSE
integrate,TRUE
incorporate,FALSE
load,FALSE
put,FALSE
fit,FALSE
bring,FALSE
place,TRUE
rank,FALSE
episode,FALSE
doctor,TRUE
appoint,FALSE
recruit,FALSE
signal,FALSE
sensor,FALSE
second,FALSE
minute,FALSE
round,FALSE
cycle,FALSE
occur,TRUE
appear,FALSE
happen,FALSE
broadcast,FALSE
hit,FALSE
de,FALSE
ministry,FALSE
Minister,FALSE
housing,FALSE
ward,FALSE
country,FALSE
zone,FALSE
length,FALSE
quality,FALSE
station,FALSE
institution,FALSE
prison,FALSE
settlement,FALSE
residence,FALSE
property,FALSE
municipality,FALSE
notion,FALSE
hierarchy,FALSE
collection,FALSE
layer,FALSE
order,TRUE
underlie,FALSE
monetary,FALSE
bonus,FALSE
convince,FALSE
fairly,FALSE
relatively,FALSE
rather,FALSE
quite,FALSE
saving,FALSE
India,FALSE
plug,FALSE
translate,FALSE
formal,FALSE
statement,FALSE
judgment,FALSE
gain,TRUE
accumulate,FALSE
#,FALSE
#,FALSE
#,FALSE
#,FALSE
#,FALSE
#,FALSE
#,FALSE
feed,FALSE
archive,FALSE
bear,FALSE
live,FALSE
precision,FALSE
temperature,FALSE
voltage,FALSE
tech,FALSE
pressure,FALSE
resolution,FALSE
barrier,FALSE
#,FALSE
#,FALSE
#,FALSE
browser,FALSE
#,FALSE
formulation,FALSE
sic,FALSE
protection,FALSE
originally,FALSE
net,FALSE
index,FALSE
operate,TRUE
variable,FALSE
equal,FALSE
prospect,FALSE
habit,FALSE
lend,FALSE
supply,TRUE
charity,FALSE
neighbor,FALSE
supermarket,FALSE
hotel,FALSE
disadvantage,FALSE
fair,FALSE
premium,FALSE
leave,TRUE
involve,TRUE
penalty,FALSE
opportunity,FALSE
possibility,FALSE
consequence,FALSE
obstacle,FALSE
ground,FALSE
hurdle,FALSE
criticism,FALSE
flaw,FALSE
benefit,FALSE
weakness,FALSE
strength,FALSE
yield,FALSE
generator,FALSE
internally,FALSE
un,FALSE
xml,FALSE
ip,FALSE
AI,FALSE
random,FALSE
utility,FALSE
natural,FALSE
from,FALSE
#,FALSE
#,FALSE
cover,TRUE
extract,FALSE
hide,FALSE
proper,FALSE
opposite,FALSE
bad,FALSE
away,FALSE
bag,FALSE
#,FALSE
witness,FALSE
mark,FALSE
stamp,FALSE
bed,FALSE
toilet,FALSE
postal,FALSE
identify,TRUE
#,FALSE
#,FALSE
#,FALSE
#,FALSE
bar,TRUE
label,TRUE
partner,FALSE
source,TRUE
apart,FALSE
quote,FALSE
security,FALSE
branch,FALSE
Personnel,FALSE
verb,FALSE
sign,TRUE
ending,FALSE
noun,FALSE
mark,FALSE
post,FALSE
email,FALSE
deployment,FALSE
scenario,FALSE
note,TRUE
bit,FALSE
fragment,FALSE
chunk,FALSE
strand,FALSE
save,FALSE
analyze,FALSE
insertion,FALSE
Model,FALSE
directorate,FALSE
feature,FALSE
dynamic,FALSE
town,FALSE
district,FALSE
population,FALSE
100,FALSE
60,FALSE
leave,FALSE
90,FALSE
attach,FALSE
annex,FALSE
identical,FALSE
normal,FALSE
investor,FALSE
farmer,FALSE
retailer,FALSE
calculation,TRUE
breakdown,FALSE
dollar,FALSE
damage,FALSE
organization,TRUE
organizational,FALSE
administrative,FALSE
individual,FALSE
Industrial,FALSE
#,FALSE
#,FALSE
#,FALSE
setting,FALSE
interface,TRUE
interaction,FALSE
#,FALSE
select,TRUE
choose,TRUE
determine,TRUE
pick,FALSE
find,TRUE
calculate,FALSE
consider,TRUE
eliminate,FALSE
know,TRUE
correctly,FALSE
#,FALSE
#,FALSE
damage,FALSE
specimen,FALSE
sign,TRUE
Fed,FALSE
mix,FALSE
pick,TRUE
stand,FALSE
beat,FALSE
bit,FALSE
p,FALSE
Cal,FALSE
post,FALSE
com,FALSE
collaborate,FALSE
op,FALSE
dot,FALSE
protocol,FALSE
interpreter,FALSE
organisation,FALSE
handbook,FALSE
association,FALSE
Journal,FALSE
Encyclopedia,FALSE
economic,FALSE
introduction,FALSE
principle,FALSE
evolution,FALSE
computer,FALSE
online,FALSE
land,FALSE
ocean,FALSE
Spirit,FALSE
Band,FALSE
hear,FALSE
direct,FALSE
audio,FALSE
direct,FALSE
ion,FALSE
second,FALSE
sound,FALSE
compute,FALSE
architecture,FALSE
mba,FALSE
computing,FALSE
accounting,FALSE
#,FALSE
#,FALSE
stakeholder,FALSE
sponsor,FALSE
supplier,FALSE
producer,FALSE
senior,FALSE
primary,FALSE
secondary,FALSE
corporate,FALSE
institutional,FALSE
engineer,FALSE
architect,FALSE
professional,FALSE
realize,FALSE
vision,FALSE
goal,FALSE
accomplish,FALSE
criterion,TRUE
#,FALSE
hour,FALSE
freedom,FALSE
leaf,FALSE
noun,FALSE
#,FALSE
#,FALSE
#,FALSE
two,FALSE
many,FALSE
three,FALSE
any,FALSE
four,FALSE
prisoner,FALSE
play,TRUE
examine,FALSE
hear,FALSE
photographer,FALSE
determination,FALSE
#,FALSE
care,FALSE
cancer,FALSE
#,FALSE
#,FALSE
#,FALSE
#,FALSE
city,TRUE
village,FALSE
#,FALSE
#,FALSE
#,FALSE
#,FALSE
performance,TRUE
#,FALSE
#,FALSE
#,FALSE
#,FALSE
regulation,FALSE
collector,FALSE
dealer,FALSE
vendor,FALSE
store,TRUE
shop,FALSE
manufacturer,FALSE
match,TRUE
stamp,FALSE
band,FALSE
administrator,FALSE
#,FALSE
rule,TRUE
theme,FALSE
credit,FALSE
need,TRUE
joy,FALSE
fear,FALSE
call,TRUE
help,TRUE
promise,FALSE
want,TRUE
experience,FALSE
life,FALSE
recovery,FALSE
cure,FALSE
suggestion,FALSE
heart,FALSE
heart,FALSE
allmusic,FALSE
cd,FALSE
metacritic,FALSE
oclc,FALSE
commercially,FALSE
previously,FALSE
protect,FALSE
encryption,FALSE
attribute,FALSE
parameter,FALSE
pair,FALSE
format,FALSE
equation,FALSE
2017,FALSE
2018,FALSE
2016,FALSE
approximate,FALSE
2010,FALSE
2009,FALSE
2019,FALSE
2006,FALSE
2007,FALSE
permit,TRUE
backup,FALSE
#,FALSE
download,FALSE
stream,FALSE
yourself,FALSE
find,TRUE
file,TRUE
#,FALSE
build,TRUE
forget,FALSE
know,TRUE
play,TRUE
nominated,FALSE
alone,FALSE
hear,FALSE
hide,FALSE
#,FALSE
enough,FALSE
winner,FALSE
get,TRUE
never,FALSE
word,FALSE
make,TRUE
press,FALSE
#,FALSE
#,FALSE
#,FALSE
#,FALSE
want,FALSE
miss,FALSE
ready,FALSE
bless,FALSE
lose,TRUE
Un,FALSE
live,FALSE
#,FALSE
feature,TRUE
#,FALSE
goal,FALSE
goal,FALSE
mission,FALSE
another,FALSE
work,TRUE
funding,FALSE
role,TRUE
year,FALSE
album,FALSE
EP,FALSE
song,FALSE
yet,FALSE
here,FALSE
yet,FALSE
erase,FALSE
yard,FALSE
conclusion,FALSE
likelihood,FALSE
sustain,FALSE
funding,FALSE
qualify,FALSE
phase,TRUE
#,FALSE
regulatory,FALSE
remain,TRUE
reaction,FALSE
#,FALSE
artist,FALSE
owner,FALSE
developer,FALSE
dental,FALSE
psychological,FALSE
science,FALSE
supervision,FALSE
forum,FALSE
portal,FALSE
magazine,FALSE
license,FALSE
shipping,FALSE
note,TRUE
suggest,TRUE
universe,FALSE
suite,FALSE
cell,FALSE
cell,FALSE
select,FALSE
should,FALSE
#,FALSE
lever,FALSE
#,FALSE
restore,FALSE
draw,TRUE
draw,FALSE
equation,FALSE
diagram,FALSE
illustrate,FALSE
prove,FALSE
eliminate,FALSE
expose,FALSE
acknowledge,FALSE
incidence,FALSE
occurrence,FALSE
gap,FALSE
delay,FALSE
uncertainty,FALSE
defect,FALSE
variation,FALSE
business,TRUE
telecommunication,FALSE
holder,FALSE
#,FALSE
recover,FALSE
destination,FALSE
#,FALSE
invite,FALSE
journalist,FALSE
dvd,FALSE
eligible,FALSE
focus,TRUE
go,TRUE
vary,TRUE
range,TRUE
range,TRUE
come,TRUE
switch,FALSE
facebook,FALSE
Twitter,FALSE
Yahoo,FALSE
minimize,FALSE
estimate,FALSE
drop,TRUE
go,TRUE
fall,TRUE
drop,TRUE
die,FALSE
half,TRUE
long,FALSE
occasional,FALSE
update,FALSE
chart,FALSE
average,FALSE
detail,TRUE
describe,TRUE
examine,FALSE
overall,FALSE
daily,FALSE
respective,FALSE
demographic,FALSE
frame,FALSE
frame,FALSE
#,FALSE
scale,FALSE
ahead,FALSE
span,FALSE
early,FALSE
recently,FALSE
reference,TRUE
rate,TRUE
respectively,FALSE
there,FALSE
cricket,FALSE
that,FALSE
chess,FALSE
under,FALSE
by,FALSE
convention,FALSE
formula,FALSE
assumption,FALSE
hence,FALSE
through,FALSE
consider,TRUE
use,TRUE
width,FALSE
#,FALSE
#,FALSE
#,FALSE
chain,FALSE
efficient,FALSE
accurate,FALSE
fast,FALSE
reliable,FALSE
dynamic,FALSE
distance,FALSE
enforce,FALSE
lease,FALSE
shorten,FALSE
translation,FALSE
abbreviation,FALSE
descend,FALSE
abbreviate,FALSE
translate,FALSE
borrow,FALSE
incomplete,FALSE
leak,FALSE
lack,TRUE
insufficient,FALSE
discover,FALSE
testimony,FALSE
alarm,FALSE
miss,FALSE
immigration,FALSE
commander,FALSE
military,FALSE
army,FALSE
FBI,FALSE
settle,FALSE
dump,FALSE
remote,FALSE
geographic,FALSE
writer,FALSE
conversation,FALSE
story,FALSE
discussion,FALSE
urgent,FALSE
specialise,FALSE
package,FALSE
perceive,FALSE
obligation,FALSE
expectation,FALSE
obligation,FALSE
meet,TRUE
enforce,FALSE
observe,FALSE
clinic,FALSE
ensure,TRUE
achieve,FALSE
enhance,FALSE
protect,TRUE
secure,FALSE
measure,TRUE
raise,FALSE
increase,TRUE
wait,TRUE
substitute,FALSE
arrange,FALSE
lot,FALSE
exclude,FALSE
satellite,FALSE
road,FALSE
traffic,FALSE
investigate,FALSE
defend,FALSE
reject,FALSE
dismiss,FALSE
bag,FALSE
premise,FALSE
security,FALSE
number,TRUE
form,TRUE
reserve,FALSE
address,TRUE
stand,FALSE
patron,FALSE
proprietor,FALSE
landlord,FALSE
ticket,FALSE
column,FALSE
row,FALSE
anything,FALSE
#,FALSE
an,FALSE
every,FALSE
take,TRUE
take,TRUE
consist,FALSE
advantage,FALSE
consist,FALSE
#,FALSE
#,FALSE
complete,FALSE
integrate,FALSE
devise,FALSE
specifically,FALSE
combine,TRUE
ST,FALSE
gene,FALSE
parent,FALSE
adult,FALSE
researcher,FALSE
lifetime,FALSE
remainder,FALSE
certain,FALSE
introduce,TRUE
become,TRUE
instal,FALSE
acquire,FALSE
county,FALSE
judge,FALSE
jury,FALSE
college,FALSE
usual,FALSE
consolidated,FALSE
revise,FALSE
plead,FALSE
booklet,FALSE
give,TRUE
send,TRUE
outstanding,FALSE
Crown,FALSE
Treasury,FALSE