time,TRUE
point,TRUE
stage,TRUE
moment,FALSE
date,TRUE
level,TRUE
period,TRUE
rate,TRUE
site,TRUE
hour,TRUE
day,TRUE
address,TRUE
station,TRUE
time,TRUE
meet,TRUE
information,TRUE
datum,TRUE
documentation,TRUE
evidence,TRUE
material,TRUE
work,TRUE
detail,TRUE
research,TRUE
knowledge,TRUE
analysis,TRUE
description,TRUE
text,TRUE
coverage,TRUE
list,TRUE
history,TRUE
maintain,TRUE
modify,TRUE
update,TRUE
replace,TRUE
understand,TRUE
preserve,TRUE
protect,TRUE
manage,TRUE
use,TRUE
integrate,TRUE
retain,TRUE
implement,TRUE
verify,TRUE
support,TRUE
interpret,TRUE
semantic,FALSE
the,FALSE
#,FALSE
xml,TRUE
language,TRUE
document,TRUE
database,TRUE
language,TRUE
terminology,TRUE
concept,TRUE
term,TRUE
system,TRUE
content,TRUE
vocabulary,TRUE
word,TRUE
associate,TRUE
relate,TRUE
new,FALSE
underlie,TRUE
relevant,FALSE
correspond,TRUE
exist,TRUE
database,FALSE
#,FALSE
tag,TRUE
feature,TRUE
element,TRUE
component,TRUE
resource,TRUE
detail,TRUE
domain,TRUE
#,FALSE
marker,FALSE
datum,TRUE
available,FALSE
download,TRUE
derive,TRUE
take,TRUE
source,TRUE
separate,FALSE
accessible,FALSE
retrieve,TRUE
free,FALSE
extract,TRUE
obtain,TRUE
remove,TRUE
apart,FALSE
user,TRUE
developer,TRUE
researcher,TRUE
company,TRUE
server,TRUE
programmer,TRUE
project,TRUE
program,TRUE
team,TRUE
vendor,TRUE
system,TRUE
designer,FALSE
study,TRUE
client,TRUE
use,TRUE
need,TRUE
create,TRUE
enter,TRUE
require,TRUE
provide,TRUE
run,TRUE
request,TRUE
utilize,TRUE
use,TRUE
choose,TRUE
want,TRUE
open,TRUE
tag,TRUE
product,TRUE
device,TRUE
network,TRUE
solution,TRUE
process,TRUE
resource,TRUE
pattern,TRUE
technology,TRUE
method,TRUE
chip,FALSE
way,TRUE
find,TRUE
create,TRUE
determine,TRUE
establish,TRUE
identify,TRUE
provide,TRUE
develop,TRUE
generate,TRUE
select,TRUE
define,TRUE
obtain,TRUE
produce,TRUE
specify,TRUE
discover,TRUE
build,TRUE
registry,TRUE
common,FALSE
storage,TRUE
file,TRUE
unique,FALSE
memory,TRUE
specific,FALSE
suitable,FALSE
particular,FALSE
stable,FALSE
logical,FALSE
#,FALSE
use,TRUE
code,TRUE
#,FALSE
#,FALSE
line,TRUE
application,TRUE
number,TRUE
#,FALSE
#,FALSE
item,TRUE
inclusion,FALSE
usage,TRUE
placement,FALSE
user,TRUE
registration,TRUE
participate,TRUE
integration,TRUE
change,TRUE
adoption,FALSE
way,TRUE
country,TRUE
location,TRUE
instance,TRUE
vendor,TRUE
service,TRUE
state,TRUE
jurisdiction,FALSE
category,TRUE
device,TRUE
store,TRUE
display,TRUE
contain,TRUE
share,TRUE
exchange,TRUE
include,TRUE
collect,TRUE
return,TRUE
access,TRUE
release,TRUE
value,TRUE
result,TRUE
message,TRUE
value,TRUE
image,TRUE
item,TRUE
name,TRUE
accord,TRUE
prior,FALSE
back,FALSE
subject,FALSE
due,FALSE
similar,FALSE
relative,FALSE
directly,FALSE
pertain,TRUE
service,TRUE
standard,TRUE
specification,TRUE
interface,TRUE
function,TRUE
design,TRUE
author,TRUE
administrator,TRUE
court,TRUE
applicant,FALSE
authority,TRUE
author,TRUE
editor,TRUE
software,TRUE
provider,TRUE
search,TRUE
decide,TRUE
choose,TRUE
debate,FALSE
consider,TRUE
question,TRUE
know,TRUE
pick,TRUE
discuss,TRUE
switch,TRUE
change,TRUE
indicate,TRUE
decision,TRUE
apply,TRUE
stand,TRUE
substitute,FALSE
pay,TRUE
ask,TRUE
look,TRUE
register,TRUE
account,TRUE
write,TRUE
vote,TRUE
qualify,TRUE
advocate,FALSE
word,TRUE
term,TRUE
link,TRUE
name,TRUE
variable,TRUE
element,TRUE
context,TRUE
scope,TRUE
definition,TRUE
mean,TRUE
domain,TRUE
sense,TRUE
range,TRUE
boundary,FALSE
framework,TRUE
parameter,TRUE
web,TRUE
web,TRUE
internet,TRUE
virtual,FALSE
type,TRUE
source,TRUE
provide,TRUE
section,TRUE
website,TRUE
location,TRUE
library,TRUE
find,TRUE
set,FALSE
make,TRUE
select,FALSE
compare,TRUE
make,TRUE
calculate,TRUE
relationship,TRUE
difference,TRUE
difference,TRUE
relation,TRUE
compatibility,TRUE
similarity,TRUE
relation,TRUE
consistency,TRUE
similarity,TRUE
relationship,TRUE
link,TRUE
connection,TRUE
assign,TRUE
set,TRUE
give,TRUE
get,TRUE
#,FALSE
#,FALSE
#,FALSE
identification,TRUE
signature,TRUE
#,FALSE
#,FALSE
respond,TRUE
proceed,FALSE
submit,TRUE
agree,TRUE
refer,TRUE
contribute,TRUE
commit,TRUE
progress,TRUE
lead,TRUE
conform,TRUE
object,TRUE
advance,TRUE
every,FALSE
another,FALSE
model,TRUE
hierarchy,TRUE
paradigm,FALSE
world,TRUE
view,TRUE
realm,TRUE
approach,TRUE
category,TRUE
find,TRUE
define,TRUE
store,TRUE
attribute,TRUE
describe,TRUE
include,TRUE
represent,TRUE
contain,TRUE
object,TRUE
locate,TRUE
embed,TRUE
specify,TRUE
express,TRUE
group,TRUE
entity,TRUE
structure,TRUE
organization,TRUE
entity,TRUE
document,TRUE
concept,TRUE
size,TRUE
format,TRUE
structure,TRUE
member,TRUE
part,TRUE
part,TRUE
representation,TRUE
consist,TRUE
constituent,FALSE
representation,TRUE
representative,FALSE
type,TRUE
copy,TRUE
example,TRUE
table,TRUE
table,TRUE
array,TRUE
index,TRUE
page,TRUE
tree,TRUE
column,TRUE
graph,TRUE
involve,TRUE
name,TRUE
create,TRUE
identify,TRUE
meta,FALSE
self,FALSE
pre,FALSE
auto,FALSE
co,TRUE
image,TRUE
form,TRUE
space,TRUE
i,FALSE
class,TRUE
attribute,TRUE
abstract,FALSE
group,TRUE
optional,FALSE
matrix,FALSE
variable,TRUE
row,FALSE
column,TRUE
node,TRUE
list,TRUE
dynamic,FALSE
social,FALSE
business,TRUE
model,TRUE
management,TRUE
file,TRUE
class,TRUE
2008,FALSE
2000,FALSE
2010,FALSE
2016,FALSE
1996,FALSE
2002,FALSE
2007,FALSE
2012,FALSE
2013,FALSE
2005,FALSE
2015,FALSE
2009,FALSE
2011,FALSE
define,TRUE
use,TRUE
use,TRUE
consider,TRUE
define,TRUE
give,TRUE
establish,TRUE
provide,TRUE
name,TRUE
formal,FALSE
conceptual,FALSE
generic,FALSE
reference,TRUE
character,TRUE
convention,TRUE
scheme,TRUE
mechanism,TRUE
rule,TRUE
code,FALSE
#,FALSE
describe,TRUE
reflect,TRUE
explain,TRUE
represent,TRUE
explore,FALSE
show,TRUE
map,TRUE
existence,TRUE
purpose,TRUE
nature,TRUE
significance,TRUE
origin,FALSE
presence,TRUE
role,TRUE
identity,TRUE
importance,TRUE
relevance,FALSE
connection,TRUE
resemblance,FALSE
proximity,TRUE
code,TRUE
number,TRUE
prefix,FALSE
global,FALSE
designation,FALSE
convention,TRUE
rule,TRUE
protocol,TRUE
sequence,TRUE
compute,TRUE
international,FALSE
operate,TRUE
address,TRUE
organizational,FALSE
mechanism,TRUE
standard,TRUE
pattern,TRUE
scheme,TRUE
practice,TRUE
symbol,TRUE
propose,TRUE
outline,TRUE
implement,TRUE
establish,TRUE
present,FALSE
introduce,TRUE
list,TRUE
compiler,TRUE
dictionary,TRUE
template,FALSE
translator,FALSE
publisher,TRUE
organisation,FALSE
institution,FALSE
agency,TRUE
enterprise,TRUE
agent,TRUE
individual,TRUE
association,TRUE
industry,TRUE
event,TRUE
prepare,TRUE
generate,TRUE
produce,TRUE
develop,TRUE
manage,TRUE
store,TRUE
process,TRUE
collect,TRUE
design,TRUE
set,TRUE
monitor,TRUE
input,TRUE
entry,TRUE
publication,TRUE
classification,TRUE
insertion,FALSE
incorporation,FALSE
processing,TRUE
creation,TRUE
instance,TRUE
development,TRUE
information,TRUE
open,FALSE
iso,FALSE
application,FALSE
oracle,FALSE
it,FALSE
australian,FALSE
International,FALSE
identity,FALSE
Encyclopedia,FALSE
online,FALSE
access,FALSE
enterprise,FALSE
purpose,TRUE
goal,TRUE
sake,FALSE
aim,TRUE
objective,TRUE
task,TRUE
benefit,TRUE
mission,TRUE
reason,TRUE
aim,TRUE
effect,TRUE
goal,TRUE
achieve,TRUE
obtain,TRUE
ensure,TRUE
create,TRUE
gain,TRUE
reach,TRUE
establish,TRUE
allow,TRUE
maintain,TRUE
determine,TRUE
develop,TRUE
give,TRUE
accuracy,TRUE
integrity,TRUE
diversity,TRUE
validity,TRUE
flexibility,TRUE
quality,TRUE
security,TRUE
stability,TRUE
transparency,TRUE
resolution,TRUE
message,TRUE
statement,TRUE
appear,TRUE
occur,TRUE
exist,TRUE
appear,TRUE
reside,TRUE
happen,TRUE
fit,TRUE
appear,TRUE
lie,TRUE
present,TRUE
come,TRUE
fall,TRUE
belong,TRUE
form,TRUE
electronic,FALSE
external,FALSE
original,FALSE
official,FALSE
,FALSE
life,TRUE
#,FALSE
estate,FALSE
reality,FALSE
scale,TRUE
place,TRUE
war,TRUE
situation,TRUE
earth,TRUE
wartime,FALSE
mode,TRUE
environment,TRUE
computer,TRUE
simulation,TRUE
capability,TRUE
scenario,FALSE
unit,TRUE
medium,TRUE
machine,TRUE
adapt,TRUE
evolve,TRUE
perform,TRUE
deploy,TRUE
transition,FALSE
occur,TRUE
correspond,TRUE
react,TRUE
come,TRUE
vary,TRUE
high,FALSE
different,FALSE
various,FALSE
extreme,FALSE
differ,FALSE
certain,FALSE
appropriate,FALSE
high,FALSE
critical,FALSE
multiple,FALSE
level,TRUE
degree,TRUE
condition,TRUE
requirement,TRUE
degree,TRUE
amount,TRUE
measure,TRUE
stage,TRUE
rate,TRUE
height,TRUE
period,TRUE
sensitivity,TRUE
vulnerability,TRUE
attention,TRUE
complexity,TRUE
success,FALSE
exposure,TRUE
effectiveness,FALSE
urgency,FALSE
precision,FALSE
response,TRUE
severity,FALSE
disruption,FALSE
operational,FALSE
spectrum,FALSE
force,TRUE
blow,TRUE
active,FALSE
capacity,TRUE
operation,TRUE
challenge,FALSE
task,TRUE
scenario,FALSE
threat,FALSE
situation,TRUE
activity,TRUE
problem,TRUE
objective,TRUE
event,TRUE
action,TRUE
application,TRUE
strategic,FALSE
environmental,FALSE
disaster,FALSE
emergency,FALSE
battle,FALSE
conflict,TRUE
spatial,FALSE
crisis,FALSE
regional,FALSE
evacuation,FALSE
tactical,FALSE
relief,FALSE
plan,TRUE
recovery,TRUE
response,TRUE
intervention,TRUE
zone,TRUE
prevention,FALSE
investigation,FALSE
help,TRUE
aid,TRUE
assistance,FALSE
addition,TRUE
advantage,TRUE
cooperation,FALSE
exception,TRUE
fuel,FALSE
energy,TRUE
equipment,TRUE
power,TRUE
asset,TRUE
water,TRUE
material,TRUE
waste,FALSE
medium,TRUE
air,TRUE
source,TRUE
format,TRUE
channel,TRUE
technology,TRUE
center,TRUE
point,TRUE
network,TRUE
stream,TRUE
layer,TRUE
basis,TRUE
method,TRUE
technique,TRUE
protocol,TRUE
algorithm,TRUE
interface,TRUE
communication,TRUE
communication,TRUE
monitor,TRUE
engineering,TRUE
report,TRUE
analytical,FALSE
mapping,TRUE
technical,FALSE
control,TRUE
logistic,FALSE
track,TRUE
agent,TRUE
risk,TRUE
share,TRUE
transfer,TRUE
protection,TRUE
acquisition,TRUE
collection,TRUE
transmission,TRUE
possible,FALSE
assume,TRUE
likely,FALSE
expect,TRUE
important,FALSE
desirable,FALSE
unlikely,FALSE
useful,FALSE
argue,TRUE
suggest,TRUE
necessary,FALSE
hope,TRUE
well,FALSE
person,TRUE
reader,TRUE
judge,FALSE
writer,FALSE
child,TRUE
test,TRUE
label,TRUE
see,TRUE
treat,TRUE
regard,TRUE
recognize,TRUE
accept,TRUE
take,TRUE
individual,TRUE
people,TRUE
person,TRUE
noun,FALSE
character,TRUE
child,TRUE
specie,TRUE
other,TRUE
certification,TRUE
performance,TRUE
qualification,TRUE
competitive,FALSE
write,TRUE
entrance,FALSE
admission,FALSE
field,TRUE
acceptance,FALSE
testing,TRUE
test,TRUE
step,TRUE
program,TRUE
procedure,TRUE
evaluation,TRUE
compliance,TRUE
license,TRUE
license,TRUE
#,FALSE
#,FALSE
these,FALSE
its,FALSE
those,FALSE
all,FALSE
design,TRUE
such,FALSE
their,FALSE
technical,FALSE
additional,FALSE
this,FALSE
software,TRUE
product,TRUE
composition,TRUE
status,TRUE
role,TRUE
readiness,FALSE
availability,TRUE
personnel,TRUE
#,FALSE
selection,TRUE
meet,TRUE
determine,TRUE
fulfil,TRUE
satisfy,TRUE
approve,TRUE
perform,TRUE
make,TRUE
review,TRUE
consider,TRUE
address,TRUE
understand,TRUE
configuration,TRUE
capability,TRUE
characteristic,TRUE
state,TRUE
specification,TRUE
country,TRUE
region,TRUE
area,TRUE
#,FALSE
#,FALSE
platform,TRUE
#,FALSE
#,FALSE
#,FALSE
#,FALSE
#,FALSE
#,FALSE
#,FALSE
require,TRUE
assign,TRUE
tag,FALSE
Database,FALSE
event,TRUE
file,TRUE
security,TRUE
resource,TRUE
service,TRUE
program,TRUE
content,TRUE
#,FALSE
type,FALSE
flow,TRUE
#,FALSE
grade,TRUE
display,TRUE
sensor,TRUE
recognition,FALSE
include,TRUE
have,TRUE
with,FALSE
include,TRUE
have,TRUE
offer,TRUE
include,TRUE
contain,TRUE
feature,TRUE
ability,TRUE
opportunity,TRUE
option,TRUE
mean,TRUE
possibility,TRUE
facility,TRUE
right,TRUE
tool,TRUE
tool,TRUE
track,TRUE
record,TRUE
monitor,TRUE
feature,TRUE
#,FALSE
product,TRUE
function,TRUE
d,FALSE
c,FALSE
s,FALSE
b,FALSE
10,FALSE
cd,FALSE
a,FALSE
t,FALSE
p,FALSE
indicate,TRUE
both,FALSE
criterion,TRUE
module,TRUE
develop,TRUE
publish,TRUE
complete,TRUE
release,TRUE
update,TRUE
finalize,FALSE
produce,TRUE
add,TRUE
prepare,TRUE
do,TRUE
design,TRUE
evaluate,TRUE
implementation,TRUE
initial,FALSE
final,FALSE
construction,TRUE
deployment,FALSE
assembly,FALSE
maintenance,TRUE
phase,TRUE
phase,TRUE
cycle,TRUE
step,TRUE
#,FALSE
acquire,TRUE
organize,TRUE
gather,TRUE
review,TRUE
utilize,TRUE
distribute,TRUE
analyze,TRUE
additional,FALSE
gather,TRUE
generate,TRUE
place,TRUE
seek,TRUE
for,FALSE
offer,TRUE
request,TRUE
aid,TRUE
essential,FALSE
interest,TRUE
advance,TRUE
result,TRUE
production,TRUE
understand,TRUE
preservation,FALSE
interpretation,TRUE
distribution,TRUE
retention,TRUE
java,FALSE
pdf,TRUE
basis,TRUE
guide,TRUE
base,TRUE
manage,TRUE
identify,TRUE
analyze,TRUE
generate,TRUE
describe,TRUE
digital,FALSE
statistical,FALSE
definition,TRUE
request,TRUE
report,TRUE
transaction,TRUE
component,TRUE
initiate,FALSE
acquire,TRUE
purchase,TRUE
request,TRUE
copy,TRUE
execute,TRUE
reject,TRUE
detect,TRUE
accept,TRUE
modify,TRUE
enter,TRUE
delete,TRUE
copy,TRUE
discard,TRUE
backup,TRUE
process,TRUE
batch,FALSE
stack,FALSE
recall,FALSE
modification,TRUE
forward,FALSE
removal,TRUE
revision,FALSE
distribute,TRUE
manage,TRUE
return,TRUE
transfer,TRUE
receive,TRUE
swap,FALSE
load,TRUE
reject,TRUE
repeat,FALSE
roll,FALSE
reverse,FALSE
fail,TRUE
merge,TRUE
default,TRUE
side,TRUE
instead,FALSE
party,TRUE
owner,TRUE
owner,TRUE
portion,TRUE
side,TRUE
key,FALSE
two,FALSE
many,FALSE
center,TRUE
two,FALSE
three,FALSE
some,FALSE
five,FALSE
four,FALSE
team,TRUE
player,TRUE
squad,FALSE
member,TRUE
candidate,TRUE
roster,FALSE
team,TRUE
player,TRUE
member,TRUE
squad,FALSE
staff,FALSE
statistic,TRUE
decision,TRUE
report,TRUE
calculation,TRUE
conclusion,TRUE
recommendation,TRUE
give,TRUE
show,TRUE
indicate,TRUE
state,TRUE
note,TRUE
detail,FALSE
explain,TRUE
present,TRUE
illustrate,TRUE
schedule,TRUE
table,TRUE
figure,FALSE
article,TRUE
paragraph,TRUE
FIFA,FALSE
chapter,TRUE
article,FALSE
step,TRUE
part,TRUE
formula,FALSE
ligue,FALSE
figure,TRUE
#,FALSE
#,FALSE
#,FALSE
#,FALSE
#,FALSE
version,TRUE
region,TRUE
area,TRUE
station,TRUE
market,TRUE
destination,TRUE
the,FALSE
no,FALSE
in,FALSE
one,FALSE
and,FALSE
an,FALSE
of,FALSE
vi,FALSE
you,FALSE
on,FALSE
chapter,TRUE
to,FALSE
if,FALSE
#,FALSE
рее,FALSE
forum,FALSE
execute,TRUE
handle,TRUE
approve,TRUE
detect,TRUE
enable,TRUE
coordinate,TRUE
entry,TRUE
transaction,TRUE
record,TRUE
plan,TRUE
address,TRUE
plan,TRUE
build,TRUE
policy,TRUE
contract,FALSE
GO,FALSE
who,FALSE
LA,FALSE
#,FALSE
#,FALSE
#,FALSE
support,TRUE
connect,TRUE
implement,TRUE
allow,TRUE
make,TRUE
operate,TRUE
reference,TRUE
addition,TRUE
contribution,TRUE
contributor,FALSE
modification,TRUE
title,TRUE
extension,TRUE
work,TRUE
section,TRUE
award,FALSE
source,TRUE
performance,TRUE
good,FALSE
award,TRUE
class,FALSE
and,FALSE
see,TRUE
also,FALSE
note,TRUE
in,FALSE
include,TRUE
contain,TRUE
follow,TRUE
three,FALSE
four,FALSE
basic,FALSE
main,FALSE
follow,FALSE
five,FALSE
element,FALSE
file,FALSE
block,TRUE
section,TRUE
level,TRUE
rule,TRUE
number,TRUE
page,TRUE
form,TRUE
title,TRUE
track,TRUE
outline,TRUE
describe,TRUE
cover,TRUE
determine,TRUE
explain,TRUE
minimum,FALSE
eligibility,FALSE
current,FALSE
training,TRUE
statutory,FALSE
syntax,TRUE
layout,FALSE
font,FALSE
output,TRUE
interactive,FALSE
entire,FALSE
actual,FALSE
example,TRUE
or,FALSE
general,FALSE
simple,FALSE
calculation,TRUE
scheduling,TRUE
programming,TRUE
procedure,TRUE
check,TRUE
operation,TRUE
assessment,TRUE
exam,TRUE
carry,TRUE
work,TRUE
carry,TRUE
act,TRUE
bear,TRUE
rule,TRUE
fill,TRUE
roll,TRUE
hand,TRUE
play,TRUE
carry,TRUE
lay,TRUE
one,FALSE
combination,TRUE
completion,FALSE
controller,FALSE
module,TRUE
cpu,FALSE
processor,TRUE
f,FALSE
o,FALSE
e,FALSE
r,FALSE
v,FALSE
w,FALSE
variant,TRUE
sort,TRUE
subset,FALSE
equivalent,FALSE
respective,FALSE
#,FALSE
be,FALSE
#,FALSE
as,FALSE
#,FALSE
#,FALSE
release,TRUE
support,TRUE
editing,FALSE
write,TRUE
read,TRUE
read,TRUE
from,FALSE
control,TRUE
support,TRUE
character,FALSE
key,FALSE
system,FALSE
network,FALSE
content,TRUE
directory,TRUE
layer,TRUE
header,FALSE
command,TRUE
folder,FALSE
box,TRUE
mesh,FALSE
node,TRUE
string,TRUE
diagram,FALSE
window,TRUE
kind,FALSE
version,TRUE
encode,TRUE
presentation,TRUE
proposal,TRUE
submission,TRUE
paper,TRUE
read,TRUE
case,TRUE
respect,TRUE
lieu,FALSE
case,TRUE
light,TRUE
charge,FALSE
conduct,TRUE
absence,FALSE
manufacture,FALSE
industrial,FALSE
project,TRUE
programme,FALSE
course,TRUE
plant,TRUE
factory,FALSE
mining,TRUE
gather,TRUE
handle,TRUE
allow,TRUE
cater,FALSE
call,TRUE
operate,TRUE
serve,TRUE
exist,TRUE
functionality,TRUE
benefit,TRUE
need,TRUE
feasible,FALSE
desire,TRUE
classroom,FALSE
train,TRUE
learn,TRUE
military,FALSE
work,TRUE
professional,FALSE
control,TRUE
workplace,FALSE
combat,TRUE
laboratory,FALSE
version,TRUE
mode,TRUE
python,FALSE
volume,TRUE
window,FALSE
stage,TRUE
platform,TRUE
give,TRUE
add,TRUE
show,TRUE
summary,FALSE
variety,TRUE
list,TRUE
series,TRUE
suite,FALSE
unit,TRUE
group,TRUE
site,TRUE
code,TRUE
company,TRUE
number,TRUE
building,TRUE
manufacture,FALSE
supply,TRUE
build,TRUE
issue,TRUE
today,TRUE
year,TRUE
day,FALSE
night,TRUE
2014,FALSE
2018,FALSE
summarize,TRUE
display,TRUE
discuss,TRUE
reference,TRUE
it,FALSE
testing,TRUE
programming,TRUE
standard,FALSE
#,FALSE
#,FALSE
guideline,TRUE
achieve,TRUE
ensure,TRUE
facilitate,TRUE
gain,TRUE
promote,TRUE
attain,TRUE
depth,FALSE
clarity,FALSE
sentence,FALSE
academic,FALSE
educational,FALSE
english,FALSE
administrative,FALSE
ID,FALSE
open,FALSE
action,TRUE
view,TRUE
interpret,TRUE
see,TRUE
treat,TRUE
symbol,TRUE
access,TRUE
recognize,TRUE
run,TRUE
without,FALSE
call,TRUE
within,FALSE
inside,FALSE
via,FALSE
graphic,FALSE
graphical,FALSE
script,TRUE
map,TRUE
chart,TRUE
weak,FALSE
strong,FALSE
strong,FALSE
dark,FALSE
small,FALSE
strong,FALSE
weak,FALSE
soft,FALSE
strong,FALSE
low,FALSE
powerful,FALSE
hard,FALSE
finite,FALSE
strength,FALSE
positive,FALSE
drive,TRUE
base,TRUE
orient,TRUE
impact,FALSE
economy,FALSE
perspective,FALSE
strategy,TRUE
factor,TRUE
theory,TRUE
assist,TRUE
involve,TRUE
employ,TRUE
leverage,FALSE
affect,TRUE
distinguish,TRUE
select,TRUE
separate,TRUE
choose,TRUE
remove,TRUE
pick,TRUE
find,TRUE
eliminate,TRUE
exclude,FALSE
recognize,TRUE
protect,TRUE
assess,FALSE
evaluate,TRUE
market,TRUE
#,FALSE
competition,TRUE
sector,FALSE
alternative,TRUE
category,TRUE
identify,TRUE
discuss,TRUE
represent,TRUE
#,FALSE
#,FALSE
#,FALSE
#,FALSE
human,FALSE
natural,FALSE
public,FALSE
internet,TRUE
db,FALSE
distribution,TRUE
message,TRUE
management,TRUE
project,FALSE
task,FALSE
scheme,FALSE
Protocol,FALSE
list,TRUE
enable,TRUE
cause,TRUE
permit,TRUE
command,TRUE
library,TRUE
frame,TRUE
disk,TRUE
server,TRUE
combination,TRUE
collection,TRUE
pair,FALSE
cluster,FALSE
transmit,TRUE
deliver,TRUE
send,TRUE
share,TRUE
allocate,FALSE
exchange,TRUE
convert,TRUE
export,TRUE
execution,TRUE
master,FALSE
execute,TRUE
delivery,FALSE
facility,TRUE
centre,FALSE
provider,TRUE
platform,TRUE
remote,FALSE
local,FALSE
central,FALSE
secure,FALSE
private,FALSE
near,FALSE
temporary,FALSE
isolate,FALSE
machine,TRUE
host,TRUE
receive,TRUE
deliver,TRUE
send,TRUE
host,TRUE
hold,TRUE
replication,TRUE
package,TRUE
user,FALSE
external,FALSE
knowledge,TRUE
group,TRUE
service,FALSE
manager,FALSE
edit,TRUE
server,FALSE
center,FALSE
agent,FALSE
centre,FALSE
exchange,FALSE
#,FALSE
architect,FALSE
engine,FALSE
library,FALSE
designer,FALSE
an,FALSE
any,FALSE
another,FALSE
generally,FALSE
one,FALSE
every,FALSE
each,FALSE
spelling,FALSE
write,TRUE
pronunciation,FALSE
abbreviation,FALSE
right,TRUE
norm,FALSE
accordance,FALSE
accord,TRUE
tune,FALSE
disagreement,FALSE
agreement,TRUE
keep,TRUE
conjunction,TRUE
contrast,TRUE
dispute,FALSE
parallel,TRUE
avoid,TRUE
suggest,TRUE
lack,TRUE
replacement,TRUE
comparison,TRUE
successor,FALSE
counterpart,FALSE
separation,FALSE
national,FALSE
option,TRUE
authority,TRUE
replace,TRUE
put,TRUE
place,TRUE
instal,FALSE
change,TRUE
store,TRUE
leave,TRUE
check,TRUE
add,TRUE
alter,TRUE
match,TRUE
remember,FALSE
early,FALSE
old,FALSE
old,FALSE
incorrect,FALSE
arbitrary,FALSE
marker,FALSE
mark,TRUE
Microsoft,FALSE
he,FALSE
IBM,FALSE
ieee,FALSE
Intel,FALSE
Google,FALSE
she,FALSE
deliver,TRUE
offer,TRUE
extension,TRUE
upgrade,TRUE
adaptation,FALSE
introduction,FALSE
amendment,FALSE
end,TRUE
direct,TRUE
signal,TRUE
Signal,FALSE
automate,TRUE
concurrent,FALSE
#,FALSE
logic,TRUE
per,FALSE
percent,FALSE
million,FALSE
multi,TRUE
ip,FALSE
assurance,FALSE
#,FALSE
route,FALSE
#,FALSE
#,FALSE
#,FALSE
#,FALSE
#,FALSE
#,FALSE
#,FALSE
future,TRUE
environment,TRUE
connectivity,TRUE
transfer,TRUE
solution,TRUE
connect,TRUE
terminal,TRUE
computer,TRUE
need,TRUE
continue,TRUE
require,TRUE
tend,TRUE
want,TRUE
know,TRUE
classify,TRUE
intend,TRUE
analogous,FALSE
apply,TRUE
belong,TRUE
relate,TRUE
identical,FALSE
similar,FALSE
unlike,FALSE
on,FALSE
under,FALSE
through,FALSE
by,FALSE
at,FALSE
after,FALSE
custom,FALSE
submit,TRUE
one,TRUE
bring,TRUE
add,TRUE
relate,TRUE
prefer,FALSE
choose,TRUE
select,TRUE
favourite,FALSE
favorite,FALSE
valid,FALSE
begin,TRUE
start,TRUE
seek,TRUE
try,TRUE
instruction,TRUE
guidance,FALSE
feedback,FALSE
prepare,TRUE
fundamental,FALSE
primary,FALSE
privacy,TRUE
mathematical,FALSE
principle,TRUE
factor,TRUE
keep,TRUE
bind,TRUE
protect,TRUE
govern,TRUE
keep,TRUE
property,TRUE
asset,TRUE
participant,FALSE
collaborative,FALSE
collaboration,TRUE
space,TRUE
style,TRUE
theme,FALSE
publish,TRUE
adopt,TRUE
follow,TRUE
review,TRUE
#,FALSE
prescribe,FALSE
responsible,FALSE
retain,TRUE
standardize,FALSE
maintain,TRUE
permit,TRUE
licence,FALSE
certificate,TRUE
arrange,FALSE
lobby,FALSE
screen,TRUE
approval,FALSE
discussion,TRUE
visitor,FALSE
there,FALSE
here,FALSE
they,FALSE
below,FALSE
assumption,TRUE
statement,TRUE
fact,TRUE
thing,TRUE
issue,TRUE
theorem,TRUE
universe,FALSE
equation,TRUE
condition,TRUE
sale,FALSE
marketing,FALSE
deliver,TRUE
administration,TRUE
shipping,FALSE
sale,FALSE
architecture,TRUE
API,FALSE
#,FALSE
game,TRUE
app,TRUE
commercial,FALSE
refer,TRUE
refer,TRUE
infrastructure,TRUE
allocation,FALSE
physical,FALSE
personal,FALSE
topic,TRUE
matter,TRUE
family,TRUE
rule,TRUE
example,TRUE
standard,TRUE
system,TRUE
law,TRUE
number,TRUE
model,TRUE
strategy,TRUE
distinguish,TRUE
differentiate,FALSE
construct,TRUE
extract,TRUE
derive,TRUE
divide,TRUE
differ,TRUE
piece,TRUE
bit,TRUE
chunk,FALSE
piece,TRUE
amount,TRUE
block,TRUE
info,FALSE
money,FALSE
call,TRUE
fix,TRUE
property,TRUE
bit,TRUE
kind,TRUE
sort,TRUE
fragment,FALSE
segment,FALSE
portion,TRUE
mathematic,FALSE
application,FALSE
program,FALSE
relation,FALSE
part,FALSE
property,FALSE
restrict,TRUE
applicable,FALSE
limit,FALSE
bind,TRUE
apply,TRUE
container,FALSE
card,TRUE
result,TRUE
sum,FALSE
encode,TRUE
sort,TRUE
record,TRUE
structure,TRUE
digit,TRUE
numerical,FALSE
integer,TRUE
total,FALSE
partial,FALSE
disk,TRUE
large,FALSE
#,FALSE
#,FALSE
#,FALSE
mark,TRUE
#,FALSE
#,FALSE
#,FALSE
box,TRUE
clue,FALSE
position,TRUE
orientation,FALSE
topology,FALSE
alarm,FALSE
alert,FALSE
algorithm,TRUE
sms,FALSE
interrupt,FALSE
attack,FALSE
email,TRUE
antenna,FALSE
amplifi,FALSE
mode,TRUE
dependent,FALSE
independent,FALSE
like,FALSE
enable,FALSE
focus,FALSE
base,TRUE
clock,TRUE
calendar,FALSE
pulse,FALSE
voice,FALSE
path,TRUE
intensive,FALSE
rich,FALSE
circuit,FALSE
sensor,TRUE
sign,TRUE
print,TRUE
collect,TRUE
post,TRUE
type,TRUE
change,TRUE
scan,TRUE
compress,TRUE
ship,TRUE
immediately,FALSE
straight,FALSE
separately,FALSE
advantage,TRUE
effect,TRUE
efficiency,TRUE
print,TRUE
washing,FALSE
coating,FALSE
scan,TRUE
lighting,FALSE
clean,FALSE
filter,FALSE
wipe,FALSE
fold,FALSE
paint,FALSE
dry,TRUE
lining,FALSE
cover,TRUE
trace,TRUE
render,FALSE
act,TRUE
cost,TRUE
speed,TRUE
price,FALSE
temperature,FALSE
angle,FALSE
frequency,TRUE
bandwidth,FALSE
maximum,FALSE
discount,FALSE
limit,TRUE
glance,FALSE
threshold,FALSE
premium,FALSE
least,FALSE
run,TRUE
remain,TRUE
automatic,FALSE
print,TRUE
drop,TRUE
black,FALSE
cut,TRUE
lock,FALSE
fill,TRUE
break,TRUE
pull,TRUE
interval,FALSE
schedule,TRUE
parameter,TRUE
fully,FALSE
completely,FALSE
automatically,FALSE
highly,FALSE
physically,FALSE
entirely,FALSE
permanently,FALSE
totally,FALSE
render,FALSE
globally,FALSE
legally,FALSE
calculate,TRUE
adjust,TRUE
verify,TRUE
check,TRUE
installation,TRUE
commencement,FALSE
begin,TRUE
termination,FALSE
initiation,FALSE
activation,FALSE
arrival,FALSE
subsequent,FALSE
single,FALSE
full,FALSE
comprehensive,FALSE
quick,FALSE
centralize,FALSE
fast,FALSE
flexible,FALSE
robust,FALSE
dedicate,FALSE
rapid,FALSE
engine,TRUE
customer,TRUE
visitor,FALSE
researcher,TRUE
community,TRUE
viewer,TRUE
locate,TRUE
retrieve,TRUE
reach,TRUE
enter,TRUE
article,TRUE
meet,TRUE
fit,TRUE
satisfy,TRUE
fulfill,FALSE
suit,TRUE
meet,TRUE
match,TRUE
requirement,TRUE
multiple,FALSE
multi,FALSE
single,FALSE
active,FALSE
fast,FALSE
#,FALSE
#,FALSE
handle,TRUE
utilize,TRUE
support,TRUE
deploy,TRUE
undertake,FALSE
community,TRUE
sector,FALSE
organization,TRUE
stakeholder,FALSE
customer,TRUE
business,TRUE
organisation,FALSE
client,TRUE
professional,TRUE
manager,TRUE
analyst,FALSE
administrator,TRUE
carrier,FALSE
developer,TRUE
bank,TRUE
driver,FALSE
processor,TRUE
traffic,TRUE
consumer,TRUE
operator,TRUE
supplier,FALSE
manufacturer,TRUE
specialist,FALSE
mobile,FALSE
corporate,FALSE
advance,FALSE
manager,TRUE
process,TRUE
note,TRUE
warning,FALSE
response,TRUE
special,FALSE
session,TRUE
incident,FALSE
point,FALSE
unit,FALSE
need,TRUE
order,TRUE
environment,FALSE
register,FALSE
ground,FALSE
call,FALSE
infrastructure,FALSE
time,FALSE
committee,FALSE
technique,TRUE
someone,FALSE
NSA,FALSE
hardware,TRUE
ask,TRUE
call,TRUE
check,TRUE
account,TRUE
search,TRUE
wait,FALSE
respond,TRUE
look,TRUE
occurrence,TRUE
violation,FALSE
violation,FALSE
breach,FALSE
circumstance,TRUE
constraint,TRUE
restriction,TRUE
obligation,FALSE
impose,FALSE
encounter,FALSE
observe,TRUE
cause,TRUE
accredit,FALSE
inform,FALSE
update,TRUE
implement,TRUE
set,TRUE
host,TRUE
apply,TRUE
terminate,FALSE
receive,TRUE
answer,TRUE
send,TRUE
depart,FALSE
visit,FALSE
respond,TRUE
outgoing,FALSE
demand,TRUE
symptom,FALSE
mathematical,FALSE
decision,TRUE
language,TRUE
logic,FALSE
classification,TRUE
#,FALSE
ethic,FALSE
theory,TRUE
philosophy,FALSE
behavior,TRUE
divide,TRUE
categorize,FALSE
organize,TRUE
subdivide,FALSE
break,TRUE
split,TRUE
put,TRUE
arrange,FALSE
separate,TRUE
interpretation,TRUE
idea,TRUE
law,TRUE
apache,FALSE
maintain,TRUE
comprise,TRUE
publish,TRUE
desktop,FALSE
receiver,FALSE
report,FALSE
division,FALSE
place,FALSE
put,TRUE
get,TRUE
check,TRUE
bring,TRUE
review,TRUE
send,TRUE
view,TRUE
change,TRUE
alteration,FALSE
comment,TRUE
development,TRUE
recommend,TRUE
assess,TRUE
amendment,FALSE
proposal,TRUE
improvement,TRUE
upgrade,TRUE
acquisition,TRUE
renovation,FALSE
incorporate,TRUE
take,TRUE
lay,TRUE
cut,TRUE
turn,TRUE
working,TRUE
pull,TRUE
break,TRUE
block,TRUE
complete,FALSE
last,FALSE
concern,TRUE
provision,TRUE
regulation,TRUE
order,TRUE
variant,TRUE
variation,FALSE
size,TRUE
variety,TRUE
configuration,TRUE
detection,TRUE
namely,FALSE
notably,FALSE
however,FALSE
typically,FALSE
currently,FALSE
usually,FALSE
respectively,FALSE
mainly,FALSE
specifically,FALSE
generally,FALSE
therefore,FALSE
comprise,TRUE
Model,FALSE
pack,FALSE
know,TRUE
refer,TRUE
characterize,FALSE
denote,TRUE
term,TRUE
disc,TRUE
partition,FALSE
drive,TRUE
tape,FALSE
magnetic,FALSE
kernel,FALSE
flash,TRUE
ram,TRUE
shadow,FALSE
encryption,TRUE
lock,FALSE
block,TRUE
roll,FALSE
regard,TRUE
notorious,FALSE
rip,FALSE
compression,FALSE
extraction,FALSE
crack,FALSE
wrap,FALSE
recycle,FALSE
reduction,FALSE
strip,FALSE
garbage,FALSE
disperse,FALSE
spread,TRUE
scatter,FALSE
pass,TRUE
move,TRUE
circulate,FALSE
patch,FALSE
packet,FALSE
package,TRUE
drive,TRUE
disc,TRUE
send,TRUE
assign,TRUE
pass,TRUE
return,TRUE
apply,TRUE
take,TRUE
move,TRUE
write,TRUE
special,FALSE
random,FALSE
constant,FALSE
buffer,FALSE
cell,FALSE
vector,TRUE
cache,FALSE
correction,FALSE
repair,TRUE
error,TRUE
compensation,FALSE
fail,TRUE
die,TRUE
can,FALSE
crash,FALSE
fail,TRUE
quantity,FALSE
interval,FALSE
burst,FALSE
volume,TRUE
margin,FALSE
#,FALSE
internal,FALSE
conversion,FALSE
link,TRUE
export,FALSE
convert,TRUE
contribute,TRUE
foundation,TRUE
modern,FALSE
network,TRUE
tendency,FALSE
problem,TRUE
difficulty,TRUE
failure,TRUE
chance,TRUE
necessity,FALSE
challenge,TRUE
desire,TRUE
potential,TRUE
concern,TRUE
incentive,FALSE
simplicity,TRUE
adjust,TRUE
estimate,TRUE
reduce,TRUE
log,TRUE
even,FALSE
setting,TRUE
session,TRUE
ignore,FALSE
monitor,TRUE
compromise,FALSE
disrupt,FALSE
target,TRUE
operate,TRUE
affect,TRUE
distract,FALSE
inform,FALSE
connect,TRUE
employ,TRUE
aware,FALSE
concern,TRUE
influence,TRUE
attract,FALSE
interested,FALSE
inspire,FALSE
previous,FALSE
diagnostic,FALSE
scientific,FALSE
measurement,TRUE
medical,FALSE
measure,TRUE
examination,TRUE
inspection,TRUE
mark,TRUE
draw,TRUE
pull,TRUE
#,FALSE
#,FALSE
observation,TRUE
manipulation,TRUE
stimulation,FALSE
image,TRUE
examination,TRUE
survey,FALSE
measurement,TRUE
investigation,FALSE
surgery,FALSE
screen,TRUE
confirm,TRUE
assure,TRUE
prove,TRUE
demonstrate,TRUE
guarantee,TRUE
qualification,TRUE
rating,FALSE
store,TRUE
monitor,FALSE
manage,TRUE
other,FALSE
interaction,TRUE
ease,TRUE
encourage,TRUE
collect,TRUE
search,TRUE
sort,TRUE
edit,TRUE
view,TRUE
page,TRUE
link,TRUE
compare,TRUE
map,TRUE
Linux,FALSE
offer,TRUE
comparison,TRUE
several,FALSE
no,FALSE
recent,FALSE
major,FALSE
make,TRUE
far,FALSE
climate,FALSE
small,FALSE
#,FALSE
climate,TRUE
financial,FALSE
economic,FALSE
use,TRUE
change,TRUE
make,TRUE
also,FALSE
#,FALSE
note,TRUE
book,TRUE
short,FALSE
illustration,FALSE
hire,FALSE
woman,FALSE
Germany,FALSE
sport,FALSE
student,TRUE
man,TRUE
Europe,FALSE
#,FALSE
office,TRUE
department,FALSE
office,TRUE
assistant,FALSE
Corps,FALSE
department,TRUE
division,TRUE
new,FALSE
#,FALSE
permission,FALSE
authorization,FALSE
fund,FALSE
opportunity,TRUE
clearance,FALSE
connect,TRUE
import,TRUE
smart,FALSE
memory,FALSE
personal,FALSE
Geographic,FALSE
domain,FALSE
focus,TRUE
rely,TRUE
rely,TRUE
rely,TRUE
emphasis,FALSE
focus,TRUE
depend,TRUE
reliance,FALSE
rely,TRUE
depend,TRUE
depend,TRUE
depend,TRUE
limitation,TRUE
defect,FALSE
limit,TRUE
require,TRUE
involve,TRUE
need,TRUE
merely,FALSE
provision,FALSE
instrument,TRUE
apparatus,FALSE
instrumentation,FALSE
specialize,FALSE
mechanical,FALSE
technological,FALSE
functional,FALSE
key,FALSE
guide,FALSE
index,FALSE
regulation,FALSE
introduction,FALSE
right,FALSE
grammar,TRUE
translation,TRUE
speech,FALSE
keyboard,FALSE
dialect,FALSE
expression,TRUE
accumulation,TRUE
archive,FALSE
inventory,FALSE
improvement,TRUE
qualified,FALSE
qualify,TRUE
reliability,TRUE
incomplete,FALSE
intelligence,FALSE
practice,TRUE
compilation,TRUE
percentage,FALSE
score,FALSE
gain,TRUE
compile,TRUE
computational,FALSE
sample,TRUE
experimental,FALSE
safety,TRUE
aspect,TRUE
#,FALSE
lead,TRUE
contribute,TRUE
correspond,TRUE
relate,TRUE
reduce,TRUE
translate,FALSE
extend,TRUE
bind,TRUE
sound,TRUE
pressure,FALSE
error,TRUE
sound,FALSE
record,TRUE
score,FALSE
intensity,FALSE
instrument,FALSE
play,TRUE
absolute,FALSE
target,TRUE
outlet,FALSE
downstream,FALSE
destination,FALSE
sink,FALSE
filter,FALSE
secondary,FALSE
root,FALSE
emission,TRUE
tail,FALSE
#,FALSE
#,FALSE
#,FALSE
#,FALSE
#,FALSE
#,FALSE
#,FALSE
#,FALSE
demand,FALSE
premise,FALSE
premise,FALSE
board,FALSE
grid,FALSE
manner,TRUE
method,FALSE
control,TRUE
limit,TRUE
regulate,FALSE
grant,TRUE
prevent,TRUE
secure,TRUE
increase,TRUE
promote,TRUE
ownership,FALSE
copyright,FALSE
disclosure,FALSE
possession,FALSE
website,TRUE
conditional,FALSE
contingent,FALSE
found,TRUE
center,TRUE
nationality,FALSE
interest,TRUE
preference,TRUE
population,FALSE
age,TRUE
place,TRUE
institution,FALSE
subject,TRUE
belong,TRUE
belong,TRUE
interact,FALSE
attach,TRUE
reside,TRUE
speak,TRUE
essence,FALSE
fact,TRUE
turn,TRUE
Canada,FALSE
principle,TRUE
patent,FALSE
sanction,FALSE
license,TRUE
exception,TRUE
extend,TRUE
go,TRUE
move,TRUE
safe,FALSE
compatible,FALSE
improve,TRUE
campus,FALSE
repair,TRUE
overhaul,FALSE
renewal,FALSE
reason,TRUE
#,FALSE
National,FALSE
archive,TRUE
give,TRUE
electronic,FALSE
interest,FALSE
individual,FALSE
image,FALSE
action,FALSE
geographic,FALSE
register,FALSE
to,FALSE
bank,FALSE
lose,TRUE
destroy,FALSE
damage,FALSE
miss,TRUE
recover,TRUE
steal,TRUE
empty,FALSE
dead,FALSE
capture,TRUE
preserve,TRUE
save,TRUE
leave,TRUE
attacker,FALSE
operator,TRUE
driver,FALSE
recover,TRUE
combine,TRUE
borrow,FALSE
restore,TRUE
steal,TRUE
large,FALSE
#,FALSE
#,FALSE
#,FALSE
background,FALSE
trace,TRUE
save,TRUE
regain,FALSE
salvage,FALSE
accumulate,FALSE
want,TRUE
ask,TRUE
encourage,TRUE
allow,TRUE
urge,TRUE
invite,TRUE
we,FALSE
designer,FALSE
Wikipedia,FALSE
editor,TRUE
reader,TRUE
writer,FALSE
everyone,FALSE
#,FALSE
capital,FALSE
practitioner,FALSE
applicant,FALSE
phrase,TRUE
phrase,TRUE
think,TRUE
perceive,FALSE
say,TRUE
prefer,TRUE
literature,FALSE
express,TRUE
represent,TRUE
rank,TRUE
chart,TRUE
weather,FALSE
next,FALSE
precede,FALSE
sport,FALSE
convenience,FALSE
century,TRUE
formula,TRUE
notation,FALSE
imply,TRUE
mean,TRUE
assume,TRUE
claim,TRUE
argue,TRUE
predict,FALSE
tell,TRUE
increase,TRUE
measure,TRUE
man,TRUE
woman,FALSE
parent,TRUE
boy,FALSE
patient,FALSE
voter,FALSE
student,TRUE
surname,FALSE
birthday,TRUE
birth,TRUE
death,TRUE
birthplace,FALSE
signature,TRUE
take,TRUE
divide,TRUE
get,TRUE
calculate,TRUE
extend,TRUE
raise,TRUE
move,TRUE
shift,FALSE
conception,FALSE
retirement,FALSE
bear,TRUE
start,TRUE
historical,FALSE
#,FALSE
year,TRUE
date,TRUE
month,TRUE
#,FALSE
month,TRUE
generation,FALSE
attach,TRUE
test,TRUE
course,TRUE
Institute,FALSE
undergo,FALSE
comprise,TRUE
demonstration,FALSE
zone,TRUE
improve,TRUE
enhance,TRUE
cut,FALSE
correlation,FALSE
operate,TRUE
advanced,FALSE
power,TRUE
many,FALSE
various,FALSE
engineer,FALSE
introduce,TRUE
overhead,FALSE
cloud,TRUE
consumer,TRUE
#,FALSE
#,FALSE
controller,TRUE
boost,TRUE
improve,TRUE
well,FALSE
increase,TRUE
productivity,FALSE
issue,TRUE
law,TRUE
legislation,FALSE
power,TRUE
deal,TRUE
along,FALSE
together,FALSE
consistent,FALSE
align,FALSE
deal,TRUE
#,FALSE
engine,TRUE
license,TRUE
common,FALSE
major,FALSE
global,FALSE
area,FALSE
group,FALSE
product,FALSE
unlock,FALSE
launch,FALSE
install,FALSE
intent,FALSE
idea,TRUE
intention,FALSE
vision,TRUE
HP,FALSE
AI,FALSE
SAS,FALSE
foster,FALSE
strengthen,FALSE
interaction,TRUE
interchange,FALSE
coordination,FALSE
dimension,TRUE
os,FALSE
employee,FALSE
manipulate,TRUE
document,TRUE
protect,TRUE
curate,FALSE
integrate,TRUE
#,FALSE
#,FALSE
#,FALSE
#,FALSE
#,FALSE
#,FALSE
port,TRUE
terminal,FALSE
baggage,FALSE
good,TRUE
combine,TRUE
omit,FALSE
count,TRUE
download,TRUE
search,TRUE
sign,TRUE
print,TRUE
post,TRUE
mail,TRUE
manufacturer,TRUE
core,FALSE
collection,TRUE
Dictionary,FALSE
analysis,TRUE
creation,TRUE
establishment,FALSE
Unix,FALSE
computing,FALSE
computer,FALSE
reference,FALSE
name,TRUE
capture,TRUE
text,TRUE
viewpoint,FALSE
browser,TRUE
combine,TRUE
incorporate,TRUE
compare,TRUE
view,TRUE
perspective,TRUE
lack,TRUE
increase,TRUE
exhibit,FALSE
lose,TRUE
promote,TRUE
great,FALSE
less,FALSE
extra,FALSE
little,FALSE
significant,FALSE
great,FALSE
enhance,FALSE
discrimination,FALSE
confusion,FALSE
match,TRUE
uncertainty,FALSE
observer,FALSE
creator,FALSE
recipient,FALSE
participant,FALSE
holder,FALSE
seem,TRUE
wish,TRUE
expect,TRUE
happen,TRUE
intend,TRUE
care,TRUE
pretend,FALSE
learn,TRUE
guess,TRUE
come,TRUE
originate,TRUE
originate,TRUE
arrive,FALSE
arrive,FALSE
start,TRUE
derive,TRUE
stem,TRUE
come,TRUE
appoint,TRUE
point,TRUE
site,TRUE
plan,TRUE
port,FALSE
line,TRUE
area,TRUE
person,TRUE
station,FALSE
certificate,TRUE
spot,FALSE
inspect,FALSE
examine,FALSE
activity,TRUE
follow,TRUE
save,TRUE
top,FALSE
show,TRUE
enable,TRUE
let,TRUE
permit,TRUE
teach,TRUE
ask,TRUE
tell,TRUE
easy,FALSE
correct,FALSE
sole,FALSE
exclusive,FALSE
convenient,FALSE
button,FALSE
profile,TRUE
trace,FALSE
typical,FALSE
outcome,FALSE
priority,TRUE
formulate,FALSE
cover,TRUE
regard,TRUE
concern,TRUE
around,FALSE
aircraft,TRUE
game,TRUE
vehicle,TRUE
car,TRUE
race,FALSE
weight,TRUE
weight,TRUE
competition,TRUE
discretion,FALSE
responsibility,TRUE
mandate,FALSE
duty,TRUE
freedom,FALSE
remove,TRUE
thousand,FALSE
hundred,FALSE
sequence,TRUE
#,FALSE
#,FALSE
responsibility,TRUE
able,FALSE
say,TRUE
predict,TRUE
anticipate,FALSE
think,TRUE
grow,TRUE
arise,TRUE
expand,TRUE
vary,TRUE
extent,TRUE
magnitude,FALSE
length,TRUE
small,FALSE
maintenance,FALSE
transfer,TRUE
protection,FALSE
involve,TRUE
perform,TRUE
handle,TRUE
load,TRUE
relocation,FALSE
destruction,FALSE
redundant,FALSE
issue,TRUE
privilege,FALSE
credential,FALSE
optimization,FALSE
forest,FALSE
land,FALSE
land,FALSE
conservation,FALSE
specie,FALSE
wildlife,FALSE
plant,FALSE
district,FALSE
Gardens,FALSE
name,FALSE
plant,FALSE
regis,FALSE
11,FALSE
15,FALSE
13,FALSE
ii,FALSE
12,FALSE
yellow,FALSE
red,FALSE
color,FALSE
be,FALSE
denote,TRUE
follow,TRUE
title,TRUE
rank,TRUE
suffix,FALSE
citation,FALSE
mistake,FALSE
mission,TRUE
utilize,TRUE
proprietary,FALSE
patent,FALSE
disadvantage,FALSE
consideration,FALSE
motivation,FALSE
limitation,TRUE
poor,FALSE
inadequate,FALSE
traditional,FALSE
good,FALSE
insufficient,FALSE
card,TRUE
#,FALSE
chip,FALSE
certify,FALSE
partnership,TRUE
consultation,FALSE
concert,FALSE
,FALSE
direct,FALSE
online,FALSE
link,TRUE
simple,FALSE
journal,FALSE
journal,FALSE
complex,FALSE
report,TRUE
serial,FALSE
binary,FALSE
zip,FALSE
#,FALSE
#,FALSE
#,FALSE
#,FALSE
generator,FALSE
artifact,TRUE
compose,TRUE
alongside,FALSE
six,FALSE
first,FALSE
free,FALSE
_,FALSE
trade,FALSE
bilateral,FALSE
settlement,FALSE
loan,FALSE
payment,FALSE
clause,FALSE
DC,FALSE
tv,TRUE
dvd,TRUE
cd,TRUE
dvd,TRUE
CT,FALSE
dd,FALSE
sd,FALSE
DS,FALSE
VHS,FALSE
abs,FALSE
ad,FALSE
3d,FALSE
hd,FALSE
label,TRUE
sign,TRUE
key,TRUE
signal,FALSE
plate,FALSE
etc,FALSE
public,FALSE
visual,FALSE
text,TRUE
general,FALSE
basic,FALSE
#,FALSE
#,FALSE
#,FALSE
#,FALSE
#,FALSE
#,FALSE
#,FALSE
#,FALSE
#,FALSE
video,TRUE
graph,TRUE
input,TRUE
rating,FALSE
relegation,FALSE
precedence,FALSE
exit,FALSE
priority,FALSE
distance,FALSE
score,FALSE
consideration,FALSE
question,TRUE
follow,FALSE
simple,FALSE
usual,FALSE
alliance,FALSE
affiliation,FALSE
tandem,FALSE
entry,TRUE
connection,TRUE
attachment,FALSE
communication,TRUE
travel,TRUE
learn,TRUE
transportation,FALSE
return,TRUE
get,TRUE
artifact,TRUE
prevent,TRUE
imply,TRUE
grant,TRUE
damage,FALSE
return,TRUE
hold,TRUE
receive,TRUE
much,FALSE
most,FALSE
result,TRUE
evidence,TRUE
problem,TRUE
effect,TRUE
activity,TRUE
linguistic,FALSE
raw,FALSE
sample,TRUE
observation,TRUE
estimate,TRUE
projection,FALSE
analysis,TRUE
transformation,FALSE
adjustment,FALSE
translation,TRUE
claim,TRUE
prediction,FALSE
arise,TRUE
form,TRUE
construct,TRUE
exercise,FALSE
possess,TRUE
enjoy,FALSE
jurisdiction,FALSE
competence,FALSE
force,TRUE
resolve,TRUE
settle,TRUE
investigate,FALSE
solve,TRUE
hear,TRUE
answer,TRUE
pursue,FALSE
dispute,TRUE
conflict,TRUE
matter,TRUE
issue,TRUE
disagreement,FALSE
litigation,FALSE
universal,FALSE
world,FALSE
Australia,FALSE
America,FALSE
Asia,FALSE
US,FALSE
european,FALSE
USA,FALSE
Japan,FALSE
pacific,FALSE
nation,FALSE
communicate,FALSE
cooperate,FALSE
comply,TRUE
deal,TRUE
compete,FALSE
collaborate,FALSE
interfere,FALSE
intermediate,FALSE
transport,FALSE
automation,FALSE
branch,TRUE
centre,FALSE
privilege,FALSE
luxury,FALSE
distinction,FALSE
staff,TRUE
consult,FALSE
direct,TRUE
augment,FALSE
assist,TRUE
supervise,FALSE
program,TRUE
instruct,FALSE
man,TRUE
scene,FALSE
ground,TRUE
shore,FALSE
job,TRUE
technician,FALSE
expert,FALSE
compensate,FALSE
accommodate,FALSE
cope,TRUE
daily,FALSE
shape,TRUE
frequency,TRUE
strength,FALSE
distance,FALSE
weight,FALSE
speed,FALSE
cost,TRUE
attempt,TRUE
convert,TRUE
insert,FALSE
translate,FALSE
biological,FALSE
genetic,FALSE
tree,TRUE
field,TRUE
path,TRUE
flash,FALSE
core,TRUE
dos,FALSE
run,TRUE
bridge,FALSE
decrease,TRUE
vary,TRUE
disappear,FALSE
end,TRUE
differ,TRUE
win,FALSE
remain,TRUE
optical,FALSE
gate,FALSE
register,TRUE
succession,FALSE
preference,FALSE
eight,FALSE
instal,FALSE
merge,TRUE
insert,TRUE
replace,TRUE
attempt,TRUE
effort,TRUE
experiment,TRUE
initiative,FALSE
arrangement,FALSE
decrease,TRUE
gender,FALSE
language,TRUE
structure,TRUE
grammar,FALSE
image,TRUE
face,FALSE
analyze,TRUE
helpful,FALSE
examine,FALSE
whether,FALSE
alternative,TRUE
shift,TRUE
attitude,FALSE
meaning,TRUE
group,TRUE
pair,TRUE
contexts,TRUE
policy,TRUE
non,FALSE
semi,FALSE
quasi,FALSE
Non,FALSE
sub,FALSE
brand,FALSE
often,FALSE
otherwise,FALSE
wireless,FALSE
make,TRUE
capable,FALSE
hope,TRUE
reduce,TRUE
avoid,TRUE
dependence,FALSE
attack,FALSE
restriction,TRUE
collection,TRUE
hundred,FALSE
source,TRUE
thousand,FALSE
typical,FALSE
string,TRUE
line,TRUE
vector,TRUE
span,FALSE
instruction,TRUE
integer,TRUE
digit,FALSE
letter,TRUE
second,FALSE
arrow,FALSE
expression,TRUE
edge,FALSE
picture,FALSE
switch,TRUE
lead,TRUE
color,TRUE
television,FALSE
video,TRUE
graphic,FALSE
laser,TRUE
screen,TRUE
tape,FALSE
board,FALSE
camera,FALSE
wire,FALSE
clock,TRUE
cable,FALSE
battery,FALSE
watch,FALSE
mouse,FALSE
tablet,FALSE
phone,FALSE
ecology,FALSE
variation,FALSE
choice,FALSE
coefficient,FALSE
match,TRUE
weight,TRUE
balance,FALSE
accompany,FALSE
producer,FALSE
sign,TRUE
log,TRUE
launch,FALSE
agency,TRUE
thus,FALSE
contact,FALSE
biographical,FALSE
noise,FALSE
#,FALSE
#,FALSE
#,FALSE
axi,FALSE
help,TRUE
development,FALSE
construction,FALSE
driver,FALSE
architecture,FALSE
bring,TRUE
phase,TRUE
preparation,FALSE
framework,FALSE
Manual,FALSE
ready,FALSE
easy,FALSE
guarantee,TRUE
difficult,FALSE
stay,TRUE
remain,TRUE
me,FALSE
up,FALSE
visit,FALSE
programme,FALSE
NASA,FALSE
compare,TRUE
similarly,FALSE
next,FALSE
prior,FALSE
movie,FALSE
film,TRUE
book,TRUE
comic_strip,FALSE
film,TRUE
music,FALSE
youtube,FALSE
audio,FALSE
understanding,FALSE
building,TRUE
hide,FALSE
different,FALSE
feed,TRUE
choice,TRUE
button,FALSE
display,TRUE
mark,TRUE
full,FALSE
current,FALSE
historical,FALSE
#,FALSE
#,FALSE
London,FALSE
#,FALSE
that,FALSE
prevent,TRUE
transformation,FALSE
award,TRUE
control,TRUE
court,TRUE
arrangement,FALSE
belief,FALSE
assumption,TRUE
party,TRUE
channel,TRUE
legal,FALSE
parental,FALSE
#,FALSE
fee,FALSE
#,FALSE
pass,TRUE
turn,TRUE
transfer,TRUE
hand,TRUE
pass,TRUE
sign,TRUE
consent,FALSE
sustainability,FALSE
continuity,FALSE
authenticity,FALSE
uniform,FALSE
unify,FALSE
broad,FALSE
consensus,FALSE
negotiation,FALSE
dialogue,FALSE
collaboration,TRUE
outline,TRUE
gallery,FALSE
demonstrate,TRUE
reflect,TRUE
evolution,FALSE
assignment,FALSE
contribution,FALSE
progression,FALSE
phase,TRUE
aspect,TRUE
time,TRUE
static,FALSE
atmosphere,FALSE
vary,FALSE
efficient,FALSE
complicated,FALSE
diverse,FALSE
substantial,FALSE
expensive,FALSE
demand,FALSE
assume,TRUE
suggest,TRUE
indicate,TRUE
reflect,TRUE
budget,FALSE
equal,FALSE
few,FALSE
close,FALSE
senior,FALSE
#,FALSE
elsewhere,FALSE
real,FALSE
impose,TRUE
duty,TRUE
incorporate,TRUE
lifetime,FALSE
then,FALSE
where,FALSE
translation,TRUE
specifically,FALSE
trademark,FALSE
read,TRUE
sing,TRUE
exclude,FALSE
serve,TRUE
act,TRUE
serve,TRUE
counter,FALSE
recommend,TRUE
visitor,FALSE
individual,TRUE
People,FALSE
citizen,FALSE
student,TRUE
company,TRUE
state,TRUE
we,FALSE
volunteer,FALSE
you,FALSE
researcher,TRUE
advise,TRUE
permit,TRUE
late,FALSE
listen,FALSE
reply,FALSE
attend,FALSE
advice,FALSE
warning,FALSE
release,TRUE
discussion,TRUE
build,TRUE
create,TRUE
write,TRUE
design,TRUE
other,TRUE
unit,TRUE
have,TRUE
mother,FALSE
adult,FALSE
wife,FALSE
spouse,FALSE
parent,TRUE
mother,FALSE
father,FALSE
infant,FALSE
husband,FALSE
child,TRUE
adult,FALSE
daughter,FALSE
son,FALSE
offspring,FALSE
sible,FALSE
kid,FALSE
sister,FALSE
guardian,FALSE
baby,FALSE
editor,FALSE
officer,FALSE
director,FALSE
membership,FALSE
specialist,FALSE
chair,FALSE
leader,FALSE
administrator,FALSE
Commission,FALSE
try,TRUE
stop,TRUE
curb,TRUE
halt,TRUE
minimize,FALSE
restrict,TRUE
eliminate,TRUE
quantity,FALSE
virus,FALSE
app,TRUE
urge,TRUE
advise,TRUE
caution,FALSE
dog,FALSE
something,FALSE
movement,FALSE
communicate,FALSE
contribute,TRUE
feed,TRUE
discovery,FALSE
without,FALSE
not,FALSE
argument,TRUE
sentence,FALSE
log,TRUE
discipline,FALSE
science,TRUE
industry,TRUE
firm,FALSE
employ,TRUE
incorporate,TRUE
introduce,TRUE
support,TRUE
publish,TRUE
integrate,TRUE
chapter,TRUE
manual,FALSE
highlight,FALSE
well,FALSE
far,FALSE
substantially,FALSE
significantly,FALSE
slightly,FALSE
hold,TRUE
somewhat,FALSE
raise,TRUE
considerably,FALSE
regulation,TRUE
exercise,FALSE
enjoy,FALSE
grant,TRUE
afford,FALSE
Congress,FALSE
parliament,FALSE
government,TRUE
government,FALSE
parliament,FALSE
keyne,FALSE
#,FALSE
encompasse,FALSE
generation,FALSE
multimedia,FALSE
research,FALSE
keep,TRUE
house,TRUE
host,TRUE
situate,FALSE
know,TRUE
own,TRUE
#,FALSE
#,FALSE
regulatory,FALSE
executive,FALSE
overall,FALSE
legislative,FALSE
regard,TRUE
portal,FALSE
along,FALSE
combine,TRUE
together,FALSE
#,FALSE
order,TRUE
height,FALSE
volume,TRUE
shape,TRUE
dimension,TRUE
density,FALSE
geometry,TRUE
as,FALSE
commonly,FALSE
normally,FALSE
sometimes,FALSE
lead,TRUE
pseudo,FALSE
x,TRUE
alpha,FALSE
#,FALSE
certificate,TRUE
card,FALSE
status,FALSE
possess,TRUE
possess,TRUE
organization,FALSE
executive,FALSE
operation,TRUE
business,TRUE
administrative,FALSE
corporate,FALSE
narrative,FALSE
overview,FALSE
contact,FALSE
mail,TRUE
Clear,FALSE
go,TRUE
#,FALSE
letter,TRUE
commerce,FALSE
#,FALSE
reader,FALSE
passport,FALSE
find,TRUE
only,FALSE
achieve,TRUE
especially,FALSE
surface,TRUE
body,TRUE
approach,TRUE
more,FALSE
education,TRUE
high,FALSE
low,FALSE
low,FALSE
paper,TRUE
mandatory,FALSE
nominate,FALSE
deny,TRUE
adopt,TRUE
eligible,FALSE
retire,FALSE
resident,FALSE
appoint,TRUE
nominee,FALSE
disable,FALSE
reserve,FALSE
window,FALSE
value,TRUE
mind,FALSE
thing,TRUE
encourage,TRUE
direct,TRUE
help,TRUE
consciousness,FALSE
electricity,FALSE
thought,FALSE
travel,TRUE
human,TRUE
throughout,FALSE
across,FALSE
outside,FALSE
mental,FALSE
possibility,TRUE
foundation,TRUE
anyone,FALSE
Minister,FALSE
agency,FALSE
dealer,FALSE
native,FALSE
proper,FALSE
normal,FALSE
patch,FALSE
seek,TRUE
try,TRUE
seek,TRUE
attempt,TRUE
aim,TRUE
relieve,FALSE
offset,FALSE
alleviate,FALSE
severe,FALSE
degradation,FALSE
loss,TRUE
gain,TRUE
difficulty,FALSE
robot,FALSE
hence,FALSE
among,FALSE
direction,FALSE
initiative,FALSE
trend,FALSE
effort,FALSE
acquire,TRUE
organize,TRUE
prepare,TRUE
introduce,TRUE
invite,FALSE
assist,TRUE
citizen,FALSE
suit,TRUE
exceed,FALSE
capture,TRUE
preserve,TRUE
coordinate,TRUE
large,FALSE
popularity,FALSE
proliferation,FALSE
reduce,TRUE
prove,TRUE
demonstrate,TRUE
overlap,FALSE
instability,FALSE
concurrency,FALSE
distortion,FALSE
delay,FALSE