division,FALSE
unit,FALSE
division,TRUE
#,FALSE
release,TRUE
publish,TRUE
complete,TRUE
implement,TRUE
instal,TRUE
update,TRUE
issue,TRUE
execute,TRUE
deliver,TRUE
launch,TRUE
ship,TRUE
use,TRUE
announce,TRUE
produce,TRUE
provide,TRUE
include,TRUE
contain,TRUE
preserve,TRUE
present,TRUE
obtain,TRUE
verify,TRUE
publish,TRUE
update,TRUE
give,TRUE
hold,TRUE
maintain,TRUE
collect,TRUE
description,TRUE
detail,TRUE
analysis,TRUE
information,TRUE
documentation,TRUE
description,TRUE
datum,TRUE
knowledge,TRUE
result,TRUE
history,TRUE
content,TRUE
summary,TRUE
content,TRUE
explanation,TRUE
version,TRUE
reality,FALSE
world,TRUE
machine,TRUE
network,TRUE
#,FALSE
#,FALSE
security,TRUE
user,TRUE
memory,TRUE
state,TRUE
domain,TRUE
system,TRUE
computer,TRUE
configuration,TRUE
management,TRUE
find,TRUE
available,FALSE
successful,FALSE
detect,TRUE
discover,TRUE
capture,TRUE
consider,TRUE
make,TRUE
identify,TRUE
encounter,FALSE
include,TRUE
list,TRUE
contain,TRUE
record,TRUE
cite,TRUE
specify,TRUE
mention,TRUE
note,TRUE
reference,TRUE
describe,TRUE
cover,TRUE
document,TRUE
element,TRUE
unit,TRUE
block,FALSE
component,TRUE
structure,TRUE
object,TRUE
entity,TRUE
representation,FALSE
node,TRUE
pair,TRUE
variable,TRUE
record,TRUE
segment,FALSE
array,FALSE
treat,FALSE
represent,TRUE
know,TRUE
interpret,TRUE
analyze,TRUE
store,TRUE
process,TRUE
define,TRUE
view,TRUE
classify,TRUE
structure,TRUE
present,TRUE
instruction,TRUE
character,TRUE
logic,TRUE
code,TRUE
logical,FALSE
rule,TRUE
value,TRUE
model,TRUE
command,TRUE
size,TRUE
release,TRUE
update,FALSE
on,FALSE
retrieve,TRUE
archive,TRUE
date,TRUE
1,FALSE
a,FALSE
0,FALSE
s,FALSE
2,FALSE
10,FALSE
b,FALSE
c,FALSE
2000,FALSE
r,FALSE
term,TRUE
reason,TRUE
purpose,TRUE
ease,TRUE
article,TRUE
reason,TRUE
frame,TRUE
convenience,FALSE
freedom,TRUE
matter,TRUE
issue,TRUE
point,TRUE
purpose,TRUE
document,TRUE
word,TRUE
comparison,TRUE
classification,TRUE
access,TRUE
use,TRUE
search,TRUE
identification,TRUE
purchase,FALSE
transport,TRUE
reference,TRUE
transportation,TRUE
usage,TRUE
reproduction,FALSE
list,TRUE
search,TRUE
navigation,FALSE
give,TRUE
show,TRUE
summarize,TRUE
illustrate,TRUE
display,TRUE
discuss,TRUE
follow,TRUE
precede,TRUE
adjacent,FALSE
follow,TRUE
accompany,FALSE
correspond,FALSE
group,TRUE
relevant,FALSE
follow,TRUE
associate,TRUE
previous,FALSE
individual,FALSE
main,FALSE
table,TRUE
article,TRUE
section,TRUE
list,TRUE
section,TRUE
order,TRUE
table,TRUE
§,TRUE
page,TRUE
member,TRUE
team,TRUE
district,FALSE
year,TRUE
party,TRUE
constituency,TRUE
column,FALSE
winner,FALSE
part,TRUE
season,FALSE
class,TRUE
number,TRUE
candidate,FALSE
club,FALSE
distribute,TRUE
deliver,TRUE
transmit,TRUE
supply,TRUE
transfer,TRUE
send,TRUE
forward,FALSE
communicate,TRUE
convey,TRUE
report,TRUE
carry,TRUE
submit,TRUE
bring,TRUE
feature,TRUE
tool,TRUE
background,FALSE
software,TRUE
work,TRUE
control,TRUE
source,TRUE
test,TRUE
resource,TRUE
coverage,FALSE
base,TRUE
collection,TRUE
set,TRUE
support,TRUE
#,FALSE
flow,TRUE
integration,TRUE
stream,TRUE
entire,FALSE
complete,FALSE
NASA,FALSE
original,FALSE
ongoing,FALSE
final,FALSE
new,FALSE
current,FALSE
full,FALSE
initial,FALSE
whole,FALSE
propose,TRUE
late,FALSE
mission,TRUE
payload,TRUE
program,TRUE
project,TRUE
database,TRUE
protocol,TRUE
system,TRUE
instrument,TRUE
system,FALSE
package,TRUE
language,TRUE
category,TRUE
edition,TRUE
class,TRUE
region,TRUE
volume,TRUE
library,TRUE
country,TRUE
department,TRUE
group,TRUE
version,TRUE
project,TRUE
state,TRUE
phase,TRUE
see,TRUE
see,TRUE
except,FALSE
regulation,TRUE
in,FALSE
note,TRUE
table,FALSE
figure,FALSE
page,TRUE
figure,TRUE
image,TRUE
section,TRUE
map,TRUE
sr,FALSE
rf,FALSE
sms,FALSE
RS,FALSE
sp,FALSE
abs,FALSE
it,FALSE
gps,FALSE
pr,FALSE
as,FALSE
SC,FALSE
iso,FALSE
NFC,FALSE
SAT,FALSE
part,TRUE
name,TRUE
definition,TRUE
calculation,TRUE
outline,TRUE
implementation,TRUE
determination,FALSE
evaluation,TRUE
consist,TRUE
scope,FALSE
website,TRUE
pdf,FALSE
formula,FALSE
source,TRUE
draft,TRUE
internet,TRUE
time,TRUE
measure,TRUE
represent,TRUE
emission,TRUE
absorption,FALSE
mass,TRUE
infrare,FALSE
observe,FALSE
atomic,FALSE
energy,TRUE
scatter,FALSE
optical,FALSE
electron,TRUE
total,FALSE
spectral,FALSE
two,FALSE
light,TRUE
fusion,FALSE
density,TRUE
charge,TRUE
flux,FALSE
concentration,TRUE
mobility,FALSE
beam,FALSE
potential,FALSE
affinity,FALSE
frequency,FALSE
wavelength,TRUE
distance,TRUE
temperature,TRUE
energy,TRUE
upper,FALSE
absolute,FALSE
constant,FALSE
resolution,TRUE
parameter,TRUE
range,TRUE
band,TRUE
spectrum,TRUE
limit,TRUE
level,TRUE
region,TRUE
scale,TRUE
distribution,TRUE
band,TRUE
threshold,TRUE
horizon,FALSE
space,TRUE
add,TRUE
insert,TRUE
place,TRUE
encode,TRUE
apply,TRUE
write,TRUE
embed,TRUE
employ,TRUE
incorporate,TRUE
prefix,FALSE
status,TRUE
service,TRUE
subject,FALSE
zone,FALSE
statement,TRUE
language,TRUE
statement,TRUE
book,TRUE
form,TRUE
hierarchy,FALSE
document,TRUE
specification,TRUE
context,TRUE
category,TRUE
indicate,TRUE
denote,TRUE
show,TRUE
emphasize,TRUE
mean,TRUE
specify,TRUE
suggest,TRUE
imply,TRUE
ensure,TRUE
demonstrate,TRUE
represent,TRUE
signal,TRUE
express,TRUE
requirement,TRUE
item,TRUE
number,TRUE
attribute,TRUE
condition,TRUE
unit,TRUE
value,TRUE
variable,TRUE
resource,TRUE
parameter,TRUE
entity,TRUE
element,TRUE
object,TRUE
call,TRUE
valid,FALSE
allocate,TRUE
specific,FALSE
application,FALSE
security,FALSE
access,FALSE
information,FALSE
service,FALSE
resource,FALSE
programming,FALSE
application,FALSE
#,FALSE
knowledge,FALSE
software,FALSE
part,TRUE
component,TRUE
function,TRUE
structure,TRUE
organ,FALSE
feature,TRUE
space,TRUE
building,TRUE
work,TRUE
fund,TRUE
unique,FALSE
relate,TRUE
central,FALSE
external,FALSE
connect,TRUE
integral,FALSE
internal,FALSE
essential,FALSE
critical,FALSE
identical,FALSE
independent,FALSE
integrate,TRUE
right,TRUE
driver,FALSE
leave,TRUE
child,FALSE
play,TRUE
sign,TRUE
hold,TRUE
award,TRUE
determine,TRUE
elect,TRUE
replace,TRUE
reach,TRUE
#,FALSE
#,FALSE
#,FALSE
#,FALSE
#,FALSE
#,FALSE
#,FALSE
#,FALSE
#,FALSE
#,FALSE
#,FALSE
#,FALSE
#,FALSE
#,FALSE
#,FALSE
station,TRUE
#,FALSE
base,TRUE
observation,TRUE
track,TRUE
compute,TRUE
intelligence,TRUE
monitor,TRUE
operation,TRUE
research,TRUE
center,TRUE
platform,TRUE
centre,TRUE
link,TRUE
add,TRUE
offer,TRUE
contribute,TRUE
integrate,TRUE
develop,TRUE
advance,FALSE
scientific,FALSE
additional,FALSE
statistical,FALSE
spatial,FALSE
word,TRUE
detail,FALSE
processing,TRUE
acquisition,TRUE
storage,TRUE
capability,TRUE
service,TRUE
capability,TRUE
tool,TRUE
facility,TRUE
equipment,TRUE
assistance,FALSE
guidance,TRUE
functionality,TRUE
technique,TRUE
method,TRUE
report,TRUE
solution,TRUE
algorithm,TRUE
recommendation,FALSE
ground,TRUE
launch,TRUE
field,TRUE
development,TRUE
science,TRUE
engineering,TRUE
mission,TRUE
crew,TRUE
team,TRUE
vehicle,TRUE
spacecraft,TRUE
instrument,TRUE
module,TRUE
satellite,TRUE
activity,TRUE
Mars,FALSE
formerly,FALSE
include,TRUE
earth,FALSE
science,FALSE
#,FALSE
#,FALSE
#,FALSE
#,FALSE
#,FALSE
#,FALSE
preparation,TRUE
Antarctica,FALSE
prepare,TRUE
conjunction,TRUE
return,TRUE
time,TRUE
orbit,TRUE
readiness,TRUE
particular,FALSE
consideration,TRUE
Australia,FALSE
Canada,FALSE
phase,TRUE
portion,FALSE
stage,TRUE
flight,TRUE
phase,TRUE
,FALSE
campaign,FALSE
project,FALSE
addition,TRUE
general,FALSE
essence,FALSE
fact,TRUE
short,FALSE
practice,TRUE
contrast,TRUE
conclusion,FALSE
effect,TRUE
response,TRUE
turn,TRUE
write,TRUE
describe,TRUE
cover,TRUE
detail,TRUE
explain,TRUE
guide,TRUE
define,TRUE
review,TRUE
training,TRUE
maintenance,TRUE
personnel,TRUE
operational,FALSE
procedure,TRUE
standard,TRUE
testing,TRUE
plan,TRUE
rule,TRUE
operation,TRUE
operate,TRUE
deployment,TRUE
evaluation,TRUE
execution,TRUE
specification,TRUE
instruction,TRUE
datum,FALSE
aircraft,TRUE
database,TRUE
file,TRUE
radar,TRUE
record,TRUE
case,TRUE
instance,TRUE
area,TRUE
environment,TRUE
situation,TRUE
circumstance,TRUE
scenario,TRUE
location,TRUE
place,TRUE
contexts,FALSE
jurisdiction,FALSE
safety,TRUE
performance,TRUE
technology,TRUE
compliance,TRUE
appropriate,FALSE
require,TRUE
orient,TRUE
quality,TRUE
requirement,TRUE
problem,TRUE
concern,TRUE
restriction,TRUE
need,TRUE
cost,TRUE
consideration,TRUE
difficulty,TRUE
question,TRUE
responsibility,TRUE
constraint,TRUE
operator,TRUE
technician,FALSE
user,TRUE
pilot,FALSE
member,TRUE
crew,TRUE
staff,TRUE
contractor,FALSE
engineer,TRUE
commander,FALSE
instructor,FALSE
employee,FALSE
administrator,FALSE
supplier,TRUE
provider,TRUE
owner,TRUE
developer,TRUE
operator,TRUE
manager,FALSE
holder,FALSE
missile,FALSE
weapon,FALSE
॥,FALSE
research,FALSE
article,FALSE
education,FALSE
art,FALSE
evidence,TRUE
book,FALSE
output,TRUE
input,TRUE
sample,TRUE
event,TRUE
video,TRUE
power,TRUE
measurement,TRUE
set,TRUE
#,FALSE
type,TRUE
source,TRUE
model,TRUE
pair,TRUE
stream,TRUE
sample,TRUE
input,TRUE
convert,TRUE
transform,TRUE
combine,TRUE
compile,TRUE
divide,TRUE
group,TRUE
translate,TRUE
turn,TRUE
merge,TRUE
develop,TRUE
build,TRUE
collect,TRUE
simulation,TRUE
format,TRUE
sheet,TRUE
SAS,FALSE
NAS,FALSE
era,FALSE
NSA,FALSE
SBS,FALSE
API,FALSE
ARIA,FALSE
NRL,FALSE
MAC,FALSE
AMC,FALSE
create,TRUE
utilize,TRUE
deploy,TRUE
design,TRUE
establish,TRUE
run,TRUE
construct,TRUE
analyze,TRUE
extract,TRUE
generate,TRUE
retrieve,TRUE
process,TRUE
capture,TRUE
interpret,TRUE
store,TRUE
view,TRUE
filter,FALSE
calculate,TRUE
get,TRUE
recover,FALSE
image,TRUE
finding,TRUE
measurement,TRUE
imagery,FALSE
observation,TRUE
signal,TRUE
return,TRUE
#,FALSE
technical,FALSE
special,FALSE
formal,FALSE
minimum,FALSE
functional,FALSE
regulatory,FALSE
risk,TRUE
threat,TRUE
regulation,TRUE
protocol,TRUE
flaw,FALSE
bug,FALSE
compatible,FALSE
involve,TRUE
consistent,FALSE
deal,TRUE
along,FALSE
meet,TRUE
#,FALSE
#,FALSE
defense,TRUE
defence,TRUE
attack,TRUE
surveillance,TRUE
combat,TRUE
protection,TRUE
key,FALSE
major,FALSE
important,FALSE
high,FALSE
many,FALSE
different,FALSE
various,FALSE
top,FALSE
primary,FALSE
principal,FALSE
design,TRUE
application,TRUE
factor,TRUE
criterion,TRUE
aspect,TRUE
characteristic,TRUE
indicator,TRUE
address,TRUE
assess,TRUE
evaluate,TRUE
need,TRUE
measure,TRUE
examine,TRUE
study,TRUE
design,TRUE
develop,TRUE
use,TRUE
evaluate,TRUE
run,TRUE
implement,TRUE
create,TRUE
build,TRUE
maintain,TRUE
analyze,TRUE
review,TRUE
manage,TRUE
instal,TRUE
#,FALSE
#,FALSE
format,TRUE
#,FALSE
library,TRUE
framework,TRUE
standard,TRUE
include,TRUE
involve,TRUE
comprise,TRUE
consider,TRUE
like,FALSE
reliability,TRUE
simplicity,TRUE
stability,TRUE
availability,TRUE
accuracy,TRUE
efficiency,TRUE
compatibility,TRUE
speed,TRUE
flexibility,TRUE
cost,TRUE
complexity,TRUE
consistency,TRUE
validity,TRUE
integrity,TRUE
precision,FALSE
installation,TRUE
it,FALSE
they,FALSE
we,FALSE
this,FALSE
engineer,TRUE
you,FALSE
he,FALSE
these,FALSE
she,FALSE
researcher,TRUE
assign,TRUE
delegate,FALSE
apply,TRUE
numerical,FALSE
basic,FALSE
sophisticated,FALSE
expertise,FALSE
advance,TRUE
exchange,TRUE
mind,FALSE
place,TRUE
parallel,TRUE
India,FALSE
next,FALSE
future,FALSE
orbital,FALSE
overall,FALSE
subsequent,FALSE
impact,TRUE
environmental,FALSE
atmospheric,FALSE
material,TRUE
trajectory,FALSE
gather,TRUE
handle,TRUE
transmission,TRUE
share,TRUE
recovery,TRUE
generation,FALSE
task,TRUE
flight,TRUE
work,TRUE
basis,TRUE
date,TRUE
contract,TRUE
schedule,TRUE
plan,TRUE
way,TRUE
budget,TRUE
condition,TRUE
fee,TRUE
meet,TRUE
fulfill,TRUE
satisfy,TRUE
fit,TRUE
determine,TRUE
match,TRUE
suit,TRUE
accommodate,FALSE
reflect,TRUE
address,TRUE
identify,TRUE
achieve,TRUE
necessary,FALSE
expect,TRUE
computational,FALSE
logistic,FALSE
objective,TRUE
goal,TRUE
agreement,TRUE
accordance,TRUE
comply,TRUE
meet,TRUE
#,FALSE
#,FALSE
coordination,TRUE
se,FALSE
consultation,TRUE
collaboration,TRUE
#,FALSE
deal,TRUE
read,TRUE
contain,TRUE
#,FALSE
say,TRUE
follow,TRUE
state,TRUE
mean,TRUE
say,TRUE
read,TRUE
issue,TRUE
problem,TRUE
controversy,FALSE
uncertainty,FALSE
importance,FALSE
challenge,TRUE
concern,TRUE
charge,TRUE
satisfy,TRUE
deal,TRUE
agree,TRUE
agree,TRUE
construction,TRUE
introduction,FALSE
establishment,TRUE
adoption,TRUE
creation,TRUE
completion,TRUE
communication,TRUE
recorder,FALSE
file,TRUE
entry,TRUE
example,TRUE
chart,TRUE
paragraph,TRUE
example,TRUE
discussion,FALSE
equation,FALSE
source,FALSE
collection,FALSE
principle,FALSE
rule,TRUE
problem,TRUE
word,TRUE
program,FALSE
system,FALSE
right,TRUE
language,TRUE
part,FALSE
law,TRUE
operation,FALSE
experiment,TRUE
experimental,FALSE
experiment,TRUE
study,TRUE
rocket,TRUE
cluster,FALSE
suite,TRUE
capsule,FALSE
bay,FALSE
pod,FALSE
kit,FALSE
#,FALSE
carry,TRUE
fly,TRUE
locate,TRUE
mount,TRUE
operate,TRUE
test,TRUE
embark,FALSE
programme,TRUE
mission,FALSE
program,FALSE
ready,FALSE
commission,TRUE
introduce,TRUE
fly,TRUE
start,TRUE
accord,TRUE
compare,TRUE
similar,FALSE
prior,FALSE
relative,FALSE
close,FALSE
similarly,FALSE
conform,FALSE
adjust,FALSE
due,FALSE
plan,TRUE
edition,TRUE
step,TRUE
task,TRUE
initiative,FALSE
approach,TRUE
require,TRUE
allow,TRUE
enable,TRUE
facilitate,TRUE
involve,TRUE
interaction,TRUE
collaborate,FALSE
cooperation,FALSE
interact,FALSE
consulting,FALSE
interaction,TRUE
coordinate,TRUE
engage,TRUE
audit,FALSE
module,TRUE
sensor,TRUE
network,TRUE
cluster,TRUE
node,TRUE
layer,TRUE
device,TRUE
chip,FALSE
design,TRUE
understand,TRUE
monitor,TRUE
detect,TRUE
measure,TRUE
track,TRUE
manage,TRUE
create,TRUE
predict,TRUE
evaluate,TRUE
coordinate,TRUE
implement,TRUE
assess,TRUE
digital,FALSE
wireless,FALSE
packet,TRUE
global,FALSE
sensor,TRUE
quantum,FALSE
delivery,TRUE
retention,FALSE
extraction,FALSE
communication,TRUE
detection,FALSE
work,TRUE
thing,TRUE
essay,FALSE
play,FALSE
poem,FALSE
specie,FALSE
work,TRUE
song,FALSE
feature,FALSE
story,FALSE
goal,TRUE
weather,FALSE
aviation,FALSE
military,FALSE
statistic,TRUE
#,FALSE
center,TRUE
centre,TRUE
chapter,TRUE
improve,TRUE
expand,TRUE
study,TRUE
utilize,TRUE
research,TRUE
change,TRUE
advance,TRUE
transform,TRUE
integrate,TRUE
well,FALSE
automate,TRUE
automation,FALSE
online,FALSE
perfect,FALSE
infrastructure,TRUE
industry,TRUE
archive,TRUE
produce,TRUE
make,TRUE
prepare,TRUE
electronic,FALSE
product,TRUE
collection,TRUE
manner,TRUE
medium,TRUE
style,FALSE
fashion,FALSE
environment,TRUE
scan,FALSE
publish,TRUE
display,TRUE
preservation,TRUE
mapping,TRUE
record,TRUE
discovery,TRUE
production,TRUE
administration,TRUE
chapter,TRUE
volume,TRUE
page,TRUE
level,TRUE
note,TRUE
article,TRUE
step,TRUE
title,TRUE
rule,TRUE
overview,TRUE
extension,FALSE
examination,TRUE
abstract,TRUE
account,TRUE
interpretation,TRUE
arrangement,FALSE
index,TRUE
principle,TRUE
concept,TRUE
process,TRUE
form,TRUE
qualification,TRUE
certification,TRUE
qualification,TRUE
certificate,FALSE
type,TRUE
title,TRUE
definition,TRUE
level,TRUE
name,TRUE
legal,FALSE
decision,TRUE
report,TRUE
assessment,TRUE
set,TRUE
terminology,FALSE
methodology,TRUE
registration,FALSE
guideline,TRUE
procedure,TRUE
provide,TRUE
useful,FALSE
Act,FALSE
law,TRUE
legislation,FALSE
code,FALSE
regulation,TRUE
act,TRUE
not,FALSE
the,FALSE
be,FALSE
test,TRUE
be,FALSE
also,FALSE
be,FALSE
consider,TRUE
do,TRUE
formulate,TRUE
calculate,TRUE
perform,TRUE
choose,TRUE
obtain,TRUE
sense,TRUE
case,TRUE
sentence,FALSE
function,TRUE
term,TRUE
relation,FALSE
criterion,TRUE
property,TRUE
concept,TRUE
ask,TRUE
prepare,TRUE
substitute,FALSE
take,TRUE
cover,TRUE
comprise,TRUE
publish,TRUE
#,FALSE
distribute,TRUE
large,FALSE
centralize,FALSE
commercial,FALSE
remote,FALSE
national,FALSE
proprietary,FALSE
mobile,FALSE
secure,FALSE
server,TRUE
penetrate,FALSE
break,TRUE
facility,TRUE
layer,TRUE
warehouse,FALSE
control,TRUE
provide,TRUE
transmit,TRUE
perform,TRUE
execute,TRUE
application,TRUE
Commission,FALSE
committee,FALSE
secretary,FALSE
commissioner,FALSE
committee,TRUE
laboratory,FALSE
council,FALSE
FDA,FALSE
panel,FALSE
commission,FALSE
agency,FALSE
court,TRUE
standard,FALSE
investigate,FALSE
establish,TRUE
examine,TRUE
incorporate,TRUE
complementary,FALSE
backup,FALSE
core,TRUE
redundant,FALSE
material,TRUE
technology,TRUE
field,TRUE
asset,FALSE
tasked,FALSE
capable,FALSE
assist,TRUE
entrust,FALSE
engage,TRUE
deliver,TRUE
produce,TRUE
generate,TRUE
collect,TRUE
store,TRUE
present,TRUE
role,TRUE
policy,TRUE
right,TRUE
power,TRUE
mechanism,TRUE
#,FALSE
within,FALSE
among,FALSE
involve,TRUE
concern,TRUE
regard,TRUE
connect,TRUE
affect,TRUE
good,TRUE
program,TRUE
those,FALSE
sometimes,FALSE
often,FALSE
when,FALSE
if,FALSE
generally,FALSE
also,FALSE
list,FALSE
far,FALSE
test,TRUE
testing,TRUE
qualification,TRUE
school,FALSE
practice,TRUE
training,TRUE
study,FALSE
examination,TRUE
analytical,FALSE
diagnostic,FALSE
teach,FALSE
MA,FALSE
exam,FALSE
phd,FALSE
degree,TRUE
per,FALSE
company,TRUE
consortium,FALSE
contractor,FALSE
group,FALSE
organization,TRUE
select,TRUE
noise,FALSE
emission,TRUE
weight,FALSE
thrust,FALSE
error,TRUE
load,TRUE
risk,TRUE
stress,FALSE
interchange,FALSE
hardware,TRUE
engine,TRUE
algorithm,TRUE
instrumentation,TRUE
usable,FALSE
maintain,TRUE
assembly,TRUE
characterization,FALSE
separation,FALSE
test,TRUE
assist,TRUE
aid,TRUE
inform,FALSE
help,TRUE
advise,FALSE
protect,TRUE
recommend,TRUE
Pakistan,FALSE
Japan,FALSE
we,FALSE
China,FALSE
direction,FALSE
conduct,TRUE
obtain,TRUE
identify,TRUE
physical,FALSE
evidence,TRUE
assemble,TRUE
gather,TRUE
organize,TRUE
place,TRUE
display,TRUE
enter,TRUE
incorporate,TRUE
file,TRUE
view,TRUE
release,TRUE
container,FALSE
derive,TRUE
draw,TRUE
generate,TRUE
source,TRUE
adapt,TRUE
extract,TRUE
select,TRUE
alternative,TRUE
interface,TRUE
amendment,FALSE
expansion,FALSE
attachment,FALSE
upgrade,FALSE
advisor,FALSE
alternative,TRUE
answer,FALSE
acronym,FALSE
adaptation,FALSE
list,TRUE
describe,TRUE
outline,TRUE
discuss,TRUE
define,TRUE
provide,TRUE
incorporate,TRUE
present,TRUE
explain,TRUE
site,TRUE
approve,TRUE
warn,TRUE
land,TRUE
release,TRUE
world,TRUE
virtual,FALSE
machine,TRUE
outline,TRUE
integrate,FALSE
enterprise,FALSE
advanced,FALSE
underlie,FALSE
individual,FALSE
xml,FALSE
explicitly,FALSE
possible,FALSE
seven,FALSE
property,TRUE
pattern,TRUE
device,TRUE
enterprise,TRUE
high,FALSE
multi,FALSE
three,FALSE
state,TRUE
top,FALSE
entry,TRUE
two,FALSE
National,FALSE
second,FALSE
next,FALSE
base,TRUE
28,FALSE
30,FALSE
29,FALSE
23,FALSE
15,FALSE
14,FALSE
31,FALSE
20,FALSE
21,FALSE
22,FALSE
27,FALSE
19,FALSE
million,FALSE
#,FALSE
#,FALSE
gram,FALSE
m,FALSE
billion,FALSE
#,FALSE
#,FALSE
#,FALSE
#,FALSE
#,FALSE
solar,FALSE
#,FALSE
kinetic,FALSE
#,FALSE
concentration,TRUE
abundance,FALSE
#,FALSE
masse,FALSE
heat,FALSE
depth,FALSE
surface,TRUE
volume,TRUE
area,TRUE
ratio,FALSE
radiation,FALSE
#,FALSE
#,FALSE
pH,FALSE
sensitivity,FALSE
factor,TRUE
regime,TRUE
stage,TRUE
variant,FALSE
piece,TRUE
package,TRUE
complex,TRUE
position,TRUE
attitude,FALSE
altitude,FALSE
velocity,FALSE
location,TRUE
position,TRUE
transit,FALSE
cruise,FALSE
control,TRUE
controller,FALSE
controller,FALSE
indicator,FALSE
satellite,TRUE
carrier,FALSE
launcher,FALSE
decision,FALSE
no,FALSE
become,TRUE
give,TRUE
establish,TRUE
create,TRUE
constitute,TRUE
remain,TRUE
require,TRUE
need,TRUE
demand,TRUE
priority,TRUE
formula,FALSE
policy,TRUE
goal,TRUE
function,TRUE
existence,FALSE
composition,FALSE
behavior,FALSE
survival,FALSE
proposition,FALSE
segment,TRUE
portion,TRUE
copy,FALSE
#,FALSE
receive,TRUE
warrant,FALSE
deserve,FALSE
merit,TRUE
request,TRUE
attention,TRUE
approval,TRUE
care,FALSE
permission,FALSE
notice,FALSE
action,TRUE
treatment,TRUE
modification,TRUE
point,TRUE
moment,FALSE
site,TRUE
period,TRUE
ii,FALSE
award,FALSE
management,FALSE
#,FALSE
#,FALSE
community,TRUE
#,FALSE
#,FALSE
#,FALSE
government,FALSE
#,FALSE
people,TRUE
international,FALSE
local,FALSE
business,TRUE
academic,FALSE
professional,FALSE
department,TRUE
teacher,FALSE
lab,FALSE
faculty,FALSE
director,FALSE
student,TRUE
professor,FALSE
student,TRUE
institute,FALSE
line,TRUE
premise,FALSE
go,TRUE
screen,FALSE
campus,FALSE
planet,TRUE
board,FALSE
premise,FALSE
disk,FALSE
shelf,FALSE
exposure,FALSE
commitment,FALSE
contribution,TRUE
respect,FALSE
contribution,TRUE
responsibility,TRUE
experience,TRUE
start,TRUE
start,TRUE
begin,TRUE
target,TRUE
plan,TRUE
exact,FALSE
effective,FALSE
launch,TRUE
arrival,FALSE
departure,FALSE
method,TRUE
strategy,FALSE
duration,TRUE
day,TRUE
designation,FALSE
destination,FALSE
omit,TRUE
sheet,TRUE
declaration,FALSE
book,TRUE
confirm,TRUE
code,TRUE
number,TRUE
version,TRUE
Band,FALSE
three,FALSE
respective,FALSE
public,FALSE
four,FALSE
coefficient,FALSE
frequency,TRUE
indicate,TRUE
step,TRUE
vendor,FALSE
fee,TRUE
arrangement,FALSE
agent,FALSE
organize,TRUE
separate,TRUE
split,TRUE
subdivide,FALSE
arrange,FALSE
break,TRUE
assemble,TRUE
categorize,FALSE
organise,FALSE
sort,TRUE
assembly,TRUE
term,TRUE
usually,FALSE
typically,FALSE
essentially,FALSE
name,TRUE
dub,FALSE
amount,TRUE
hour,TRUE
delay,TRUE
age,FALSE
labor,FALSE
allow,TRUE
allot,FALSE
remain,TRUE
permit,TRUE
perform,TRUE
begin,TRUE
undergo,TRUE
undertake,TRUE
execute,TRUE
initiate,FALSE
accomplish,FALSE
continue,TRUE
commence,FALSE
finish,FALSE
survey,FALSE
assignment,FALSE
long,FALSE
maximum,FALSE
least,FALSE
long,FALSE
length,TRUE
long,FALSE
one,TRUE
reveal,TRUE
feedback,FALSE
testimony,FALSE
answer,FALSE
medical,FALSE
scholarly,FALSE
human,FALSE
astronomical,FALSE
laboratory,TRUE
community,TRUE
press,TRUE
medium,TRUE
professional,FALSE
sector,FALSE
agency,TRUE
laboratory,TRUE
authority,TRUE
population,TRUE
society,TRUE
populace,FALSE
government,TRUE
reader,FALSE
audience,FALSE
profession,FALSE
public,FALSE
exceed,TRUE
end,TRUE
occur,TRUE
come,TRUE
extend,TRUE
change,TRUE
last,TRUE
exist,TRUE
remain,TRUE
pass,TRUE
month,TRUE
week,TRUE
year,TRUE
day,TRUE
decade,TRUE
minute,FALSE
month,TRUE
second,FALSE
hour,TRUE
quarter,FALSE
week,TRUE
period,TRUE
death,FALSE
retirement,FALSE
digit,FALSE
line,TRUE
entry,TRUE
search,TRUE
sequence,TRUE
map,TRUE
label,FALSE
#,FALSE
end,TRUE
terminate,FALSE
start,TRUE
zero,FALSE
center,TRUE
arrive,TRUE
value,TRUE
serve,TRUE
appear,TRUE
tend,TRUE
attempt,TRUE
seem,TRUE
fail,TRUE
locate,TRUE
mark,TRUE
label,TRUE
identify,TRUE
find,TRUE
domain,TRUE
assign,TRUE
accordingly,FALSE
geographically,FALSE
separately,FALSE
#,FALSE
express,TRUE
bold,FALSE
grid,FALSE
text,TRUE
alpha,FALSE
broad,FALSE
graphic,FALSE
objective,TRUE
challenge,TRUE
select,TRUE
assess,TRUE
construct,TRUE
establish,TRUE
organize,TRUE
examine,TRUE
skill,FALSE
combine,TRUE
phenomenon,FALSE
particle,FALSE
quantity,TRUE
make,TRUE
make,TRUE
take,TRUE
back,TRUE
head,TRUE
power,TRUE
build,TRUE
take,TRUE
apparatus,FALSE
investigation,TRUE
study,TRUE
investigation,TRUE
center,FALSE
building,FALSE
service,FALSE
center,FALSE
centre,FALSE
manager,FALSE
officer,FALSE
usually,FALSE
often,FALSE
sometimes,FALSE
first,FALSE
reason,TRUE
analysis,TRUE
theory,TRUE
problem,TRUE
reason,TRUE
logic,TRUE
deal,TRUE
action,TRUE
english,FALSE
note,TRUE
italic,FALSE
other,TRUE
bracket,FALSE
illustration,FALSE
translation,FALSE
project,TRUE
team,TRUE
be,FALSE
indicate,TRUE
denote,TRUE
use,TRUE
include,TRUE
give,TRUE
find,TRUE
non,FALSE
semi,FALSE
Non,FALSE
quasi,FALSE
sub,FALSE
pseudo,FALSE
y,FALSE
brand,FALSE
near,FALSE
bi,FALSE
industry,TRUE
topic,TRUE
benefit,TRUE
company,TRUE
couple,TRUE
relate,TRUE
certain,FALSE
water,FALSE
natural,FALSE
programming,TRUE
network,TRUE
graphic,TRUE
explain,TRUE
chart,TRUE
graph,FALSE
customer,TRUE
product,TRUE
item,TRUE
transaction,TRUE
channel,FALSE
manual,FALSE
say,TRUE
transaction,TRUE
provision,TRUE
payment,FALSE
message,TRUE
request,TRUE
official,FALSE
incident,FALSE
complaint,FALSE
applicable,FALSE
pertain,FALSE
apply,TRUE
specifically,FALSE
business,TRUE
organization,TRUE
firm,FALSE
website,TRUE
organisation,FALSE
vendor,FALSE
individual,TRUE
enterprise,TRUE
corporation,FALSE
operate,TRUE
handle,TRUE
install,FALSE
administer,FALSE
utilize,TRUE
airport,FALSE
app,FALSE
result,TRUE
separate,FALSE
package,TRUE
put,TRUE
consolidated,FALSE
folder,FALSE
stack,FALSE
bundle,FALSE
box,FALSE
designate,FALSE
abbreviate,FALSE
brand,FALSE
refer,TRUE
label,TRUE
market,TRUE
interface,TRUE
together,FALSE
align,TRUE
Database,FALSE
architecture,TRUE
t,FALSE
d,FALSE
p,FALSE
f,FALSE
,FALSE
reference,TRUE
equation,FALSE
letter,FALSE
column,FALSE
belong,TRUE
belong,TRUE
correspond,TRUE
belong,TRUE
refer,TRUE
belong,TRUE
contribute,TRUE
name,TRUE
layout,FALSE
symbol,TRUE
all,FALSE
voltage,FALSE
conservation,FALSE
#,FALSE
rom,FALSE
UK,FALSE
cd,FALSE
USA,FALSE
file,FALSE
US,FALSE
ID,FALSE
report,FALSE
EP,FALSE
provision,TRUE
question,TRUE
clause,FALSE
schedule,TRUE
letter,FALSE
adopt,TRUE
follow,TRUE
prove,TRUE
assure,TRUE
check,TRUE
conclude,FALSE
fulfil,FALSE
pass,TRUE
violate,FALSE
verify,TRUE
instance,TRUE
multiple,FALSE
several,FALSE
small,FALSE
reconstruct,FALSE
retrieve,TRUE
gather,TRUE
form,TRUE
actual,FALSE
exist,TRUE
desire,FALSE
simulate,FALSE
theoretical,FALSE
measure,TRUE
model,TRUE
convert,TRUE
fit,TRUE
combine,TRUE
load,TRUE
translate,TRUE
edit,TRUE
put,TRUE
encode,TRUE
merge,TRUE
sort,TRUE
result,TRUE
info,TRUE
correct,FALSE
proper,FALSE
sequence,TRUE
frame,TRUE
feed,TRUE
enter,TRUE
load,TRUE
participate,FALSE
aid,TRUE
engage,TRUE
fill,TRUE
formulation,TRUE
publication,TRUE
realization,FALSE
situation,TRUE
topic,TRUE
phenomenon,FALSE
obligation,TRUE
limitation,TRUE
limit,TRUE
impose,TRUE
participant,FALSE
Boeing,FALSE
Congress,FALSE
proposal,TRUE
observe,TRUE
#,FALSE
#,FALSE
#,FALSE
p,TRUE
#,FALSE
#,FALSE
min,FALSE
store,TRUE
flow,TRUE
tailor,FALSE
fundamental,FALSE
receiver,FALSE
Signal,FALSE
word,TRUE
event,TRUE
process,TRUE
food,TRUE
its,FALSE
business,TRUE
print,FALSE
mining,FALSE
statutory,FALSE
license,FALSE
target,TRUE
order,TRUE
effort,TRUE
order,TRUE
solution,TRUE
car,FALSE
person,TRUE
verb,FALSE
unknown,FALSE
use,TRUE
carry,TRUE
offer,TRUE
operate,TRUE
utilize,TRUE
support,TRUE
house,TRUE
variety,TRUE
series,TRUE
multitude,FALSE
host,TRUE
combination,FALSE
couple,TRUE
selection,TRUE
camera,FALSE
observe,TRUE
scan,TRUE
electron,TRUE
atom,TRUE
hydrogen,TRUE
ion,TRUE
charge,TRUE
oxygen,FALSE
neutral,FALSE
carbon,TRUE
nitrogen,FALSE
ion,TRUE
molecule,TRUE
force,FALSE
gas,TRUE
matter,TRUE
compound,FALSE
temperature,TRUE
protein,FALSE
surface,TRUE
nuclei,FALSE
atmosphere,TRUE
bank,FALSE
collect,TRUE
receive,TRUE
deliver,TRUE
transport,TRUE
download,TRUE
manage,TRUE
handle,TRUE
generate,TRUE
transfer,TRUE
raw,FALSE
accumulate,FALSE
convert,TRUE
translate,TRUE
divide,TRUE
organize,TRUE
combine,TRUE
transform,TRUE
separate,TRUE
load,TRUE
put,TRUE
split,FALSE
event,TRUE
#,FALSE
block,TRUE
box,FALSE
send,TRUE
export,FALSE
supply,TRUE
pass,TRUE
leave,TRUE
feed,TRUE
assign,TRUE
directly,FALSE
server,TRUE
archive,TRUE
produce,TRUE
build,TRUE
display,TRUE
prepare,TRUE
develop,TRUE
maintain,TRUE
host,TRUE
release,TRUE
web,TRUE
cloud,FALSE
web,TRUE
browser,FALSE
internet,TRUE
enable,TRUE
wide,FALSE
accessible,FALSE
stream,TRUE
download,TRUE
presentation,FALSE
consumption,FALSE
broadcast,FALSE
view,TRUE
keep,TRUE
monitor,TRUE
idf,FALSE
ip,FALSE
ms,FALSE
#,FALSE
forwards,FALSE
bring,TRUE
connect,TRUE
add,TRUE
sell,TRUE
set,TRUE
haul,FALSE
stay,FALSE
last,TRUE
stand,TRUE
post,FALSE
#,FALSE
the,FALSE
and,FALSE
of,FALSE
to,FALSE
in,FALSE
#,FALSE
#,FALSE
nuclear,FALSE
#,FALSE
#,FALSE
#,FALSE
#,FALSE
#,FALSE
#,FALSE
use,TRUE
atom,TRUE
metal,FALSE
gas,TRUE
silicon,FALSE
sodium,FALSE
iron,FALSE
sulfur,FALSE
uranium,FALSE
open,FALSE
fuel,FALSE
h,FALSE
aluminium,FALSE
mass,FALSE
bond,FALSE
respectively,FALSE
performance,TRUE
maintenance,TRUE
control,TRUE
support,TRUE
•,FALSE
protection,TRUE
operation,TRUE
perform,TRUE
complete,FALSE
perform,TRUE
continuous,FALSE
basic,FALSE
any,FALSE
reactor,FALSE
robot,FALSE
plant,FALSE
adequate,FALSE
specialize,FALSE
modification,TRUE
inspection,FALSE
supervision,FALSE
setting,FALSE
#,FALSE
propose,TRUE
comprehensive,FALSE
unify,FALSE
robust,FALSE
collaborative,FALSE
single,FALSE
waste,FALSE
master,FALSE
allocation,FALSE
improve,TRUE
expense,FALSE
impact,TRUE
overhead,FALSE
interfere,FALSE
link,TRUE
correlate,FALSE
funding,FALSE
automatic,FALSE
#,FALSE
disposal,FALSE
provider,TRUE
supplier,FALSE
oversee,FALSE
lead,TRUE
routine,FALSE
repair,FALSE
#,FALSE
visual,FALSE
framework,FALSE
lab,FALSE
integration,FALSE
computing,FALSE
library,FALSE
infrastructure,FALSE
supply,TRUE
Institute,FALSE
download,TRUE
deposit,TRUE
import,FALSE
image,TRUE
force,TRUE
pressure,FALSE
magnetic,FALSE
equivalent,FALSE
chemical,FALSE
fraction,FALSE
change,TRUE
difference,TRUE
electric,FALSE
positive,FALSE
nominal,FALSE
metallic,FALSE
molecular,FALSE
negative,FALSE
nuclear,FALSE
electrical,FALSE
magnitude,FALSE
cell,FALSE
nucleus,FALSE
square,FALSE
v,FALSE
kg,FALSE
q,FALSE
mg,FALSE
n,FALSE
j,FALSE
#,FALSE
design,FALSE
development,FALSE
architecture,FALSE
technical,FALSE
designer,FALSE
engineering,FALSE
classification,FALSE
reference,FALSE
finalize,FALSE
revise,FALSE
submit,TRUE
some,FALSE
key,FALSE
other,FALSE
common,FALSE
additional,FALSE
general,FALSE
typical,FALSE
mathematical,FALSE
understanding,FALSE
show,TRUE
show,TRUE
know,TRUE
learn,FALSE
relationship,TRUE
probability,FALSE
quantity,TRUE
attach,FALSE
extend,TRUE
law,TRUE
govern,TRUE
permit,TRUE
affect,TRUE
regulate,FALSE
manufacture,FALSE
recommend,TRUE
reach,TRUE
diagnosis,FALSE
identity,FALSE
proof,TRUE
hypothesis,TRUE
claim,TRUE
human,FALSE
educational,FALSE
computer,TRUE
core,TRUE
major,FALSE
their,FALSE
laptop,TRUE
telecommunication,FALSE
automotive,FALSE
electronic,TRUE
analog,FALSE
industrial,FALSE
accounting,FALSE
multimedia,FALSE
voice,FALSE
bus,FALSE
#,FALSE
drive,TRUE
able,FALSE
intend,TRUE
guarantee,FALSE
mean,TRUE
suppose,FALSE
likely,FALSE
program,TRUE
reside,FALSE
originate,FALSE
travel,TRUE
lie,TRUE
live,TRUE
mode,FALSE
dimension,FALSE
country,TRUE
none,FALSE
activate,FALSE
note,TRUE
specifically,FALSE
currently,FALSE
2014,FALSE
2009,FALSE
2013,FALSE
2015,FALSE
2011,FALSE
2012,FALSE
sub,FALSE
low,FALSE
multi,FALSE
base,TRUE
fund,TRUE
goal,FALSE
challenge,FALSE
assessment,FALSE
target,FALSE
Model,FALSE
supplement,FALSE
supersede,FALSE
draft,FALSE
review,TRUE
tier,FALSE
for,FALSE
#,FALSE
#,FALSE
#,FALSE
#,FALSE
#,FALSE
#,FALSE
#,FALSE
carrier,FALSE
substance,FALSE
basis,TRUE
connection,TRUE
correspondence,FALSE
association,TRUE
correlation,FALSE
relationship,TRUE
overlap,FALSE
distinction,FALSE
similarity,FALSE
difference,TRUE
proposal,TRUE
client,FALSE
serve,TRUE
meet,TRUE
activity,TRUE
obligation,TRUE
symbol,TRUE
figure,TRUE
weight,FALSE
fix,TRUE
practical,FALSE
implication,FALSE
violation,FALSE
experimental,FALSE
image,TRUE
or,FALSE
cpu,TRUE
an,FALSE
acquire,FALSE
gain,TRUE
receive,TRUE
isolation,FALSE
optimization,FALSE
adjustment,FALSE
speciman,FALSE
majority,FALSE
officer,FALSE
rest,FALSE
leader,FALSE
graduate,FALSE
researcher,TRUE
family,FALSE
busy,FALSE
occupy,FALSE
familiar,FALSE
experience,TRUE
train,TRUE
responsible,FALSE
java,FALSE
development,TRUE
grade,FALSE
course,FALSE
opportunity,FALSE
job,FALSE
position,TRUE
workshop,FALSE
still,FALSE
significant,FALSE
ethical,FALSE
serious,FALSE
numerous,FALSE
dispute,FALSE
claim,TRUE
tie,TRUE
lead,TRUE
unrelated,FALSE
sensitive,FALSE
estate,FALSE
privacy,TRUE
disability,FALSE
disability,FALSE
fact,TRUE
patent,TRUE
repeat,FALSE
default,FALSE
licence,FALSE
license,FALSE
financial,FALSE
contact,FALSE
supplement,FALSE
prescribe,FALSE
stage,FALSE
Protocol,FALSE
battery,FALSE
cable,TRUE
telephone,TRUE
radio,FALSE
transmitter,FALSE
switch,TRUE
printer,FALSE
phone,FALSE
firm,FALSE
constitute,TRUE
subset,FALSE
kind,TRUE
optional,FALSE
via,FALSE
low,FALSE
mid,FALSE
side,FALSE
dependent,FALSE
aware,FALSE
focus,TRUE
satisfaction,FALSE
authorization,FALSE
mean,TRUE
idea,TRUE
intent,FALSE
motivation,FALSE
philosophy,FALSE
story,FALSE
scheme,TRUE
chapter,TRUE
equip,FALSE
certify,FALSE
productivity,FALSE
decision,TRUE
inconsistent,FALSE
conflict,TRUE
high,FALSE
designer,FALSE
school,FALSE
dimensional,FALSE
mm,FALSE
nm,FALSE
cm,FALSE
MHz,FALSE
Hz,FALSE
#,FALSE
kHz,FALSE
#,FALSE
helpful,FALSE
2016,FALSE
2017,FALSE
2010,FALSE
paper,TRUE
publication,TRUE
journal,TRUE
year,TRUE
week,TRUE
day,TRUE
inception,FALSE
submission,FALSE
undertake,TRUE
conduct,TRUE
handle,TRUE
support,TRUE
oversee,FALSE
manage,TRUE
administer,FALSE
supervise,FALSE
facilitate,TRUE
initiate,FALSE
message,TRUE
address,TRUE
speech,FALSE
simple,FALSE
invert,FALSE
suffix,FALSE