log,TRUE
log,TRUE
schedule,FALSE
file,TRUE
report,TRUE
minute,FALSE
report,TRUE
note,TRUE
datum,TRUE
report,TRUE
record,FALSE
list,TRUE
statistic,FALSE
record,TRUE
statistic,FALSE
section,TRUE
article,FALSE
page,TRUE
list,TRUE
box,FALSE
item,TRUE
book,TRUE
document,TRUE
package,FALSE
folder,FALSE
table,TRUE
file,TRUE
part,TRUE
column,FALSE
segment,FALSE
contain,TRUE
include,TRUE
provide,TRUE
give,TRUE
show,TRUE
hold,TRUE
contain,TRUE
feature,TRUE
reveal,FALSE
display,TRUE
gather,FALSE
get,TRUE
add,TRUE
information,TRUE
detail,TRUE
datum,TRUE
news,FALSE
info,FALSE
fact,TRUE
update,TRUE
entry,TRUE
comment,FALSE
question,FALSE
article,FALSE
five,FALSE
specific,FALSE
upcoming,FALSE
10,FALSE
certain,FALSE
various,FALSE
event,TRUE
event,TRUE
event,TRUE
event,FALSE
episode,FALSE
day,TRUE
occasion,FALSE
issue,TRUE
activity,FALSE
show,TRUE
episode,FALSE
state,TRUE
status,TRUE
position,TRUE
configuration,TRUE
condition,FALSE
level,TRUE
location,TRUE
availability,FALSE
performance,TRUE
level,TRUE
capacity,FALSE
current,FALSE
value,TRUE
operation,TRUE
order,TRUE
automatic,FALSE
valve,FALSE
electronic,FALSE
fix,TRUE
active,FALSE
mechanical,FALSE
manual,FALSE
track,TRUE
possible,FALSE
network,TRUE
two,FALSE
three,FALSE
control,TRUE
monitor,TRUE
lock,TRUE
security,TRUE
detection,FALSE
track,FALSE
protection,FALSE
lock,FALSE
key,FALSE
#,FALSE
management,TRUE
gate,TRUE
#,FALSE
access,TRUE
#,FALSE
point,TRUE
gate,TRUE
system,TRUE
station,TRUE
door,TRUE
device,TRUE
site,TRUE
facility,FALSE
location,TRUE
area,TRUE
route,FALSE
valve,FALSE
unit,TRUE
signal,TRUE
system,TRUE
build,TRUE
area,TRUE
park,FALSE
country,FALSE
tunnel,FALSE
UK,FALSE
city,FALSE
facility,TRUE
world,TRUE
airport,FALSE
corridor,FALSE
complex,TRUE
vehicle,TRUE
check,TRUE
determine,TRUE
verify,FALSE
maintain,TRUE
evaluate,FALSE
consider,TRUE
monitor,TRUE
set,TRUE
record,TRUE
assess,TRUE
know,TRUE
establish,TRUE
specify,TRUE
disclose,FALSE
entrance,FALSE
exit,FALSE
operate,TRUE
entry,TRUE
disposal,FALSE
service,TRUE
operational,FALSE
storage,TRUE
maintenance,FALSE
individual,FALSE
station,FALSE
zone,FALSE
command,TRUE
program,TRUE
device,TRUE
software,TRUE
hardware,TRUE
controller,TRUE
process,TRUE
unit,TRUE
application,TRUE
procedure,TRUE
user,TRUE
operator,TRUE
computer,TRUE
special,FALSE
field,TRUE
equipment,TRUE
failure,TRUE
error,FALSE
fault,FALSE
change,TRUE
test,TRUE
code,TRUE
defect,FALSE
monitor,TRUE
determine,TRUE
describe,TRUE
check,TRUE
measure,TRUE
affect,TRUE
define,TRUE
change,TRUE
set,TRUE
state,TRUE
control,TRUE
maintain,TRUE
indicate,TRUE
represent,TRUE
behavior,FALSE
capability,FALSE
setting,FALSE
integrity,FALSE
behaviour,FALSE
characteristic,TRUE
use,TRUE
function,TRUE
design,TRUE
remote,FALSE
internal,FALSE
sensitive,FALSE
affect,TRUE
input,TRUE
enable,TRUE
operation,TRUE
capability,TRUE
function,TRUE
procedure,TRUE
test,TRUE
responsible,FALSE
use,TRUE
provide,TRUE
certify,FALSE
review,TRUE
recognize,FALSE
analyze,FALSE
error,TRUE
violation,FALSE
failure,TRUE
fault,FALSE
weakness,FALSE
defect,FALSE
violation,FALSE
flaw,FALSE
compliance,FALSE
problem,TRUE
place,TRUE
node,FALSE
time,TRUE
stage,FALSE
interval,FALSE
position,FALSE
#,FALSE
step,TRUE
parameter,TRUE
instance,FALSE
ability,TRUE
aim,TRUE
purpose,TRUE
inability,FALSE
intention,FALSE
flexibility,FALSE
intent,FALSE
goal,FALSE
requirement,TRUE
driver,TRUE
machine,TRUE
port,FALSE
circuit,FALSE
terminal,FALSE
card,TRUE
supply,FALSE
allow,TRUE
enable,TRUE
trust,FALSE
guarantee,FALSE
assure,FALSE
ensure,TRUE
provide,TRUE
provide,TRUE
assist,FALSE
present,TRUE
support,TRUE
secure,TRUE
installation,FALSE
entity,TRUE
engineer,FALSE
environment,TRUE
interface,TRUE
agent,FALSE
object,FALSE
administrator,TRUE
knowledge,FALSE
experience,FALSE
instruction,TRUE
technology,TRUE
resource,TRUE
time,TRUE
training,FALSE
run,TRUE
send,TRUE
execute,TRUE
initiate,FALSE
follow,TRUE
carry,TRUE
output,TRUE
operate,TRUE
transmit,FALSE
start,TRUE
enter,TRUE
perform,TRUE
execution,FALSE
entire,FALSE
initial,FALSE
intermediate,FALSE
activation,FALSE
immediate,FALSE
action,TRUE
automate,FALSE
cycle,FALSE
phase,TRUE
step,TRUE
loop,FALSE
schedule,TRUE
stage,TRUE
sequence,TRUE
life,FALSE
check,TRUE
end,TRUE
base,TRUE
target,FALSE
destination,FALSE
field,TRUE
source,TRUE
next,FALSE
receiver,TRUE
delay,FALSE
stop,TRUE
interrupt,FALSE
result,TRUE
result,TRUE
result,TRUE
end,TRUE
result,TRUE
occur,TRUE
end,TRUE
happen,FALSE
bring,FALSE
consist,TRUE
come,TRUE
lead,TRUE
culminate,FALSE
total,FALSE
proper,FALSE
transmission,FALSE
mode,TRUE
signal,TRUE
safety,TRUE
power,TRUE
loss,FALSE
issue,TRUE
breakdown,FALSE
call,TRUE
problem,TRUE
decision,TRUE
fail,TRUE
release,TRUE
allow,TRUE
enable,TRUE
force,FALSE
require,TRUE
permit,TRUE
cause,TRUE
ask,FALSE
encourage,FALSE
request,TRUE
allow,TRUE
order,TRUE
prompt,FALSE
direct,TRUE
help,TRUE
operator,TRUE
establish,TRUE
maintain,TRUE
register,FALSE
determine,TRUE
verify,FALSE
obtain,FALSE
confirm,FALSE
specify,TRUE
new,FALSE
message,TRUE
different,FALSE
particular,FALSE
desire,TRUE
digital,FALSE
name,TRUE
number,TRUE
voltage,FALSE
change,TRUE
prevent,TRUE
record,TRUE
keep,TRUE
save,FALSE
return,FALSE
confirm,FALSE
indicate,TRUE
ignore,FALSE
identify,TRUE
alter,FALSE
control,TRUE
read,TRUE
stop,TRUE
noise,FALSE
command,TRUE
response,FALSE
traffic,TRUE
feedback,FALSE
obtain,FALSE
away,FALSE
receive,TRUE
value,TRUE
require,TRUE
statement,FALSE
figure,FALSE
table,TRUE
version,TRUE
part,TRUE
level,TRUE
chapter,FALSE
stage,TRUE
step,TRUE
phase,FALSE
article,FALSE
mode,FALSE
note,TRUE
section,TRUE
page,FALSE
give,TRUE
present,TRUE
offer,TRUE
include,TRUE
allow,TRUE
cover,FALSE
take,TRUE
quality,FALSE
resolution,FALSE
dimensional,FALSE
definition,TRUE
tech,FALSE
detail,TRUE
visibility,FALSE
profile,FALSE
speed,TRUE
accuracy,FALSE
intensity,FALSE
volume,FALSE
functional,FALSE
practical,FALSE
dynamic,FALSE
technical,FALSE
strategic,FALSE
comprehensive,FALSE
critical,FALSE
objective,FALSE
realistic,FALSE
tactical,FALSE
scientific,FALSE
detail,FALSE
general,FALSE
theoretical,FALSE
orient,TRUE
friendly,FALSE
define,TRUE
base,TRUE
relevant,FALSE
focus,FALSE
center,TRUE
control,TRUE
drive,TRUE
independent,FALSE
aware,FALSE
inform,FALSE
correct,FALSE
description,TRUE
evaluation,FALSE
view,TRUE
assessment,FALSE
analysis,FALSE
overview,FALSE
interpretation,FALSE
understand,FALSE
version,TRUE
characterization,FALSE
review,TRUE
representation,FALSE
model,TRUE
account,FALSE
game,TRUE
economy,FALSE
language,FALSE
project,FALSE
site,TRUE
the,FALSE
a,FALSE
any,FALSE
one,FALSE
another,FALSE
no,FALSE
which,FALSE
this,FALSE
each,FALSE
one,FALSE
period,FALSE
limit,TRUE
usually,FALSE
previously,FALSE
already,FALSE
period,FALSE
wait,FALSE
adjust,FALSE
adjustment,FALSE
call,TRUE
day,TRUE
week,FALSE
task,TRUE
season,FALSE
hour,TRUE
duration,FALSE
match,TRUE
session,FALSE
year,TRUE
mission,FALSE
#,FALSE
#,FALSE
#,FALSE
#,FALSE
variant,FALSE
#,FALSE
#,FALSE
#,FALSE
#,FALSE
#,FALSE
#,FALSE
rating,FALSE
#,FALSE
#,FALSE
since,FALSE
reason,TRUE
most,FALSE
some,FALSE
many,FALSE
these,FALSE
all,FALSE
electronic,FALSE
active,FALSE
several,FALSE
other,FALSE
touch,FALSE
current,FALSE
power,TRUE
system,TRUE
modern,FALSE
automation,FALSE
processing,TRUE
logic,FALSE
switch,TRUE
attachment,FALSE
drive,FALSE
transfer,FALSE
mechanism,FALSE
program,TRUE
model,TRUE
application,TRUE
may,FALSE
method,TRUE
solution,FALSE
interface,TRUE
circuit,TRUE
algorithm,FALSE
require,TRUE
offer,TRUE
employ,TRUE
utilize,TRUE
incorporate,FALSE
handle,TRUE
positive,FALSE
negative,FALSE
instant,FALSE
passive,FALSE
static,FALSE
direct,FALSE
differential,FALSE
driver,TRUE
handle,TRUE
lock,FALSE
acceleration,FALSE
along,FALSE
couple,FALSE
typically,FALSE
often,FALSE
together,FALSE
equip,FALSE
combine,TRUE
complete,FALSE
albeit,FALSE
start,TRUE
begin,TRUE
#,FALSE
real,FALSE
limit,FALSE
run,FALSE
physical,FALSE
default,FALSE
window,FALSE
button,FALSE
point,TRUE
requirement,TRUE
#,FALSE
#,FALSE
regulation,FALSE
rule,TRUE
constraint,FALSE
rapidly,FALSE
either,FALSE
automatically,FALSE
button,FALSE
sensor,TRUE
rapid,FALSE
open,TRUE
open,FALSE
open,TRUE
enter,TRUE
opening,TRUE
closing,FALSE
opening,TRUE
open,TRUE
exit,TRUE
closure,FALSE
shut,FALSE
set,TRUE
leave,TRUE
close,FALSE
fire,TRUE
end,TRUE
hook,FALSE
pick,FALSE
pop,TRUE
pull,FALSE
tie,FALSE
roll,FALSE
push,FALSE
line,TRUE
pile,FALSE
sit,FALSE
up,FALSE
in,FALSE
up,FALSE
off,FALSE
out,FALSE
off,FALSE
in,TRUE
on,FALSE
go,FALSE
pop,FALSE
show,TRUE
see,TRUE
place,TRUE
display,TRUE
make,TRUE
deliver,FALSE
send,TRUE
do,TRUE
release,TRUE
photograph,FALSE
view,TRUE
locate,FALSE
visible,FALSE
produce,TRUE
find,TRUE
back,FALSE
tight,FALSE
immediately,FALSE
ramp,FALSE
platform,FALSE
road,FALSE
runway,FALSE
curb,FALSE
bottom,FALSE
outer,FALSE
street,FALSE
far,FALSE
south,FALSE
southern,FALSE
north,FALSE
right,FALSE
top,FALSE
corner,FALSE
junction,FALSE
lane,TRUE
intake,FALSE
land,FALSE
pad,FALSE
pad,FALSE
edge,TRUE
head,FALSE
move,TRUE
continue,TRUE
face,TRUE
head,FALSE
extend,TRUE
go,TRUE
proceed,FALSE
lead,TRUE
point,TRUE
move,TRUE
turn,TRUE
low,FALSE
upper,FALSE
front,FALSE
center,FALSE
wheel,FALSE
round,FALSE
rear,FALSE
leave,FALSE
flat,FALSE
wing,FALSE
big,FALSE
passenger,FALSE
round,FALSE
side,TRUE
ahead,FALSE
#,FALSE
,FALSE
door,FALSE
control,TRUE
program,TRUE
engine,TRUE
multiple,FALSE
clock,FALSE
check,TRUE
#,FALSE
#,FALSE
available,FALSE
#,FALSE
plant,FALSE
factory,FALSE
office,FALSE
desk,FALSE
processor,TRUE
console,FALSE
store,TRUE
cabinet,FALSE
pc,FALSE
utility,FALSE
switch,TRUE
battery,FALSE
socket,FALSE
cpu,TRUE
monitor,TRUE
load,FALSE
issue,TRUE
miss,FALSE
need,TRUE
remove,TRUE
activate,FALSE
give,TRUE
meet,TRUE
achieve,TRUE
satisfy,FALSE
fulfill,FALSE
accomplish,FALSE
implement,TRUE
address,TRUE
serve,FALSE
attain,FALSE
follow,TRUE
four,FALSE
necessary,FALSE
appropriate,FALSE
standard,FALSE
follow,TRUE
follow,TRUE
aforementione,FALSE
memory,TRUE
packet,FALSE
sensor,TRUE
#,FALSE
rate,TRUE
#,FALSE
link,TRUE
acquisition,FALSE
exchange,FALSE
integration,FALSE
efficiency,FALSE
communication,TRUE
optimization,FALSE
implementation,TRUE
criterion,FALSE
standard,TRUE
scenario,FALSE
specification,TRUE
factor,FALSE
indicator,FALSE
profile,FALSE
feature,TRUE
condition,TRUE
calculation,FALSE
amount,TRUE
percentage,FALSE
range,TRUE
number,FALSE
number,TRUE
frequency,FALSE
size,TRUE
sum,FALSE
ratio,FALSE
quantity,FALSE
image,TRUE
message,TRUE
packet,FALSE
request,TRUE
bit,TRUE
frame,TRUE
allocate,FALSE
generate,TRUE
transmit,TRUE
store,TRUE
assign,FALSE
remain,TRUE
allot,FALSE
detect,FALSE
measurement,FALSE
simultaneous,FALSE
participate,FALSE
six,FALSE
register,FALSE
type,TRUE
user,TRUE
input,FALSE
configuration,TRUE
class,FALSE
type,TRUE
sector,FALSE
component,TRUE
controller,TRUE
assume,FALSE
intend,FALSE
design,TRUE
guarantee,FALSE
expect,FALSE
calculate,FALSE
say,TRUE
likely,FALSE
instruction,TRUE
register,FALSE
prefix,FALSE
video,FALSE
ID,FALSE
1000,FALSE
100,FALSE
per,FALSE
800,FALSE
64,FALSE
16,FALSE
bit,TRUE
_,FALSE
x,FALSE
#,FALSE
#,FALSE
#,FALSE
#,FALSE
i,FALSE
module,TRUE
node,FALSE
use,TRUE
require,TRUE
involve,FALSE
utilize,FALSE
employ,TRUE
comprise,FALSE
operate,TRUE
support,TRUE
compute,FALSE
mobile,FALSE
autonomous,FALSE
communication,TRUE
logical,FALSE
mechanism,FALSE
deployment,FALSE
load,TRUE
completion,FALSE
selection,FALSE
factor,FALSE
limit,TRUE
suitable,FALSE
job,FALSE
once,FALSE
time,TRUE
shot,FALSE
start,TRUE
start,TRUE
change,TRUE
run,TRUE
entry,TRUE
hour,TRUE
year,TRUE
minute,TRUE
month,FALSE
week,FALSE
second,FALSE
cycle,FALSE
km,FALSE
million,FALSE
mile,FALSE
track,FALSE
cover,FALSE
almost,FALSE
cover,FALSE
behind,FALSE
permit,TRUE
help,TRUE
force,FALSE
ask,TRUE
need,TRUE
cause,TRUE
enable,TRUE
attacker,FALSE
employee,FALSE
owner,FALSE
officer,FALSE
os,FALSE
organization,FALSE
administrator,FALSE
update,TRUE
alter,FALSE
define,TRUE
identify,TRUE
detect,FALSE
file,TRUE
action,FALSE
history,FALSE
icon,FALSE
content,FALSE
receive,TRUE
generate,TRUE
create,TRUE
trigger,FALSE
permission,FALSE
order,TRUE
warning,FALSE
authorization,FALSE
policy,FALSE
recommendation,FALSE
code,TRUE
request,TRUE
manage,TRUE
see,TRUE
mode,TRUE
usage,FALSE
name,TRUE
inspect,FALSE
audit,FALSE
scan,FALSE
alert,FALSE
search,FALSE
activate,FALSE
database,TRUE
service,TRUE
Microsoft,FALSE
HP,FALSE
Intel,FALSE
IBM,FALSE
an,FALSE
window,FALSE
see,TRUE
new,FALSE
Linux,FALSE
oracle,FALSE
x,FALSE
11,FALSE
operate,TRUE
distribution,FALSE
server,TRUE
family,FALSE
engine,TRUE
framework,FALSE
bus,TRUE
product,TRUE
generation,FALSE
development,TRUE
release,TRUE
version,TRUE
edition,FALSE
product,FALSE
revision,FALSE
effective,FALSE
useful,FALSE
charge,FALSE
successful,FALSE
viable,FALSE
trigger,FALSE
safe,FALSE
ship,FALSE
aircraft,FALSE
route,FALSE
plane,FALSE
car,FALSE
remain,TRUE
remain,TRUE
exist,TRUE
operate,TRUE
reside,FALSE
exist,TRUE
run,TRUE
originate,FALSE
run,TRUE
occur,TRUE
die,FALSE
place,TRUE
market,FALSE
role,FALSE
protocol,FALSE
organisation,FALSE
enterprise,FALSE
institution,FALSE
expertise,FALSE
skill,FALSE
authority,TRUE
clearance,FALSE
competence,FALSE
deliver,FALSE
make,TRUE
emergency,FALSE
urgent,FALSE
additional,FALSE
charge,FALSE
credential,FALSE
single,FALSE
designate,FALSE
schedule,FALSE
normal,FALSE
typical,FALSE
large,FALSE
plan,TRUE
context,FALSE
threshold,FALSE
situation,FALSE
scope,FALSE
interval,FALSE
demand,TRUE
average,FALSE
goal,FALSE
service,FALSE
car,FALSE
record,FALSE
unit,FALSE
#,FALSE
ii,FALSE
prevent,TRUE
protect,FALSE
keep,TRUE
stop,TRUE
save,FALSE
prevent,TRUE
prevent,TRUE
benefit,FALSE
block,TRUE
remove,TRUE
help,TRUE
separate,TRUE
grade,FALSE
tier,FALSE
rank,FALSE
pressure,FALSE
scale,FALSE
rank,FALSE
person,FALSE
division,FALSE
affect,TRUE
reach,TRUE
maintain,TRUE
observe,FALSE
display,TRUE
represent,TRUE
regulate,FALSE
manage,TRUE
see,TRUE
direction,FALSE
robot,FALSE
replace,TRUE
power,TRUE
hold,TRUE
support,TRUE
handle,TRUE
occupy,FALSE
supply,TRUE
layer,FALSE
specification,TRUE
high,FALSE
small,FALSE
less,FALSE
large,FALSE
secondary,FALSE
low,FALSE
similar,FALSE
separate,FALSE
well,FALSE
weak,FALSE
benefit,FALSE
grow,FALSE
evolve,FALSE
come,TRUE
expand,FALSE
differ,FALSE
proceed,FALSE
arise,FALSE
extend,TRUE
stem,FALSE
depart,FALSE
transition,FALSE
move,TRUE
expansion,FALSE
extension,FALSE
addition,FALSE
construction,FALSE
growth,FALSE
creation,FALSE
widen,FALSE
upgrade,FALSE
relocation,FALSE
extension,FALSE
road,FALSE
connect,FALSE
protect,TRUE
complement,FALSE
replace,TRUE
facilitate,FALSE
enhance,FALSE
reach,TRUE
improve,FALSE
update,TRUE
change,TRUE
program,TRUE
modify,FALSE
alter,FALSE
unable,FALSE
time,TRUE
write,TRUE
choose,FALSE
continuously,FALSE
report,TRUE
manually,FALSE
periodically,FALSE
record,TRUE
accept,TRUE
improvement,FALSE
progress,FALSE
shift,TRUE
increase,FALSE
difference,FALSE
increase,FALSE
variation,FALSE
content,FALSE
attribute,FALSE
variable,FALSE
second,FALSE
moment,FALSE
digit,FALSE
gb,FALSE
actual,FALSE
maximum,FALSE
final,FALSE
overall,FALSE
minimum,FALSE
recovery,FALSE
conversion,FALSE
reference,TRUE
return,TRUE
retention,FALSE
date,TRUE
length,FALSE
#,FALSE
mobile,FALSE
multiple,FALSE
tag,FALSE
key,TRUE
associate,TRUE
mark,TRUE
label,FALSE
consistent,FALSE
label,FALSE
stamp,FALSE
list,TRUE
identify,TRUE
indicate,TRUE
registration,FALSE
hand,FALSE
stamp,TRUE
signature,FALSE
frame,FALSE
bar,FALSE
#,FALSE
#,FALSE
caller,FALSE
cell,FALSE
indication,FALSE
coordinate,FALSE
text,TRUE
aim,TRUE
direct,TRUE
arrive,FALSE
enter,TRUE
execute,TRUE
launch,FALSE
perform,TRUE
initiate,FALSE
indicate,TRUE
remain,TRUE
delay,FALSE
cancel,FALSE
cancel,FALSE
fail,TRUE
postpone,FALSE
abandon,FALSE
incomplete,FALSE
premature,FALSE
miss,FALSE
terminate,FALSE
complete,TRUE
cancellation,FALSE
stall,FALSE
skip,FALSE
incorrect,FALSE
attempt,TRUE
ignore,FALSE
disable,FALSE
unsuccessful,FALSE
damage,FALSE
compromise,FALSE
lose,TRUE
unused,FALSE
difficulty,FALSE
command,TRUE
AI,FALSE
character,FALSE
point,FALSE
system,FALSE
order,FALSE
station,FALSE
unit,FALSE
operation,FALSE
center,FALSE
area,FALSE
channel,FALSE
kind,TRUE
category,FALSE
sort,FALSE
part,TRUE
variety,FALSE
kind,TRUE
size,TRUE
form,TRUE
group,TRUE
status,TRUE
support,TRUE
commander,FALSE
link,TRUE
relate,TRUE
connect,FALSE
apply,TRUE
implement,TRUE
extend,FALSE
compare,TRUE
incorporate,FALSE
map,TRUE
company,TRUE
library,FALSE
team,TRUE
website,TRUE
centre,FALSE
consortium,FALSE
leverage,FALSE
take,TRUE
collect,FALSE
combine,TRUE
integrate,TRUE
apply,TRUE
material,FALSE
document,TRUE
xml,FALSE
object,FALSE
collect,TRUE
derive,FALSE
gather,FALSE
extract,FALSE
take,TRUE
acquire,FALSE
retrieve,TRUE
import,FALSE
compile,TRUE
source,TRUE
recover,FALSE
draw,TRUE
server,TRUE
suite,FALSE
produce,FALSE
analyze,FALSE
form,TRUE
extract,FALSE
capture,FALSE
find,TRUE
deploy,FALSE
distribute,FALSE
export,FALSE
edit,FALSE
publish,TRUE
series,TRUE
collection,FALSE
variety,FALSE
stream,FALSE
portfolio,FALSE
batch,FALSE
compilation,FALSE
database,TRUE
project,TRUE
tool,TRUE
alarm,TRUE
warn,FALSE
note,TRUE
pulse,FALSE
report,TRUE
indicator,FALSE
detector,FALSE
sense,FALSE
manufacturer,FALSE
manufacturer,FALSE
measure,TRUE
match,TRUE
protect,FALSE
applicable,FALSE
environmental,FALSE
call,TRUE
activity,TRUE
interpret,FALSE
read,TRUE
avoid,FALSE
reflect,FALSE
emergency,FALSE
#,FALSE
moment,FALSE
sound,FALSE
strike,FALSE
arise,FALSE
fail,TRUE
appear,TRUE
sound,FALSE
fall,FALSE
arrive,FALSE
lift,FALSE
repair,FALSE
close,FALSE
terminate,FALSE
finish,FALSE
termination,FALSE
closing,TRUE
close,TRUE
work,TRUE
manager,FALSE
contractor,FALSE
technician,FALSE
director,FALSE
inspector,FALSE
customer,TRUE
advise,FALSE
inform,FALSE
consult,FALSE
screen,FALSE
aid,TRUE
engage,FALSE
staff,FALSE
risk,FALSE
decision,TRUE
measurement,FALSE
option,FALSE
modification,FALSE
care,FALSE
undertake,FALSE
implement,TRUE
follow,TRUE
advance,FALSE
preparation,FALSE
succession,FALSE
attempt,TRUE
continue,TRUE
terminate,FALSE
restart,FALSE
save,TRUE
finish,FALSE
begin,TRUE
evacuation,FALSE
mandate,FALSE
vision,FALSE
idea,FALSE
priority,FALSE
widen,FALSE
strengthen,FALSE
unlock,FALSE
clear,FALSE
preserve,TRUE
regulate,FALSE
retain,FALSE
lane,TRUE
exit,FALSE
interchange,FALSE
gap,FALSE
tunnel,FALSE
portal,FALSE
morning,TRUE
afternoon,TRUE
daytime,FALSE
evening,FALSE
night,TRUE
noon,FALSE
daylight,FALSE
morning,TRUE
dawn,FALSE
sunrise,FALSE
peak,FALSE
weekend,FALSE
overnight,FALSE
lunch,FALSE
evening,TRUE
midnight,FALSE
early,FALSE
Sunday,FALSE
weekday,FALSE
fall,TRUE
high,FALSE
regular,FALSE
heavy,FALSE
light,FALSE
drive,FALSE
main,FALSE
express,FALSE
rush,FALSE
travel,FALSE
business,TRUE
work,TRUE
flow,TRUE
movement,FALSE
flow,TRUE
vehicle,FALSE
restriction,FALSE
regulation,FALSE
need,TRUE
zone,FALSE
host,TRUE
organize,FALSE
cause,TRUE
organise,FALSE
stage,TRUE
attend,FALSE
arrange,FALSE
conduct,FALSE
permit,TRUE
provision,FALSE
law,FALSE
legislation,FALSE
law,FALSE
nature,FALSE
Expressway,FALSE
highway,FALSE
application,FALSE
design,FALSE
analysis,FALSE
management,TRUE
service,FALSE
communication,TRUE
administration,FALSE
communication,FALSE
security,TRUE
technology,FALSE
research,FALSE
computing,FALSE
navigation,FALSE
identity,FALSE
location,TRUE
identity,FALSE
name,TRUE
information,TRUE
fact,FALSE
background,FALSE
case,TRUE
image,TRUE
scenario,FALSE
#,FALSE
permit,TRUE
encourage,FALSE
force,TRUE
assist,FALSE
player,TRUE
programmer,FALSE
human,TRUE
write,TRUE
several,FALSE
card,TRUE
degree,FALSE
measure,FALSE
proof,FALSE
class,FALSE
they,FALSE
weapon,FALSE
troop,FALSE
force,TRUE
number,TRUE
skill,FALSE
we,FALSE
resource,TRUE
Personnel,FALSE
rifle,FALSE
transfer,TRUE
pass,TRUE
award,FALSE
grant,FALSE
officer,FALSE
commander,FALSE
troop,FALSE
formation,FALSE
battalion,FALSE
squadron,FALSE
general,TRUE
army,FALSE
division,FALSE
company,TRUE
one,TRUE
refer,FALSE
relate,TRUE
convert,FALSE
lead,TRUE
propose,TRUE
exist,TRUE
original,FALSE
previous,FALSE
past,FALSE
former,FALSE
recent,FALSE
ongoing,FALSE
historical,FALSE
future,FALSE
discontinue,FALSE
defunct,FALSE
decline,FALSE
reduce,FALSE
extinct,FALSE
dormant,FALSE
emerge,FALSE
temporary,FALSE
encryption,FALSE
#,FALSE
it,FALSE
provider,FALSE
developer,FALSE
developer,FALSE
download,FALSE
retrieve,TRUE
interpret,FALSE
keyboard,FALSE
password,TRUE
copyright,FALSE
death,FALSE
fire,FALSE
relate,TRUE
identification,FALSE
sheet,FALSE
statement,FALSE
#,FALSE
book,FALSE
#,FALSE
#,FALSE
pdf,FALSE
instance,TRUE
encode,FALSE
digit,FALSE
block,FALSE
serial,FALSE
combination,FALSE
#,FALSE
list,TRUE
element,TRUE
sequence,FALSE
normally,FALSE
encode,FALSE
contain,TRUE
delete,FALSE
add,TRUE
drop,TRUE
copy,FALSE
omit,FALSE
discard,FALSE
destroy,FALSE
create,TRUE
eliminate,FALSE
space,TRUE
mark,TRUE
date,FALSE
month,TRUE
variable,TRUE
element,TRUE
attach,FALSE
apply,TRUE
fit,FALSE
insert,FALSE
submit,FALSE
post,TRUE
link,TRUE
index,FALSE
equivalent,FALSE
else,FALSE
otherwise,FALSE
certificate,FALSE
integer,FALSE
numerical,FALSE
exact,FALSE
represent,TRUE
express,FALSE
return,TRUE
algorithm,FALSE
swap,FALSE
character,TRUE
line,TRUE
word,FALSE
mb,FALSE
symbol,FALSE
#,FALSE
course,FALSE
absence,FALSE
term,TRUE
majority,FALSE
term,TRUE
congestion,FALSE
travel,TRUE
traveler,FALSE
highway,TRUE
freeway,TRUE
train,FALSE
ground,FALSE
expressway,FALSE
bridge,FALSE
roadway,FALSE
interstate,FALSE
turnpike,FALSE
shuttle,FALSE
#,FALSE
#,FALSE
#,FALSE
fare,FALSE
gps,FALSE
time,TRUE
would,FALSE
might,FALSE
must,FALSE
could,FALSE
consist,TRUE
consist,TRUE
consist,TRUE
compose,FALSE
dispose,FALSE
instead,FALSE
capable,FALSE
turn,TRUE
pass,TRUE
pass,TRUE
intersection,FALSE
turn,TRUE
die,FALSE
down,FALSE
point,FALSE
turn,TRUE
project,TRUE
shoot,FALSE
distance,FALSE
path,TRUE
bank,FALSE
west,FALSE
cross,FALSE
shortage,FALSE
crisis,FALSE
leak,FALSE
disaster,FALSE
deficit,FALSE
replacement,FALSE
#,FALSE
percent,FALSE
min,FALSE
hour,TRUE
loss,FALSE
cost,TRUE
cost,TRUE
effort,FALSE
consumption,FALSE
program,TRUE
anything,FALSE
activity,TRUE
action,TRUE
everything,FALSE
group,TRUE
movement,FALSE
plan,FALSE
even,FALSE
another,FALSE
small,FALSE
whole,FALSE
chain,FALSE
structure,TRUE
execute,TRUE
order,TRUE
repeat,FALSE
administer,FALSE
move,TRUE
act,TRUE
act,FALSE
work,TRUE
hierarchy,FALSE
row,FALSE
cluster,FALSE
accomplish,FALSE
obey,FALSE
central,FALSE
party,FALSE
administrative,FALSE
classification,FALSE
root,FALSE
underlie,FALSE
metric,FALSE
parameter,FALSE
symbol,FALSE
sign,TRUE
index,FALSE
diagram,FALSE
become,FALSE
catastrophic,FALSE
structural,FALSE
major,FALSE
change,TRUE
decrease,FALSE
variation,FALSE
variation,FALSE
difference,FALSE
reduction,FALSE
vary,TRUE
change,TRUE
alteration,FALSE
layout,FALSE
number,TRUE
arrangement,FALSE
width,FALSE
sign,TRUE
connection,TRUE
bus,FALSE
reference,TRUE
building,FALSE
airport,FALSE
office,FALSE
shop,FALSE
premise,FALSE
store,TRUE
terminal,FALSE
business,FALSE
city,FALSE
room,FALSE
shelter,FALSE
shift,TRUE
presence,FALSE
placement,FALSE
directional,FALSE
flash,FALSE
neon,FALSE
board,FALSE
box,FALSE
carrier,FALSE
flag,FALSE
label,FALSE
path,FALSE
parking,FALSE
route,TRUE
signal,TRUE
signal,TRUE
date,TRUE
rate,FALSE
reason,FALSE
strategy,FALSE
automatic,FALSE
access,TRUE
quality,FALSE
its,FALSE
operational,FALSE
fire,FALSE
source,TRUE
member,FALSE
item,TRUE
table,TRUE
figure,FALSE
example,TRUE
chart,FALSE
list,TRUE
category,FALSE
example,TRUE
section,TRUE
describe,TRUE
represent,TRUE
purpose,TRUE
goal,FALSE
objective,FALSE
#,FALSE
exclude,FALSE
entity,TRUE
functionality,TRUE
asset,FALSE
structure,FALSE
include,TRUE
compatible,FALSE
share,FALSE
integrate,TRUE
bundle,FALSE
embed,FALSE
package,TRUE
confuse,FALSE
ship,FALSE
vendor,TRUE
client,TRUE
firm,FALSE
consumer,FALSE
supplier,FALSE
instal,TRUE
approve,FALSE
develop,FALSE
build,TRUE
license,FALSE
solution,FALSE
kit,FALSE
pre,FALSE
custom,FALSE
specially,FALSE
well,FALSE
self,FALSE
prior,FALSE
newly,FALSE
brand,FALSE
tailor,FALSE
build,TRUE
#,FALSE
engineer,FALSE
transaction,FALSE
word,FALSE
basic,FALSE
report,TRUE
administration,TRUE
accounting,FALSE
aspect,TRUE
component,TRUE
phase,FALSE
#,FALSE
cloud,FALSE
#,FALSE
stack,FALSE
supplement,FALSE
compare,TRUE
merge,FALSE
coordinate,FALSE
comparable,FALSE
contrast,TRUE
shelf,FALSE
grid,FALSE
rack,FALSE
fly,FALSE
wall,FALSE
counter,FALSE
go,TRUE
air,TRUE
technology,TRUE
basis,FALSE
#,FALSE
#,FALSE
#,FALSE
sheet,FALSE
title,FALSE
domain,FALSE
last,FALSE
brand,FALSE
#,FALSE
mean,TRUE
dial,TRUE
plug,FALSE
phone,FALSE
tap,FALSE
drop,FALSE
walk,FALSE
connection,TRUE
connect,FALSE
access,TRUE
accessible,FALSE
connect,FALSE
telephone,FALSE
gateway,FALSE
printer,FALSE
browser,FALSE
wake,FALSE
head,FALSE
consider,TRUE
from,FALSE
take,TRUE
use,TRUE
use,TRUE
for,FALSE
read,TRUE
follow,TRUE
find,TRUE
search,TRUE
call,TRUE
also,FALSE
example,TRUE
source,TRUE
software,TRUE
type,TRUE
to,FALSE
computer,TRUE
direct,FALSE
video,FALSE
#,FALSE
directly,FALSE
#,FALSE
test,TRUE
smart,FALSE
graphic,FALSE
sd,FALSE
diagnostic,FALSE
credit,FALSE
punch,FALSE
external,FALSE
channel,FALSE
protocol,FALSE
network,TRUE
code,TRUE
problem,TRUE
contact,FALSE
compatibility,FALSE
user,TRUE
low,FALSE
high,FALSE
high,FALSE
micro,FALSE
desktop,FALSE
mouse,FALSE
alpha,FALSE
mini,FALSE
host,FALSE
#,FALSE
#,FALSE
#,FALSE
#,FALSE
#,FALSE
#,FALSE
#,FALSE
#,FALSE
#,FALSE
#,FALSE
rule,TRUE
key,FALSE
game,TRUE
rule,TRUE
decision,FALSE
task,TRUE
site,FALSE
score,FALSE
state,TRUE
pm,FALSE
pm,FALSE
#,FALSE
student,FALSE
candidate,FALSE
patient,FALSE
able,FALSE
fail,TRUE
occurrence,FALSE
occur,TRUE
short,FALSE
reasonable,FALSE
span,FALSE
select,TRUE
statistical,FALSE
military,FALSE
radar,FALSE
pipeline,FALSE
fleet,FALSE
keep,TRUE
publish,TRUE
deposit,FALSE
manner,FALSE
way,TRUE
container,FALSE
treat,FALSE
render,FALSE
star,FALSE
over,FALSE
Star,FALSE
main,FALSE
major,FALSE
general,FALSE
member,FALSE
volunteer,FALSE
resident,FALSE
gp,FALSE
worker,FALSE
describe,TRUE
classify,FALSE
categorize,FALSE
name,TRUE
option,TRUE
opportunity,TRUE
right,TRUE
potential,FALSE
chance,FALSE
freedom,FALSE
anything,FALSE
threat,FALSE
danger,FALSE
panic,FALSE
hazard,FALSE
distress,FALSE
dangerous,FALSE
bug,FALSE
attack,FALSE
charge,FALSE
surface,FALSE
contrary,FALSE
board,FALSE
spot,FALSE
appear,TRUE
glow,FALSE
flash,FALSE
look,TRUE
play,FALSE
color,TRUE
colour,FALSE
mean,TRUE
pattern,FALSE
tone,FALSE
effect,TRUE
optional,FALSE
advance,FALSE
clock,FALSE
#,FALSE
#,FALSE
like,FALSE
unable,FALSE
need,TRUE
how,FALSE
ready,FALSE
free,FALSE
install,FALSE
launch,FALSE
flight,FALSE
play,TRUE
gameplay,FALSE
,FALSE
sense,FALSE
theory,FALSE
face,TRUE
concept,FALSE
depth,FALSE
height,FALSE
cause,TRUE
create,TRUE
make,TRUE
expect,FALSE
guarantee,FALSE
deny,FALSE
outlet,FALSE
aperture,FALSE
escape,FALSE
enclosure,FALSE
elevator,FALSE
entrance,TRUE
shut,TRUE
lock,FALSE
block,FALSE
seal,FALSE
direction,TRUE
orientation,FALSE
direction,TRUE
exit,FALSE
become,FALSE
go,TRUE
obligation,FALSE
agreement,FALSE
exception,FALSE
incentive,FALSE
cut,TRUE
put,TRUE
turn,TRUE
sound,FALSE
filter,FALSE
tone,FALSE
feed,FALSE
prolong,FALSE
brief,FALSE
long,FALSE
long,FALSE
extend,FALSE
occasion,FALSE
legal,FALSE
regulatory,FALSE
financial,FALSE
engineering,FALSE
#,FALSE
format,FALSE
authorize,FALSE
inclusion,FALSE
testing,FALSE
interaction,FALSE
contract,FALSE
cover,TRUE
govern,FALSE
address,TRUE
regulate,FALSE
bind,FALSE
complexity,FALSE
validity,FALSE
success,FALSE
strength,FALSE
traffic,FALSE
transport,FALSE
water,FALSE
waste,FALSE
energy,FALSE
resource,TRUE
health,FALSE
community,FALSE
urban,FALSE
conservation,FALSE
forest,FALSE
sustainable,FALSE
plan,TRUE
improvement,FALSE
prevention,FALSE
police,FALSE
industry,FALSE
practice,FALSE
effort,FALSE
community,FALSE
strategy,FALSE
policy,FALSE
infrastructure,FALSE
region,TRUE
Police,FALSE
area,TRUE
region,FALSE
plan,FALSE
Metro,FALSE
district,FALSE
district,FALSE
Commission,FALSE
Institute,FALSE
agency,FALSE
office,FALSE
applicant,FALSE
institute,FALSE
centre,FALSE
laboratory,FALSE
submit,FALSE
request,TRUE
unpublished,FALSE
research,FALSE
experimental,FALSE
survey,FALSE
inspection,FALSE
sample,FALSE
page,TRUE
stay,FALSE
fee,FALSE
day,TRUE
year,TRUE
engineering,FALSE
architecture,FALSE
instrument,FALSE
electronic,TRUE
appliance,FALSE
machinery,FALSE
instrumentation,FALSE
process,TRUE
exist,TRUE
utilize,FALSE
construct,FALSE
assemble,FALSE
guide,FALSE
adjust,FALSE
electrical,FALSE
transportation,FALSE
lie,FALSE
occur,TRUE
bill,FALSE
Act,FALSE
wait,FALSE
pay,FALSE
answer,TRUE
prepare,FALSE
answer,TRUE
message,FALSE
people,FALSE
consideration,FALSE
individual,TRUE
topic,FALSE
person,FALSE
organisation,FALSE
impose,FALSE
encounter,FALSE
involve,FALSE
meet,FALSE
observe,FALSE
formulation,FALSE
adoption,FALSE
introduction,FALSE
formation,FALSE
determination,FALSE
establishment,FALSE
documentation,FALSE
architecture,FALSE
guideline,FALSE
periodic,FALSE
task,TRUE
depend,TRUE
dependent,FALSE
depend,TRUE
focus,FALSE
depend,TRUE
base,TRUE
conditional,FALSE
depend,TRUE
rely,FALSE
contingent,FALSE
comment,FALSE
method,TRUE
pattern,FALSE
goal,FALSE
planning,FALSE
policy,FALSE
vision,FALSE
framework,FALSE
strategy,FALSE
mission,FALSE
concept,FALSE
set,FALSE
approve,FALSE
conduct,FALSE
encourage,FALSE
comparison,FALSE
view,TRUE
share,FALSE
search,FALSE
assistance,FALSE
exclusion,FALSE
modification,FALSE
abstract,FALSE
binary,FALSE
agent,FALSE
pick,FALSE
break,FALSE
round,FALSE
tune,FALSE
warm,FALSE
line,FALSE
lock,FALSE
hook,FALSE
mix,FALSE
single,TRUE
EP,FALSE
drum,FALSE
remix,FALSE
single,FALSE
ask,TRUE
compiler,FALSE
modify,FALSE
ignore,FALSE
erase,FALSE
directory,FALSE
app,FALSE
portion,FALSE
fraction,FALSE
hope,FALSE
select,TRUE
string,FALSE
department,FALSE
department,FALSE
figure,FALSE
#,FALSE
website,FALSE
destruction,FALSE
removal,FALSE
safety,TRUE
privacy,FALSE
personnel,FALSE
reliability,FALSE
liability,FALSE
health,FALSE
social,FALSE
welfare,FALSE
participation,FALSE
involvement,FALSE
effectiveness,FALSE
choice,FALSE
local,FALSE
railway,FALSE
campus,FALSE
medical,FALSE
headquarter,FALSE
hospital,FALSE
crew,FALSE
worker,FALSE
employee,FALSE
team,FALSE
contractor,FALSE
official,FALSE
visit,FALSE
wide,FALSE
surround,FALSE
concern,FALSE
interested,FALSE
travel,TRUE
civilian,FALSE
public,TRUE
crew,FALSE
instructor,FALSE
guest,FALSE
passenger,FALSE
#,FALSE
#,FALSE
#,FALSE
locate,TRUE
acquire,FALSE
buy,FALSE
museum,FALSE
#,FALSE
order,TRUE
case,TRUE
readiness,FALSE
load,TRUE
peripheral,FALSE
map,FALSE
mistake,FALSE
accident,FALSE
trouble,FALSE
interference,FALSE
weakness,FALSE
succeed,FALSE
lie,FALSE
succeed,FALSE
use,TRUE
remove,TRUE
select,TRUE
replace,TRUE
contain,TRUE
hold,TRUE
fuel,FALSE
buffer,FALSE
crash,FALSE
damage,FALSE
prohibit,FALSE
keep,TRUE
remove,TRUE
ban,FALSE
halt,TRUE
eliminate,FALSE
restrict,FALSE
cease,FALSE
cache,FALSE
stick,FALSE
understand,FALSE
server,FALSE
Suite,FALSE
manager,FALSE
library,FALSE
Kit,FALSE
platform,FALSE
API,FALSE
Explorer,FALSE
center,FALSE
portal,FALSE
via,FALSE
programming,FALSE
graphical,FALSE
web,TRUE
interactive,FALSE
#,FALSE
two,FALSE
additional,FALSE
#,FALSE
incident,FALSE
identical,FALSE
attach,FALSE
adjacent,FALSE
correspond,FALSE
primary,FALSE
whose,FALSE
distribute,FALSE
print,FALSE
preserve,TRUE
iso,FALSE
post,TRUE
interpreter,FALSE
direct,TRUE
casual,FALSE
administrator,TRUE
commander,FALSE
engineer,FALSE
manager,TRUE
app,FALSE
script,FALSE
enforce,FALSE
recommend,FALSE
volume,FALSE
chapter,FALSE
column,FALSE
present,TRUE
mention,FALSE
paragraph,FALSE
paper,FALSE
illustrate,FALSE
explain,FALSE
demonstrate,FALSE
suggest,FALSE
evolution,FALSE
progression,FALSE
relationship,FALSE
translation,FALSE
transformation,FALSE
letter,FALSE
text,FALSE
draft,FALSE
focus,FALSE
skill,FALSE
subscription,FALSE
license,FALSE
#,FALSE
#,FALSE
risk,FALSE
installation,FALSE
deploy,FALSE
process,TRUE
train,FALSE
intelligence,FALSE
authority,FALSE
estate,FALSE
#,FALSE
core,FALSE
virtual,FALSE
scheduling,FALSE
scheme,FALSE
environment,TRUE
android,FALSE
ios,FALSE
Unix,FALSE
java,FALSE
connectivity,FALSE
connection,FALSE
network,FALSE
notice,FALSE
spell,FALSE
stint,FALSE
break,TRUE
study,FALSE
construct,FALSE
lab,FALSE
US,FALSE
USA,FALSE
classroom,FALSE
backup,FALSE
module,FALSE
antenna,FALSE
freeze,FALSE
still,FALSE
completely,FALSE
permanently,FALSE
never,FALSE
fully,FALSE
temporarily,FALSE
reserve,FALSE
isolation,FALSE
vacuum,FALSE
suspension,FALSE
motion,FALSE
doubt,FALSE
usable,FALSE
pilot,FALSE
assembly,FALSE
er,FALSE
summer,FALSE
winter,FALSE
August,FALSE
June,FALSE
May,FALSE
October,FALSE
September,FALSE
expose,FALSE
reopen,FALSE
free,FALSE
full,FALSE
student,FALSE
your,FALSE
every,FALSE
that,FALSE
other,TRUE
port,TRUE
platform,TRUE
domain,FALSE
kernel,FALSE
extension,FALSE
migration,FALSE
language,FALSE
inventory,FALSE
asset,FALSE
food,FALSE
tool,TRUE
employ,FALSE
bring,FALSE
gain,FALSE
share,FALSE
concern,FALSE
threat,FALSE
terrorism,FALSE
weather,FALSE
rescue,FALSE
surveillance,FALSE
plan,FALSE
court,FALSE
ieee,FALSE
committee,FALSE
adopt,FALSE
side,FALSE
piece,FALSE
tree,FALSE
alternative,FALSE
approach,FALSE
aid,TRUE
instrument,FALSE
obstacle,FALSE
integral,FALSE
essential,FALSE
protect,FALSE
ensure,TRUE
establish,TRUE
secure,FALSE
improve,FALSE
preserve,FALSE
obtain,TRUE
collect,FALSE
restore,FALSE
acquire,FALSE
develop,FALSE
check,TRUE
enhance,TRUE
consistency,FALSE
authenticity,FALSE
balance,FALSE
stability,FALSE
police,FALSE
personal,FALSE
national,FALSE
radio,FALSE
room,FALSE
vicinity,FALSE
injure,FALSE
injury,FALSE
unexpected,FALSE
imminent,FALSE
adverse,FALSE
acute,FALSE
unusual,FALSE
outstanding,FALSE
Model,FALSE
group,FALSE
model,FALSE
series,TRUE
group,FALSE
pack,FALSE
edition,FALSE
introduce,FALSE
release,FALSE
adopt,FALSE
publish,TRUE
standardize,FALSE
foundation,FALSE
inspiration,FALSE
template,FALSE
prototype,FALSE
precursor,FALSE
weapon,FALSE
hold,TRUE
survive,FALSE
loss,TRUE
lack,FALSE
end,TRUE
transfer,TRUE
redundant,FALSE
advantage,FALSE
effect,TRUE
NSA,FALSE
secretary,FALSE
call,TRUE
engage,FALSE
engage,FALSE
act,TRUE
#,FALSE
at,FALSE
certificate,FALSE
notice,FALSE
respective,FALSE
simplicity,FALSE
convenience,FALSE
contrast,FALSE
illustration,FALSE
clarity,FALSE
send,TRUE
receive,TRUE
perform,TRUE
get,TRUE
hear,FALSE
enter,TRUE
gate,FALSE
fence,FALSE
assume,FALSE
say,TRUE
know,TRUE
raise,TRUE
happen,FALSE
succeed,FALSE
affect,TRUE
leave,TRUE
assurance,FALSE
impression,FALSE
explanation,FALSE
argument,FALSE
estimate,FALSE
assumption,FALSE
illusion,FALSE
opinion,FALSE
test,TRUE
advanced,FALSE
vehicle,TRUE
typical,FALSE
laboratory,FALSE
application,TRUE
such,FALSE
enforcement,FALSE
technique,FALSE
explain,FALSE
discuss,FALSE
outline,FALSE
summarize,FALSE
clearly,FALSE
broadly,FALSE
way,TRUE
specifically,FALSE
concrete,FALSE
chapter,FALSE
voice,FALSE
cross,FALSE
trace,FALSE
discussion,FALSE
summary,FALSE
outline,FALSE
discuss,FALSE
outline,FALSE
highlight,FALSE
address,TRUE
interaction,FALSE
relationship,FALSE
similarity,FALSE
collaboration,FALSE
cooperation,FALSE
computer,TRUE
vendor,FALSE
involve,TRUE
include,TRUE
comprise,FALSE
restrict,FALSE
exclusive,FALSE
confine,FALSE
refer,FALSE
o,FALSE
n,FALSE
u,FALSE
c,FALSE
f,FALSE
m,FALSE
r,FALSE
e,FALSE
v,FALSE
mapping,FALSE
productivity,FALSE
simulation,FALSE
guidance,FALSE
due,FALSE
close,FALSE
relative,FALSE
missile,FALSE
team,FALSE
try,TRUE
make,TRUE
make,TRUE
make,TRUE
machine,TRUE
function,TRUE
#,FALSE
#,FALSE
#,FALSE
mile,FALSE
#,FALSE
#,FALSE
minute,TRUE
hour,TRUE
journey,FALSE
#,FALSE
#,FALSE
#,FALSE
#,FALSE
#,FALSE
#,FALSE
#,FALSE
float,FALSE
arrive,FALSE
spread,FALSE
internet,FALSE
internet,FALSE
horizon,FALSE
spectrum,FALSE
chip,FALSE
customer,TRUE
government,FALSE
human,TRUE
supplier,FALSE
organization,TRUE
provider,FALSE
agency,FALSE
university,FALSE
school,FALSE
college,FALSE
reserve,FALSE
army,FALSE
falcon,FALSE
squad,FALSE
university,FALSE
fc,FALSE
exceed,FALSE
principle,FALSE
state,TRUE
prescribe,FALSE
category,FALSE
§,FALSE
title,FALSE
online,FALSE
calculate,FALSE
secret,FALSE
incoming,FALSE
account,FALSE
name,TRUE
word,FALSE
letter,FALSE
article,FALSE
definition,TRUE
title,FALSE
Dictionary,FALSE
translation,FALSE
terminology,FALSE
meaning,FALSE
description,FALSE
style,FALSE
resume,FALSE
insertion,FALSE
approach,FALSE
collision,FALSE
hit,FALSE
happen,FALSE
begin,TRUE
commence,FALSE
reach,FALSE
expire,FALSE
start,TRUE
strike,FALSE
decide,FALSE
investigate,FALSE
idle,FALSE
achieve,TRUE
restore,FALSE
slot,FALSE
circumstance,FALSE
situation,FALSE
eligibility,FALSE
technical,FALSE
membership,FALSE
session,FALSE
flight,FALSE
semester,FALSE
night,TRUE
weekend,TRUE
meeting,FALSE
quarter,FALSE
trip,FALSE
trip,FALSE
possess,FALSE
enjoy,FALSE
possibility,FALSE
assess,FALSE
pair,FALSE
subset,FALSE
camera,FALSE
global,FALSE
high,FALSE
generic,FALSE
atomic,FALSE
molecular,FALSE
plus,FALSE
encompass,FALSE
cover,FALSE
property,FALSE
j,FALSE
b,FALSE
#,FALSE
#,FALSE
#,FALSE
#,FALSE
International,FALSE
communicate,FALSE
notify,FALSE
convey,FALSE
subordinate,FALSE
territorial,FALSE
naval,FALSE
centre,FALSE
center,TRUE
organ,FALSE
body,FALSE
sector,FALSE
extra,FALSE
touch,FALSE
mock,FALSE
warm,FALSE
light,FALSE
cap,FALSE
switch,TRUE
window,FALSE
top,FALSE
speaker,FALSE
filter,FALSE
battery,FALSE
wire,FALSE
mirror,FALSE
motor,FALSE
metal,FALSE
radiation,FALSE
smoke,FALSE
heat,FALSE
vibration,FALSE
temperature,FALSE
chemical,FALSE
magnetic,FALSE
gas,FALSE
#,FALSE
#,FALSE
hole,FALSE
#,FALSE
pump,FALSE
fan,FALSE
optical,FALSE
wireless,FALSE
laser,FALSE
electric,FALSE
gauge,FALSE
drop,FALSE
generator,FALSE
vessel,FALSE
mask,FALSE
plate,FALSE
portable,FALSE
measure,FALSE
technological,FALSE
matter,FALSE
practice,FALSE
essence,FALSE
principle,FALSE
compound,FALSE
simple,FALSE
compound,TRUE
carry,TRUE
common,FALSE
simultaneously,FALSE
response,TRUE
delivery,FALSE
just,FALSE
immediately,FALSE
if,FALSE
and,FALSE
right,FALSE
shortly,FALSE
or,FALSE
branch,FALSE
region,FALSE
space,TRUE
voice,FALSE
dedicate,FALSE
panel,FALSE
without,FALSE
transfer,TRUE
log,FALSE
process,FALSE
organize,FALSE
#,FALSE
#,FALSE
#,FALSE
#,FALSE
daily,FALSE
participant,FALSE
communicate,TRUE
interact,FALSE
ip,FALSE
neural,FALSE
offer,TRUE
lay,FALSE
inception,FALSE
more,FALSE
continue,TRUE
continue,TRUE
commence,FALSE
contact,FALSE
come,TRUE
get,TRUE
switch,TRUE
bring,FALSE
download,FALSE
scan,FALSE
save,FALSE
upgrade,FALSE
indeed,FALSE
determine,TRUE
warrant,FALSE
vulnerability,FALSE
sufficient,FALSE
insufficient,FALSE
violate,FALSE
decide,FALSE
respond,FALSE
comply,FALSE
government,FALSE
regulator,FALSE
FDA,FALSE
consider,TRUE
evaluate,FALSE
confidence,FALSE
awareness,FALSE
shall,FALSE
also,FALSE
therefore,FALSE
thus,FALSE
generally,FALSE
advice,TRUE
discretion,FALSE
significant,FALSE
qualify,FALSE
behave,FALSE
emerge,FALSE
branch,FALSE
subdivision,FALSE
limitation,FALSE
pair,FALSE
country,TRUE
population,FALSE
both,FALSE
certain,FALSE
those,FALSE
bell,FALSE
shot,FALSE
ring,FALSE
battlefield,FALSE
ground,FALSE
outside,FALSE
menu,FALSE
color,FALSE
rotate,FALSE
meter,FALSE
#,FALSE
centimeter,FALSE
degree,FALSE
bandwidth,FALSE
convey,FALSE
broadcast,FALSE
payload,FALSE
wave,FALSE
kHz,FALSE
dimension,FALSE
subsequent,FALSE
feature,TRUE
gate,FALSE
elevator,FALSE
introduce,FALSE
#,FALSE
slot,FALSE
passage,FALSE
corridor,FALSE
hall,FALSE
line,TRUE
reverse,FALSE
opposite,FALSE
usual,FALSE
fashion,FALSE
equation,FALSE
theorem,FALSE
explain,TRUE
examine,FALSE
consider,TRUE
identify,TRUE
reaction,FALSE
phenomenon,FALSE
govern,FALSE
manipulate,FALSE
develop,TRUE
demand,FALSE
price,FALSE
production,FALSE
reject,FALSE
deny,FALSE
feed,FALSE
carry,TRUE
combination,FALSE
mix,FALSE
array,FALSE
contact,FALSE
pin,FALSE
#,FALSE
navigation,FALSE
passport,FALSE
hybrid,FALSE
segment,FALSE
piece,FALSE
dimension,FALSE
tablet,FALSE
phone,FALSE
radio,FALSE
display,TRUE
toy,FALSE
game,FALSE
satellite,FALSE
balloon,FALSE
face,FALSE
player,TRUE
it,FALSE
team,TRUE
student,FALSE
aircraft,FALSE
member,FALSE
you,FALSE
individual,TRUE
car,FALSE
winner,FALSE
adult,FALSE
party,FALSE
impact,FALSE
conflict,FALSE
•,FALSE
thereof,FALSE
fiber,FALSE
broadband,FALSE
cellular,FALSE
fibre,FALSE
home,FALSE
backbone,FALSE
sms,FALSE
usb,FALSE
NFC,FALSE
wireless,FALSE
cable,FALSE
email,FALSE
cable,FALSE
wire,FALSE
stand,FALSE
far,FALSE
special,FALSE
experimental,FALSE
performance,TRUE
initial,FALSE
internal,FALSE
assessment,FALSE
study,FALSE
review,TRUE
approval,FALSE
amendment,FALSE
yield,FALSE
violate,FALSE
constitute,FALSE
jump,FALSE
patent,FALSE
publication,FALSE
establish,TRUE
designation,FALSE
proposal,FALSE
project,FALSE
enhance,FALSE
compensate,FALSE
adapt,FALSE
upgrade,FALSE
repair,FALSE
addition,TRUE
adjustment,FALSE
excessive,FALSE
much,FALSE
unnecessary,FALSE
extensive,FALSE
considerable,FALSE
substantial,FALSE
less,FALSE
great,FALSE
॥,FALSE
print,FALSE
temporal,FALSE
stamp,TRUE
#,FALSE
band,FALSE
milestone,FALSE
produce,FALSE
generate,TRUE
return,TRUE
add,TRUE
replace,TRUE
late,FALSE
old,FALSE
#,FALSE
draw,TRUE
view,TRUE
put,FALSE
send,FALSE
link,TRUE
show,TRUE
bring,FALSE
guide,FALSE
release,FALSE
advance,FALSE
review,FALSE
buy,FALSE
save,FALSE
select,FALSE
monitor,FALSE
match,FALSE
many,FALSE
shell,FALSE
vector,FALSE
county,FALSE
parish,FALSE
municipal,FALSE
town,FALSE
township,FALSE
village,FALSE
ward,FALSE
boundary,FALSE
cdp,FALSE
municipality,FALSE
township,FALSE
currently,FALSE
overlap,FALSE
kilometer,TRUE
kilometre,TRUE
floor,FALSE
yard,FALSE
acre,FALSE
league,FALSE
invite,FALSE
let,FALSE
reader,FALSE
viewer,FALSE
reader,FALSE
author,FALSE
editor,FALSE
holder,FALSE
visitor,FALSE
recipient,FALSE
purchase,FALSE
english,FALSE
style,FALSE
#,FALSE
print,FALSE
launch,FALSE
#,FALSE
reaction,FALSE
response,FALSE
impose,FALSE
boot,FALSE
three,FALSE
various,FALSE
different,FALSE
four,FALSE
basic,FALSE
respectively,FALSE
interfere,FALSE
deal,TRUE
coordinate,FALSE
react,FALSE
reply,FALSE
valid,FALSE
compare,TRUE
result,TRUE
listen,FALSE
import,FALSE
transaction,FALSE
payment,FALSE
issue,TRUE
card,TRUE
#,FALSE
oversee,FALSE
undertake,FALSE
manage,TRUE
centralize,FALSE
open,TRUE
open,TRUE
empty,FALSE
officer,FALSE
Manual,FALSE
always,FALSE
successfully,FALSE
correctly,FALSE
reply,FALSE
answer,FALSE
respond,FALSE
confirmation,FALSE
inch,FALSE
metre,FALSE
microphone,FALSE
motor,FALSE
transmitter,FALSE
speaker,FALSE
specialize,FALSE
FCC,FALSE
board,FALSE
director,FALSE
Controller,FALSE
#,FALSE
altitude,FALSE
soldier,FALSE
man,FALSE
child,FALSE
horse,FALSE
dog,FALSE
boy,FALSE
live,FALSE
participate,FALSE
play,TRUE
land,FALSE
maintenance,FALSE
clean,FALSE
wind,FALSE
clean,FALSE
lap,FALSE
pace,FALSE
within,FALSE
division,FALSE
click,FALSE
retire,FALSE
consequence,FALSE
create,TRUE
declare,FALSE
choose,TRUE
receive,TRUE
grant,FALSE
define,TRUE
alone,FALSE
influence,FALSE
#,FALSE
latter,FALSE
unique,FALSE
tag,FALSE
responsibility,FALSE
assignment,FALSE
responsibility,FALSE
ventilation,FALSE
transit,FALSE
hesitate,FALSE
want,FALSE
choose,FALSE
seek,FALSE
wish,FALSE
agree,TRUE
destroy,FALSE
interior,FALSE
inward,FALSE
restraint,FALSE
origin,FALSE
seal,FALSE
assign,FALSE
range,TRUE
band,FALSE
good,FALSE
shape,FALSE
crash,FALSE
die,FALSE
collapse,FALSE
crash,FALSE
fold,FALSE
culminate,FALSE
bring,FALSE
denial,FALSE
breach,FALSE
abuse,FALSE
disruption,FALSE
abandonment,FALSE
coverage,FALSE
host,FALSE
basis,FALSE
archive,FALSE
estimate,FALSE
evidence,FALSE
forward,FALSE
enterprise,FALSE
development,FALSE
amendment,FALSE
exception,FALSE
reform,FALSE
behalf,FALSE
recommendation,FALSE
suggestion,FALSE
consideration,FALSE
senior,FALSE
partner,FALSE
stakeholder,FALSE
leader,FALSE
author,FALSE
owner,FALSE
catalog,FALSE
defend,FALSE
recover,FALSE
property,FALSE
#,FALSE
submission,FALSE
divide,FALSE
estimate,FALSE
relate,TRUE
devote,FALSE
commit,FALSE
pertain,FALSE
map,TRUE
later,FALSE
subsequent,FALSE
#,FALSE
#,FALSE
question,FALSE
#,FALSE
#,FALSE
3d,FALSE
matrix,FALSE
engine,FALSE
marker,FALSE
Wikipedia,FALSE
screen,TRUE
existence,FALSE
continuous,FALSE
repeat,FALSE
scene,FALSE
sentence,FALSE
film,FALSE
song,FALSE
music,FALSE
score,FALSE
dance,FALSE
reverse,FALSE
finish,FALSE
play,TRUE
transformation,FALSE
predict,FALSE
topology,FALSE
outcome,FALSE
expression,FALSE
unlike,FALSE
defensive,FALSE
defense,FALSE
combat,FALSE
battle,FALSE
#,FALSE
#,FALSE
#,FALSE
replay,FALSE
double,FALSE
deem,FALSE
think,TRUE
presume,FALSE
believe,FALSE
unlikely,FALSE
across,FALSE
#,FALSE
boundary,FALSE
show,TRUE
demonstration,FALSE
depiction,FALSE
recreation,FALSE
photograph,FALSE
picture,FALSE
photo,FALSE
render,FALSE
geographic,FALSE
geographical,FALSE
declare,FALSE
tell,FALSE
watch,FALSE
Map,FALSE
attempt,TRUE
copy,FALSE
ticket,FALSE
payment,FALSE
count,FALSE
declare,FALSE
deny,FALSE
term,TRUE
permanent,FALSE
criminal,FALSE
legitimate,FALSE
serious,FALSE
default,FALSE
sort,FALSE
explosion,FALSE
phenomenon,FALSE
strike,FALSE
citizen,FALSE
party,FALSE
everywhere,FALSE
alike,FALSE
worldwide,FALSE
especially,FALSE
american,FALSE
broad,FALSE
british,FALSE
wide,FALSE
tour,FALSE
taxi,FALSE
railroad,FALSE
cab,FALSE
automobile,FALSE
auto,FALSE
boat,FALSE
medium,FALSE
elderly,FALSE
trend,FALSE
trend,FALSE
river,FALSE
turbulent,FALSE
lava,FALSE
wind,FALSE
fluid,FALSE
blood,FALSE
sewage,FALSE
unknown,FALSE
resistance,FALSE
electricity,FALSE
raise,FALSE
hazard,FALSE
target,FALSE
incident,FALSE
explosion,FALSE
fire,FALSE
list,TRUE
National,FALSE
specialist,FALSE
first,FALSE
tv,FALSE
film,FALSE
gold,FALSE
†,FALSE
drama,FALSE
insight,FALSE
close,FALSE
file,FALSE
Database,FALSE
content,FALSE
similar,FALSE
accord,FALSE
compare,TRUE
accord,FALSE
unknown,FALSE
not,FALSE
#,FALSE
format,FALSE
disk,FALSE
dvd,FALSE
print,TRUE
multimedia,FALSE
preservation,FALSE
material,FALSE
paper,FALSE
magazine,FALSE
effectively,FALSE
#,FALSE
#,FALSE
add,TRUE
block,TRUE
dispatch,FALSE
barrier,FALSE
obstacle,FALSE
road,TRUE
track,FALSE
curve,FALSE
travel,TRUE
route,TRUE
highway,FALSE
go,TRUE
demonstrate,FALSE
explore,FALSE
respond,FALSE
translate,FALSE
bind,FALSE
spread,FALSE
industry,FALSE
serve,TRUE
develop,TRUE
deal,TRUE
jurisdiction,FALSE
arrival,FALSE
carrier,FALSE
flag,FALSE
intelligent,FALSE
come,TRUE
January,FALSE
December,FALSE
race,FALSE
vote,FALSE
competition,FALSE
ceremony,FALSE
vote,FALSE
election,FALSE
screen,FALSE
draw,TRUE
repeat,FALSE
reference,FALSE
dual,FALSE
connector,FALSE
#,FALSE
pin,FALSE
roll,FALSE
#,FALSE
#,FALSE
#,FALSE
#,FALSE
car,TRUE
robot,FALSE
assemble,FALSE
own,TRUE
wire,FALSE
isolate,FALSE
disconnect,FALSE
unlocked,FALSE
chassis,FALSE
plate,FALSE
meter,FALSE
cool,FALSE
file,TRUE
refrigerator,FALSE
liquor,FALSE
glass,FALSE
heating,FALSE
television,FALSE
medicine,FALSE
trail,FALSE
robotic,FALSE
#,FALSE
#,FALSE
#,FALSE
#,FALSE
fit,TRUE
reside,TRUE
participate,FALSE
library,FALSE
client,FALSE
support,TRUE
give,TRUE
analyst,FALSE
recognize,FALSE
fix,TRUE
suspicious,FALSE
professional,FALSE
pause,FALSE
infinite,FALSE
arbitrary,FALSE
arithmetic,FALSE
evolutionary,FALSE
offence,FALSE
phrase,FALSE
passage,FALSE
clause,FALSE
animation,FALSE
story,FALSE
mining,FALSE
edit,FALSE
network,TRUE
family,FALSE
song,FALSE
album,FALSE
recording,FALSE
story,FALSE
cd,FALSE
dvd,FALSE
disc,FALSE
expect,FALSE
hear,FALSE
raise,TRUE
silence,FALSE
acknowledge,FALSE
audio,FALSE
couple,FALSE
filter,FALSE
#,FALSE
compression,FALSE
counter,FALSE
relation,FALSE
correspondence,FALSE
architectural,FALSE
design,TRUE
reference,TRUE
document,TRUE
standard,FALSE
rule,FALSE
environment,FALSE
handbook,FALSE
resist,FALSE
load,FALSE
player,FALSE
back,FALSE
return,TRUE
update,TRUE
move,TRUE
fast,FALSE
fast,FALSE
accelerate,FALSE
slow,FALSE
efficient,FALSE
easy,FALSE
accept,TRUE
reject,FALSE
type,TRUE
drill,FALSE
sleep,FALSE
sleep,FALSE
importance,FALSE
liable,FALSE
force,TRUE
entitle,FALSE
oblige,FALSE
compel,FALSE
ready,FALSE
willing,FALSE
prepare,FALSE
grant,FALSE
restore,FALSE
meet,FALSE
conference,FALSE
fair,FALSE
eclipse,FALSE
census,FALSE
election,FALSE
festival,FALSE
#,FALSE
#,FALSE
subject,FALSE
contribute,FALSE
#,FALSE
disturbance,FALSE
note,TRUE
reflect,FALSE
announce,FALSE
recorder,FALSE
#,FALSE
begin,TRUE
debut,FALSE
begin,TRUE
appear,TRUE
start,TRUE
full,FALSE
complete,FALSE
assume,FALSE
retain,FALSE
hole,FALSE
tower,FALSE
compartment,FALSE
break,TRUE
break,TRUE
go,TRUE
burn,FALSE
burn,FALSE
international,FALSE
commercial,FALSE
license,FALSE
utility,FALSE
pick,FALSE
prefer,FALSE
field,TRUE
cooperate,FALSE
negotiate,FALSE
collaborate,FALSE
compete,FALSE
try,FALSE
universe,FALSE
unless,FALSE
field,TRUE
cell,FALSE
every,FALSE
act,TRUE
building,FALSE
take,TRUE
build,TRUE
drawing,FALSE
reward,FALSE
weight,FALSE
align,FALSE
correlate,FALSE
address,TRUE
rely,TRUE
proprietary,FALSE
dos,FALSE
web,FALSE
back,TRUE
inspire,FALSE
like,FALSE
union,FALSE
body,FALSE
arm,FALSE
manage,TRUE
engage,FALSE
attack,TRUE
target,TRUE
race,FALSE
seat,FALSE
door,FALSE
bridge,FALSE
road,TRUE
key,FALSE
gateway,FALSE
upon,FALSE
upload,FALSE
analytical,FALSE
manufacture,FALSE
cut,FALSE
fishing,FALSE
recommend,FALSE
purchase,FALSE
investigation,FALSE
influence,FALSE
influence,FALSE
integration,FALSE
begin,TRUE
Upper,FALSE
third,FALSE
theory,FALSE
#,FALSE
ensure,TRUE
penetration,FALSE
camera,FALSE
interact,FALSE
icon,FALSE
induce,FALSE
lose,TRUE
precisely,FALSE
non,FALSE
grace,FALSE
insert,FALSE
anticipation,FALSE
launch,FALSE
architect,FALSE
solve,FALSE
thus,FALSE
graph,FALSE
allocation,FALSE
processor,TRUE
chip,FALSE
accommodate,FALSE
minimize,FALSE
impact,TRUE
challenge,FALSE
renovation,FALSE
standard,FALSE
law,FALSE
with,FALSE
earth,FALSE
exchange,FALSE
license,FALSE
mixture,FALSE
type,TRUE
transition,FALSE
sentence,FALSE
equipment,FALSE
electronic,FALSE
network,TRUE
instrument,FALSE
reside,FALSE
live,FALSE
serve,FALSE
house,FALSE
reliable,FALSE
situate,FALSE
station,TRUE
position,TRUE
mount,FALSE
refer,FALSE
correspond,TRUE
revert,FALSE
belong,FALSE
lead,TRUE
un,FALSE
enemy,FALSE
study,FALSE
calculation,FALSE
monthly,FALSE
rating,FALSE
correspond,TRUE
coincide,FALSE
agree,FALSE
click,FALSE
scroll,FALSE
online,FALSE
almost,FALSE
nearly,FALSE
of,FALSE
nearly,FALSE
today,FALSE
virtually,FALSE
vote,FALSE
voter,FALSE
poll,FALSE
candidate,FALSE
well,FALSE
low,FALSE
large,FALSE
winner,FALSE
wish,FALSE
want,TRUE
aim,TRUE
try,TRUE
reduce,TRUE
enough,FALSE
cope,TRUE
red,FALSE
see,TRUE
like,TRUE
find,TRUE
know,TRUE
touch,FALSE
understand,FALSE
recognize,FALSE
Hz,FALSE
UTC,FALSE
calendar,FALSE
predict,FALSE
match,FALSE
era,FALSE
judge,FALSE
legend,FALSE
green,FALSE
money,FALSE
weight,FALSE
arm,FALSE
weight,FALSE
hand,FALSE
arrow,FALSE
foot,FALSE
least,FALSE
offer,TRUE
hear,FALSE
accept,TRUE
send,TRUE
take,TRUE
letter,FALSE
random,FALSE
as,FALSE
ship,FALSE
#,FALSE
intelligence,FALSE
accounting,FALSE
editing,FALSE
undergo,FALSE
survive,FALSE
artificial,FALSE
healthy,FALSE
constant,FALSE
language,TRUE
linguistic,FALSE
code,TRUE
vocabulary,FALSE
school,FALSE
formal,FALSE
linguistic,FALSE
qualification,FALSE
can,FALSE
trust,FALSE
age,FALSE
tax,FALSE
educational,FALSE
marketing,FALSE
education,FALSE
collaborative,FALSE
locomotive,FALSE
mind,FALSE
orbit,FALSE
dark,FALSE
picture,FALSE
detach,FALSE
erase,FALSE
clear,FALSE
pull,FALSE
exclude,FALSE
attempt,TRUE
seek,TRUE
overcome,FALSE
resolve,FALSE
remedy,FALSE
extent,FALSE
magnitude,FALSE
severity,FALSE
significance,FALSE
reality,FALSE
gravity,FALSE
implication,FALSE
understand,FALSE
carefully,FALSE
bear,FALSE
perspective,FALSE
expert,FALSE
expert,FALSE
designer,FALSE
researcher,FALSE
specialist,FALSE
scientist,FALSE
analyst,FALSE
investigator,FALSE
technician,FALSE
professional,FALSE
mark,FALSE
technique,FALSE
#,FALSE
flow,FALSE
speech,FALSE
code,TRUE
#,FALSE
#,FALSE
mathematical,FALSE
ferry,FALSE
handle,TRUE
serve,TRUE
meet,FALSE
avenue,FALSE
departure,FALSE
boarding,FALSE
provision,FALSE
mention,FALSE
duty,FALSE
justification,FALSE
timeline,FALSE
formula,FALSE
write,TRUE
bracket,FALSE
transmission,FALSE
train,FALSE
concurrent,FALSE
early,FALSE
proportion,FALSE
rfc,FALSE
routine,FALSE
exercise,FALSE
operative,FALSE
sign,FALSE
count,FALSE
attend,FALSE
aspect,FALSE
whistle,FALSE
bell,FALSE
horn,FALSE
announcement,FALSE
warn,FALSE
remind,FALSE
catch,FALSE
grab,FALSE
use,TRUE
design,TRUE
remotely,FALSE
inside,FALSE
expand,FALSE
adequate,FALSE
visit,FALSE
search,TRUE
edit,FALSE
official,FALSE
archive,FALSE
biography,FALSE
#,FALSE
#,FALSE
#,FALSE
#,FALSE
graph,FALSE
depict,FALSE
exhibit,FALSE
show,TRUE
chart,FALSE
reflect,FALSE
circulation,FALSE
good,FALSE
cargo,FALSE
freight,FALSE
market,FALSE
island,FALSE
ability,TRUE
desire,FALSE
need,TRUE
want,TRUE
appear,TRUE
repair,FALSE
correct,FALSE
rebuilt,FALSE
evacuate,FALSE
stop,TRUE
suspend,FALSE
infection,FALSE
price,FALSE
rise,TRUE
sunset,FALSE
renovation,FALSE
visual,FALSE
external,FALSE
position,TRUE
FAA,FALSE
airline,FALSE
Navy,FALSE
squadron,FALSE
observe,FALSE
airline,FALSE
lifetime,FALSE
#,FALSE
collect,TRUE
everything,FALSE
note,TRUE
#,FALSE
count,FALSE
exceed,FALSE
#,FALSE
#,FALSE
#,FALSE
exceed,TRUE
exceed,TRUE
verb,FALSE
fulfil,FALSE
satisfy,FALSE
waive,FALSE
amend,FALSE
void,FALSE
invalid,FALSE
station,TRUE
medical,FALSE
#,FALSE
#,FALSE
apparatus,FALSE
helicopter,FALSE
tie,FALSE
familiar,FALSE
belong,FALSE
associate,TRUE
straight,FALSE
roll,FALSE
cut,FALSE
clean,FALSE
runner,FALSE
toilet,FALSE
number,TRUE
form,TRUE
line,TRUE
initially,FALSE
northbound,FALSE
southbound,FALSE
circular,FALSE
arrive,FALSE
staircase,FALSE
stair,FALSE
descend,FALSE
curve,FALSE
advance,FALSE
middle,FALSE
downtown,FALSE
house,FALSE
cockpit,FALSE
basement,FALSE
studio,FALSE
#,FALSE
headquarter,FALSE
HQ,FALSE
army,FALSE
Corps,FALSE
chief,FALSE
corps,FALSE
belong,FALSE
belong,FALSE
collapse,FALSE
disaster,FALSE
because,FALSE
lead,TRUE
deal,TRUE
associate,TRUE
inconsistent,FALSE
class,FALSE
\\,FALSE
thousand,FALSE
hundred,FALSE
amount,TRUE
million,FALSE
job,FALSE
sell,FALSE
total,TRUE
certificate,FALSE
p,FALSE
officer,FALSE
electromagnetic,FALSE
except,FALSE
absent,FALSE
form,TRUE
regard,FALSE
formulate,FALSE
explicit,FALSE
imply,FALSE
gun,FALSE
missile,FALSE
weapon,FALSE
regiment,FALSE
convert,FALSE
promote,FALSE
superior,FALSE
power,TRUE
man,FALSE
air,TRUE
atmospheric,FALSE
under,FALSE
ambient,FALSE
water,FALSE
speed,FALSE
volume,FALSE
#,FALSE
temperature,FALSE
rate,FALSE
composition,FALSE
when,FALSE
flow,TRUE
energy,FALSE
heat,FALSE
humidity,FALSE
#,FALSE
#,FALSE
#,FALSE
#,FALSE
space,FALSE
motion,FALSE
bound,FALSE
realm,FALSE
acceptable,FALSE
absolute,FALSE
atmosphere,FALSE
boiler,FALSE
lung,FALSE
#,FALSE
transfer,TRUE
link,TRUE
relay,FALSE
hub,FALSE
render,FALSE
deliver,FALSE
MV,FALSE
w,FALSE
kw,FALSE
listen,FALSE
interest,FALSE
probability,FALSE
increase,TRUE
reduce,TRUE
decrease,FALSE
decrease,FALSE
rise,FALSE
rise,FALSE
climb,FALSE
double,FALSE
fall,TRUE
advocate,FALSE
interception,FALSE
satellite,FALSE
telecommunication,FALSE
cable,TRUE
bin,FALSE
launch,FALSE
name,TRUE
mark,TRUE
examine,FALSE
place,TRUE
find,TRUE
dot,FALSE
viewer,FALSE
listener,FALSE
subscriber,FALSE
household,FALSE
audience,FALSE
visitor,FALSE
fund,FALSE
membership,FALSE
score,FALSE
split,FALSE
separate,TRUE
mixed,FALSE
alia,FALSE
#,FALSE
container,FALSE
copy,FALSE
package,FALSE
generation,FALSE
thousand,FALSE
child,FALSE
consumer,FALSE
join,FALSE
visit,FALSE
tie,FALSE
tend,FALSE
soon,FALSE
seem,FALSE
improve,FALSE
interrupt,FALSE
include,TRUE
run,TRUE
Mac,FALSE
macintosh,FALSE
modern,FALSE
header,FALSE
zip,FALSE
#,FALSE
stream,FALSE
#,FALSE
#,FALSE
#,FALSE
analog,FALSE
DC,FALSE
parallel,FALSE
runner,FALSE
sit,FALSE
hit,FALSE
stand,FALSE
p,FALSE
hold,TRUE
shut,FALSE
#,FALSE
hall,FALSE
hallway,FALSE
alley,FALSE
suppose,FALSE
mean,TRUE
sure,FALSE
toll,FALSE
sewer,FALSE
barrier,FALSE
drainage,FALSE
immune,FALSE
storm,FALSE
however,FALSE
particularly,FALSE
combine,TRUE
history,FALSE
memory,TRUE
surface,FALSE
axle,FALSE
gross,FALSE
annual,FALSE
work,TRUE
travel,FALSE
corporation,FALSE
district,FALSE
#,FALSE
delay,FALSE
ineffective,FALSE
logo,FALSE
blank,FALSE
green,FALSE
preview,FALSE
#,FALSE
#,FALSE
similarity,FALSE
lay,FALSE
write,TRUE
lay,FALSE
put,FALSE
cut,FALSE
write,TRUE
obey,FALSE
respect,FALSE
conform,FALSE
rotation,FALSE
apart,FALSE
originate,FALSE
hard,FALSE
trap,FALSE
bench,FALSE
generator,FALSE
#,FALSE
#,FALSE
#,FALSE
#,FALSE
#,FALSE
#,FALSE
#,FALSE
#,FALSE
#,FALSE
#,FALSE
#,FALSE
idea,FALSE
argument,FALSE
club,FALSE
rider,FALSE
contestant,FALSE
athlete,FALSE
participant,FALSE
voter,FALSE
coach,FALSE
sign,TRUE
pass,TRUE
Signal,FALSE
route,TRUE
distance,FALSE
pass,TRUE
clue,FALSE
#,FALSE
#,FALSE
mean,TRUE
distinguish,FALSE
half,FALSE
properly,FALSE
legally,FALSE
strictly,FALSE
#,FALSE
precision,FALSE
bend,FALSE
bank,FALSE
brake,FALSE
gap,FALSE
shift,FALSE
rotate,FALSE
feature,FALSE
principle,FALSE
evaluation,FALSE
turf,FALSE
manufacture,TRUE
stadium,FALSE
Games,FALSE
lighting,FALSE
marker,FALSE
Europe,FALSE
Canada,FALSE
Australia,FALSE
Japan,FALSE
exchange,FALSE
ideal,FALSE
proximity,FALSE
mobility,FALSE
regulation,FALSE
correlation,FALSE
relation,FALSE
association,FALSE
downstream,FALSE
upstream,FALSE
tributary,FALSE
delta,FALSE
mail,FALSE
receiver,FALSE
accessory,FALSE
NAS,FALSE
at,FALSE
cc,FALSE
CO,FALSE
MHz,FALSE
quote,FALSE
seize,FALSE
galaxy,FALSE
nation,FALSE
globe,FALSE
charge,FALSE
concept,FALSE
agreement,FALSE
Protocol,FALSE
foundation,FALSE
glance,FALSE
premium,FALSE
assembly,FALSE
treatment,FALSE
examination,FALSE
stimulus,FALSE
splash,FALSE
shade,FALSE
correction,FALSE
patch,FALSE
clothing,FALSE
clothe,FALSE
explicitly,FALSE
incorrectly,FALSE
weekly,FALSE
live,FALSE
annually,FALSE
hourly,FALSE
short,FALSE
cent,FALSE
usd,FALSE
commission,FALSE
committee,FALSE
#,FALSE
day,FALSE
#,FALSE
#,FALSE
#,FALSE
medium,FALSE
erection,FALSE
fit,FALSE
plaque,FALSE
terminus,FALSE
venue,FALSE
transform,FALSE
migrate,FALSE
injection,FALSE
contribution,FALSE
public,FALSE
political,FALSE
legal,FALSE
administrative,FALSE
local,FALSE
social,FALSE
autonomous,FALSE
economic,FALSE
human,FALSE
civil,FALSE
together,FALSE
particle,FALSE
regard,FALSE
regard,FALSE
conjunction,FALSE
deliver,TRUE
supply,TRUE
communicating,FALSE
feed,FALSE
distribute,FALSE
present,TRUE
transmit,FALSE
perform,TRUE
department,FALSE
#,FALSE
#,FALSE
head,FALSE
split,FALSE
bay,FALSE
relocate,FALSE
shoulder,FALSE
mouth,FALSE
east,FALSE
southeast,FALSE
upward,FALSE
eastward,FALSE
southwest,FALSE
northeast,FALSE
northward,FALSE
wetland,FALSE
walk,FALSE
Daily,FALSE
blog,FALSE
facebook,FALSE
impair,FALSE
respond,FALSE
alert,FALSE
tourist,FALSE
immigration,FALSE
necessarily,FALSE
yet,FALSE
exclusively,FALSE
resident,FALSE
limitation,FALSE
enforce,FALSE
rest,FALSE
focus,FALSE
bear,FALSE
concentrate,FALSE
ram,FALSE
ask,TRUE
ask,TRUE
quote,FALSE
tell,TRUE
convince,FALSE
#,FALSE
let,FALSE
hook,FALSE
track,TRUE
confirm,FALSE
have,FALSE
have,FALSE
multiplayer,FALSE
arcade,FALSE
equal,FALSE
proportional,FALSE
dispatch,FALSE
border,FALSE
fall,TRUE
publication,FALSE
ministry,FALSE
ministry,FALSE
council,FALSE
government,FALSE
instal,TRUE
implement,TRUE
choice,FALSE
announce,FALSE
observer,FALSE
impact,FALSE
service,TRUE
directorate,FALSE
assess,FALSE
let,FALSE
evidence,FALSE
transport,FALSE
#,FALSE
deck,FALSE
tank,FALSE
hand,FALSE
denote,FALSE
d,FALSE
z,FALSE
III,FALSE
g,FALSE
#,FALSE
bear,FALSE
#,FALSE
#,FALSE
#,FALSE
authority,FALSE
commissioner,FALSE
agency,FALSE
achieve,FALSE
design,TRUE
produce,FALSE
harbor,FALSE
#,FALSE
nuclear,FALSE
reform,FALSE
regulation,FALSE
issue,FALSE
matter,FALSE
govern,FALSE
concern,FALSE
book,FALSE
font,FALSE
script,FALSE
out,FALSE
eye,FALSE
midst,FALSE
pedestrian,FALSE
approach,FALSE
depart,FALSE
median,FALSE
western,FALSE
eastern,FALSE
northern,FALSE
preference,FALSE
preference,FALSE
expectation,FALSE
search,TRUE
publish,FALSE
base,FALSE
personal,FALSE
warning,FALSE
#,FALSE
pilot,FALSE
extreme,FALSE
#,FALSE
noise,FALSE
census,FALSE
anniversary,FALSE
remember,FALSE
throw,FALSE
scatter,FALSE
toss,FALSE
point,TRUE
ACC,FALSE
MAC,FALSE
locker,FALSE
hatch,FALSE
bar,TRUE
fill,FALSE
lift,FALSE
half,FALSE
unison,FALSE
concert,FALSE
admission,FALSE
admission,FALSE
arena,FALSE
simply,FALSE
accordance,FALSE
bypass,FALSE
relocate,FALSE
cell,FALSE
biological,FALSE
their,FALSE
disk,FALSE
surface,FALSE
exchange,FALSE
quantity,FALSE
#,FALSE
nuclear,FALSE
post,FALSE
disturb,FALSE
#,FALSE
quarter,FALSE
contribute,FALSE
contribute,FALSE
contribute,FALSE
margin,FALSE
delegate,FALSE
consultation,FALSE
conduct,FALSE
complete,TRUE
suffer,FALSE
rf,FALSE
uc,FALSE
CP,FALSE
post,FALSE
PA,FALSE
AC,FALSE
up,FALSE
co,FALSE
bus,FALSE
loop,TRUE
onset,FALSE
warehouse,FALSE
beam,FALSE
panel,TRUE
bar,FALSE
bridge,FALSE
bolt,FALSE
shaft,FALSE
erect,FALSE
stretch,FALSE
plain,FALSE
valley,FALSE
land,FALSE
landscape,FALSE
expanse,FALSE
territory,FALSE
bad,FALSE
agreement,FALSE
arrangement,FALSE
booth,FALSE
fill,FALSE
accident,FALSE
injury,FALSE
bug,FALSE
limit,TRUE
lower,FALSE
aquarium,FALSE
either,FALSE
get,TRUE
rid,FALSE
possession,FALSE
alternatively,FALSE
consider,TRUE
apply,TRUE
Chart,FALSE
fairly,FALSE
quite,FALSE
perfectly,FALSE
absolutely,FALSE
pretty,FALSE
equally,FALSE
crystal,FALSE
reasonably,FALSE
mistake,FALSE
appearance,FALSE
transport,FALSE
distribution,FALSE
transportation,FALSE
stand,FALSE
emerge,FALSE
comprise,FALSE
kilometre,FALSE
truck,FALSE
patron,FALSE
rider,FALSE
beyond,FALSE
nearby,FALSE
operation,TRUE
selection,FALSE
creation,FALSE
protection,TRUE
construction,FALSE
movement,FALSE
visit,FALSE
conclude,FALSE
SEC,FALSE
auxiliary,FALSE
continuity,FALSE
hire,FALSE
#,FALSE
#,FALSE
rise,FALSE
reactor,FALSE
industrial,FALSE
certification,FALSE
range,FALSE
structure,TRUE
near,FALSE
whether,FALSE
exposure,FALSE
hang,FALSE
furnish,FALSE
crossing,FALSE
hydraulic,FALSE
modular,FALSE
pose,FALSE
challenge,FALSE
disadvantage,FALSE
concern,FALSE
consequence,FALSE
likelihood,FALSE
necessity,FALSE
commerce,FALSE
angle,FALSE
propagation,FALSE
convergence,FALSE
seem,FALSE
tend,FALSE
tape,FALSE
footage,FALSE
video,FALSE
retain,FALSE
revise,FALSE
refine,FALSE
EPA,FALSE
suit,FALSE
read,TRUE
examine,FALSE
store,TRUE
look,TRUE
relieve,FALSE
inform,FALSE
warn,FALSE