contact,FALSE
communication,TRUE
interaction,FALSE
work,TRUE
connection,FALSE
integration,FALSE
installation,FALSE
coordination,FALSE
change,TRUE
communication,FALSE
interchange,FALSE
transfer,FALSE
operation,TRUE
movement,FALSE
change,TRUE
heating,FALSE
cool,FALSE
electrical,FALSE
water,FALSE
ventilation,FALSE
power,TRUE
mechanical,FALSE
generator,FALSE
electricity,FALSE
lighting,FALSE
machinery,FALSE
engine,FALSE
engine,FALSE
storage,TRUE
equipment,TRUE
heat,FALSE
hot,FALSE
intake,FALSE
inlet,FALSE
air,TRUE
steam,FALSE
thermal,FALSE
expansion,FALSE
supply,TRUE
fan,FALSE
conditioning,FALSE
maintenance,FALSE
control,TRUE
exhaust,FALSE
cook,FALSE
gas,FALSE
run,TRUE
system,TRUE
unit,TRUE
device,TRUE
component,TRUE
facility,TRUE
element,TRUE
appliance,FALSE
station,FALSE
machine,TRUE
system,TRUE
plant,FALSE
supply,TRUE
module,FALSE
tower,FALSE
make,TRUE
initiate,FALSE
maintain,FALSE
conduct,FALSE
do,TRUE
achieve,FALSE
possible,FALSE
provide,TRUE
control,TRUE
obtain,TRUE
accomplish,FALSE
establish,TRUE
receive,TRUE
direct,FALSE
manage,TRUE
connection,FALSE
door,FALSE
access,TRUE
telephone,FALSE
door,FALSE
entrance,FALSE
link,FALSE
proximity,FALSE
radio,FALSE
link,FALSE
wire,FALSE
cable,FALSE
phone,FALSE
instrument,FALSE
part,TRUE
platform,FALSE
company,TRUE
project,TRUE
site,FALSE
website,FALSE
language,FALSE
program,TRUE
service,TRUE
group,TRUE
class,FALSE
track,FALSE
channel,FALSE
school,FALSE
website,FALSE
library,FALSE
school,FALSE
service,TRUE
library,FALSE
#,FALSE
#,FALSE
more,FALSE
#,FALSE
current,FALSE
the,FALSE
operational,FALSE
official,FALSE
present,FALSE
general,FALSE
initial,FALSE
maintenance,FALSE
historical,FALSE
historic,FALSE
full,FALSE
total,FALSE
special,FALSE
#,FALSE
#,FALSE
member,TRUE
player,FALSE
user,TRUE
patient,FALSE
animal,FALSE
host,FALSE
body,FALSE
computer,TRUE
child,FALSE
participant,FALSE
subject,FALSE
machine,TRUE
student,FALSE
person,TRUE
individual,TRUE
go,TRUE
proceed,FALSE
pass,FALSE
progress,FALSE
continue,FALSE
run,TRUE
operate,TRUE
move,FALSE
work,TRUE
flow,FALSE
travel,FALSE
go,TRUE
advance,FALSE
function,TRUE
develop,FALSE
process,TRUE
step,TRUE
stage,FALSE
task,TRUE
stage,FALSE
process,TRUE
step,TRUE
phase,TRUE
procedure,TRUE
method,FALSE
motion,FALSE
task,TRUE
function,TRUE
problem,FALSE
determine,TRUE
calculate,FALSE
increase,TRUE
change,TRUE
decrease,FALSE
adjust,FALSE
obtain,TRUE
measure,TRUE
find,TRUE
reach,TRUE
compute,FALSE
evaluate,FALSE
reduce,TRUE
define,TRUE
gain,FALSE
target,FALSE
population,FALSE
priority,FALSE
status,TRUE
specific,FALSE
#,FALSE
#,FALSE
#,FALSE
#,FALSE
#,FALSE
event,TRUE
#,FALSE
#,FALSE
#,FALSE
#,FALSE
#,FALSE
#,FALSE
#,FALSE
#,FALSE
generate,TRUE
create,TRUE
produce,TRUE
cause,TRUE
represent,TRUE
involve,FALSE
describe,TRUE
contain,TRUE
include,TRUE
provide,TRUE
use,TRUE
previously,FALSE
currently,FALSE
temporarily,FALSE
temporary,FALSE
current,FALSE
locally,FALSE
normally,FALSE
single,FALSE
long,FALSE
physically,FALSE
time,TRUE
remote,FALSE
local,FALSE
energy,FALSE
datum,TRUE
input,FALSE
feed,FALSE
enter,TRUE
translate,FALSE
play,TRUE
log,FALSE
fit,TRUE
lead,TRUE
come,TRUE
fall,TRUE
factor,TRUE
tie,FALSE
database,TRUE
section,TRUE
report,TRUE
file,TRUE
program,TRUE
area,TRUE
menu,FALSE
box,FALSE
page,FALSE
display,FALSE
mode,TRUE
folder,FALSE
send,TRUE
receive,TRUE
take,TRUE
need,TRUE
require,TRUE
release,FALSE
warm,FALSE
light,FALSE
start,TRUE
boost,FALSE
charge,FALSE
pressure,FALSE
start,TRUE
lock,FALSE
feed,FALSE
lift,FALSE
dry,FALSE
burn,FALSE
lower,FALSE
turn,TRUE
melt,FALSE
closing,FALSE
set,TRUE
effect,FALSE
action,FALSE
mechanism,FALSE
signal,TRUE
cycle,FALSE
element,TRUE
unit,TRUE
device,TRUE
run,TRUE
turn,TRUE
go,TRUE
move,TRUE
flow,TRUE
feed,FALSE
get,TRUE
operate,TRUE
switch,TRUE
reflect,FALSE
send,TRUE
cool,TRUE
charge,FALSE
travel,FALSE
system,FALSE
clock,FALSE
environment,FALSE
application,TRUE
configuration,TRUE
source,TRUE
header,FALSE
result,TRUE
physical,FALSE
software,TRUE
register,TRUE
entire,FALSE
code,TRUE
table,TRUE
window,FALSE
information,TRUE
module,FALSE
schedule,FALSE
contain,TRUE
provide,TRUE
include,TRUE
specify,TRUE
give,TRUE
hold,TRUE
define,TRUE
produce,TRUE
use,TRUE
generate,TRUE
bear,FALSE
create,TRUE
name,TRUE
address,TRUE
parameter,TRUE
command,FALSE
value,TRUE
password,FALSE
description,TRUE
location,FALSE
model,TRUE
path,FALSE
state,TRUE
node,FALSE
class,FALSE
object,FALSE
instance,FALSE
server,TRUE
company,TRUE
operator,FALSE
customer,TRUE
client,FALSE
utility,FALSE
driver,FALSE
know,TRUE
implement,TRUE
,FALSE
feature,TRUE
method,TRUE
tool,TRUE
technique,FALSE
way,TRUE
application,TRUE
thing,FALSE
activity,FALSE
measure,TRUE
parameter,TRUE
affect,FALSE
modify,FALSE
utilize,FALSE
support,TRUE
influence,FALSE
perform,FALSE
determine,TRUE
improve,TRUE
enhance,FALSE
aid,TRUE
require,TRUE
employ,FALSE
overall,FALSE
optimal,FALSE
operate,TRUE
internal,FALSE
critical,FALSE
effective,FALSE
measure,FALSE
equilibrium,FALSE
desire,FALSE
temperature,TRUE
monitor,FALSE
station,FALSE
level,TRUE
response,FALSE
measurement,TRUE
monitor,FALSE
level,TRUE
rise,FALSE
measurement,TRUE
control,TRUE
sensor,FALSE
temperature,TRUE
humidity,FALSE
alarm,FALSE
condition,TRUE
adjust,FALSE
test,TRUE
check,TRUE
set,TRUE
establish,FALSE
verify,FALSE
maintain,FALSE
detect,FALSE
trigger,FALSE
climate,FALSE
sensor,FALSE
setting,TRUE
size,FALSE
time,TRUE
voltage,FALSE
position,TRUE
height,FALSE
frequency,FALSE
fire,FALSE
freeze,FALSE
stop,TRUE
feedback,FALSE
measure,TRUE
management,TRUE
safety,FALSE
historical,FALSE
relevant,FALSE
original,FALSE
public,FALSE
follow,TRUE
official,FALSE
principal,FALSE
main,FALSE
two,FALSE
various,FALSE
detail,FALSE
government,TRUE
table,TRUE
example,TRUE
event,TRUE
image,FALSE
article,TRUE
figure,FALSE
item,TRUE
list,TRUE
may,FALSE
also,FALSE
might,FALSE
would,FALSE
must,FALSE
presently,FALSE
form,TRUE
constitute,FALSE
form,TRUE
comprise,FALSE
form,TRUE
become,FALSE
form,TRUE
list,TRUE
part,TRUE
specification,TRUE
summary,FALSE
breakdown,FALSE
draft,FALSE
draw,FALSE
document,FALSE
copy,FALSE
definition,FALSE
article,TRUE
archive,FALSE
entry,FALSE
commune,FALSE
municipality,FALSE
power,FALSE
heat,FALSE
light,FALSE
#,FALSE
water,TRUE
electrical,FALSE
drainage,FALSE
sanitation,FALSE
valid,FALSE
total,FALSE
apply,TRUE
absolute,FALSE
nominal,FALSE
calculate,FALSE
reference,FALSE
differential,FALSE
free,FALSE
ideal,FALSE
real,FALSE
#,FALSE
instrument,FALSE
indicator,FALSE
controller,FALSE
meter,FALSE
gauge,FALSE
chart,FALSE
determine,TRUE
define,TRUE
give,TRUE
identify,TRUE
show,TRUE
#,FALSE
#,FALSE
#,FALSE
#,FALSE
#,FALSE
#,FALSE
#,FALSE
#,FALSE
#,FALSE
#,FALSE
#,FALSE
magnetic,FALSE
moisture,FALSE
density,FALSE
precipitation,FALSE
robot,FALSE
satellite,FALSE
camera,FALSE
radar,FALSE
platform,FALSE
antenna,FALSE
transmitter,FALSE
ship,FALSE
advantage,FALSE
capability,TRUE
ability,FALSE
option,FALSE
benefit,FALSE
distinction,FALSE
advantage,FALSE
privilege,FALSE
possibility,FALSE
disadvantage,FALSE
convenience,FALSE
operate,TRUE
activate,FALSE
monitor,TRUE
instal,TRUE
adjust,FALSE
locate,FALSE
design,TRUE
hold,TRUE
own,FALSE
open,TRUE
man,FALSE
use,TRUE
power,TRUE
select,TRUE
test,TRUE
fix,TRUE
check,FALSE
heat,TRUE
member,FALSE
combination,FALSE
component,TRUE
generator,FALSE
variant,FALSE
plant,FALSE
receiver,FALSE
brain,FALSE
indicate,FALSE
encounter,FALSE
lack,FALSE
express,FALSE
meet,FALSE
experience,FALSE
present,TRUE
face,TRUE
fill,FALSE
need,TRUE
potential,FALSE
site,FALSE
requirement,TRUE
demand,TRUE
threshold,TRUE
spot,FALSE
substrate,FALSE
solution,FALSE
request,TRUE
warmth,FALSE
clean,FALSE
vacuum,FALSE
cold,FALSE
washing,FALSE
three,FALSE
four,FALSE
five,FALSE
six,FALSE
major,FALSE
seven,FALSE
remain,FALSE
nine,FALSE
section,TRUE
consist,FALSE
detail,TRUE
consist,FALSE
provision,FALSE
consist,FALSE
table,TRUE
schedule,FALSE
chapter,FALSE
chapter,FALSE
part,TRUE
category,FALSE
type,TRUE
volume,FALSE
§,FALSE
article,FALSE
number,TRUE
equation,FALSE
version,TRUE
theorem,FALSE
series,FALSE
sequence,FALSE
type,TRUE
contain,TRUE
overview,TRUE
outline,FALSE
view,FALSE
#,FALSE
#,FALSE
account,FALSE
explanation,FALSE
history,FALSE
presentation,FALSE
idea,FALSE
picture,FALSE
datum,TRUE
example,TRUE
file,TRUE
note,TRUE
information,TRUE
result,TRUE
track,FALSE
image,FALSE
change,TRUE
number,TRUE
file,TRUE
word,TRUE
feature,TRUE
property,TRUE
event,TRUE
pdf,FALSE
web,FALSE
text,TRUE
associate,FALSE
external,FALSE
correspond,FALSE
full,FALSE
document,TRUE
follow,TRUE
record,TRUE
store,TRUE
display,FALSE
hold,TRUE
specification,TRUE
standard,TRUE
report,TRUE
journal,FALSE
literature,FALSE
rule,TRUE
regulation,FALSE
publication,FALSE
guideline,FALSE
standard,FALSE
requirement,TRUE
association,FALSE
society,FALSE
organization,FALSE
institute,FALSE
industry,FALSE
journal,FALSE
institution,FALSE
department,TRUE
publication,FALSE
organisation,FALSE
build,TRUE
paper,TRUE
database,TRUE
note,FALSE
book,TRUE
proceeding,FALSE
download,FALSE
purchase,FALSE
loan,FALSE
review,FALSE
hire,FALSE
sale,FALSE
research,FALSE
analysis,TRUE
subscription,FALSE
rental,FALSE
study,FALSE
iso,TRUE
London,FALSE
library,TRUE
within,FALSE
online,FALSE
pump,FALSE
shower,FALSE
cell,TRUE
circuit,FALSE
give,TRUE
offer,TRUE
receive,TRUE
deliver,FALSE
show,FALSE
allow,TRUE
offer,TRUE
protection,FALSE
resistance,FALSE
damage,FALSE
backup,FALSE
just,FALSE
even,FALSE
even,FALSE
such,FALSE
especially,FALSE
especially,FALSE
but,FALSE
and,FALSE
speed,FALSE
maximum,FALSE
upper,FALSE
minimum,FALSE
legal,FALSE
age,FALSE
technical,FALSE
low,FALSE
theoretical,FALSE
hour,FALSE
limit,TRUE
range,TRUE
difference,FALSE
index,FALSE
increase,TRUE
gradient,FALSE
constant,FALSE
scale,FALSE
average,FALSE
give,TRUE
determine,TRUE
meet,TRUE
remove,TRUE
reach,TRUE
amount,FALSE
length,FALSE
period,FALSE
question,FALSE
point,TRUE
ratio,FALSE
duration,FALSE
percentage,FALSE
passage,FALSE
order,TRUE
length,FALSE
capacity,FALSE
room,TRUE
space,TRUE
efficiency,FALSE
fuel,FALSE
cost,TRUE
output,FALSE
load,FALSE
receive,TRUE
tower,FALSE
facility,FALSE
portion,FALSE
edition,FALSE
subset,FALSE
aspect,FALSE
formulation,FALSE
discuss,FALSE
explain,FALSE
consider,TRUE
address,FALSE
cover,TRUE
outline,FALSE
principle,FALSE
rule,TRUE
principle,FALSE
characteristic,FALSE
theory,FALSE
fact,TRUE
direction,FALSE
case,TRUE
concept,FALSE
calculation,FALSE
treatment,FALSE
experiment,FALSE
complete,TRUE
complete,FALSE
perform,FALSE
repeat,FALSE
finish,FALSE
start,TRUE
reverse,FALSE
stop,TRUE
begin,TRUE
successful,FALSE
one,FALSE
another,FALSE
gain,FALSE
tolerance,FALSE
reduction,FALSE
exceed,TRUE
release,FALSE
impose,FALSE
create,TRUE
introduce,FALSE
break,FALSE
find,TRUE
chemical,FALSE
volume,FALSE
slight,FALSE
pH,FALSE
rate,FALSE
decrease,FALSE
adjustment,FALSE
restriction,FALSE
reduce,FALSE
increase,TRUE
zero,FALSE
decrease,FALSE
destroy,FALSE
accident,FALSE
occurrence,FALSE
incident,FALSE
emergency,FALSE
event,TRUE
issue,TRUE
attack,FALSE
earthquake,FALSE
error,FALSE
injury,FALSE
outbreak,FALSE
explosion,FALSE
occur,TRUE
happen,FALSE
arise,FALSE
appear,TRUE
occur,TRUE
occur,TRUE
exist,TRUE
strike,FALSE
arrive,FALSE
begin,TRUE
result,TRUE
emerge,FALSE
fail,FALSE
administrator,FALSE
committee,FALSE
authority,FALSE
representative,FALSE
manager,FALSE
office,TRUE
select,TRUE
identify,TRUE
choose,TRUE
decide,FALSE
assign,FALSE
recognize,FALSE
calculate,FALSE
variable,FALSE
entity,FALSE
appropriate,FALSE
cause,FALSE
immediately,FALSE
declare,FALSE
call,TRUE
find,TRUE
warn,FALSE
message,FALSE
electronic,FALSE
alert,FALSE
sms,FALSE
distress,FALSE
weather,FALSE
#,FALSE
#,FALSE
court,FALSE
board,FALSE
#,FALSE
#,FALSE
#,FALSE
board,TRUE
#,FALSE
#,FALSE
#,FALSE
council,FALSE
handle,FALSE
accept,TRUE
achieve,FALSE
fix,TRUE
follow,TRUE
school,FALSE
award,FALSE
optional,FALSE
,FALSE
2008,FALSE
2009,FALSE
2010,FALSE
2012,FALSE
2013,FALSE
2011,FALSE
#,FALSE
#,FALSE
#,FALSE
#,FALSE
#,FALSE
#,FALSE
#,FALSE
#,FALSE
#,FALSE
#,FALSE
#,FALSE
#,FALSE
#,FALSE
#,FALSE
plan,TRUE
center,FALSE
contractor,FALSE
provider,FALSE
reflect,FALSE
comprise,FALSE
operation,TRUE
property,TRUE
activity,FALSE
relate,FALSE
discharge,FALSE
numerical,FALSE
expect,FALSE
mean,FALSE
distribution,FALSE
coefficient,FALSE
variation,FALSE
describe,TRUE
satisfy,FALSE
illustrate,FALSE
meet,TRUE
understand,FALSE
obtain,FALSE
explain,FALSE
avoid,FALSE
definition,FALSE
difference,FALSE
issue,TRUE
matter,FALSE
question,FALSE
criterion,FALSE
recommendation,FALSE
point,TRUE
consideration,FALSE
follow,TRUE
different,FALSE
basic,FALSE
procedure,FALSE
algorithm,FALSE
approach,FALSE
formula,FALSE
algorithm,FALSE
follow,TRUE
adopt,FALSE
develop,FALSE
propose,FALSE
require,TRUE
define,TRUE
consider,TRUE
include,TRUE
need,TRUE
publish,FALSE
name,TRUE
location,TRUE
number,TRUE
use,FALSE
name,TRUE
photo,FALSE
name,TRUE
length,FALSE
inside,FALSE
identification,FALSE
apparatus,FALSE
suffix,FALSE
letter,FALSE
prefix,FALSE
label,FALSE
symbol,FALSE
dash,FALSE
term,FALSE
designation,FALSE
sign,FALSE
word,TRUE
mark,FALSE
abbreviation,FALSE
see,TRUE
list,TRUE
report,TRUE
record,TRUE
name,TRUE
unit,TRUE
order,TRUE
register,FALSE
act,FALSE
assign,FALSE
deploy,FALSE
distribute,FALSE
transfer,TRUE
allocate,FALSE
raise,FALSE
issue,TRUE
generate,TRUE
commission,TRUE
discharge,FALSE
designate,FALSE
add,TRUE
line,TRUE
order,TRUE
column,FALSE
digit,FALSE
course,FALSE
route,FALSE
episode,FALSE
state,TRUE
hour,FALSE
branch,FALSE
number,TRUE
segment,FALSE
exclude,FALSE
omit,FALSE
derive,FALSE
draw,FALSE
choose,FALSE
take,TRUE
distinguish,FALSE
delete,FALSE
exempt,FALSE
significant,FALSE
operational,FALSE
immediate,FALSE
#,FALSE
design,TRUE
automatic,FALSE
noticeable,FALSE
life,FALSE
delay,TRUE
resolution,FALSE
capability,TRUE
send,TRUE
report,TRUE
transmit,FALSE
apply,FALSE
give,TRUE
provide,TRUE
deliver,FALSE
issue,TRUE
add,TRUE
pass,FALSE
transfer,FALSE
communicating,FALSE
compare,FALSE
display,FALSE
present,TRUE
signal,TRUE
message,FALSE
command,FALSE
instruction,FALSE
sample,FALSE
packet,FALSE
modification,FALSE
repair,FALSE
upgrade,FALSE
improvement,FALSE
adjustment,FALSE
processing,TRUE
result,TRUE
participate,FALSE
appear,TRUE
reside,FALSE
write,TRUE
terminate,FALSE
engage,FALSE
fill,FALSE
enter,TRUE
bring,FALSE
xml,TRUE
adjacent,FALSE
open,FALSE
image,FALSE
additional,FALSE
abstract,FALSE
administrative,FALSE
thereof,FALSE
district,FALSE
jurisdiction,FALSE
zone,FALSE
field,FALSE
shall,FALSE
for,FALSE
in,FALSE
consider,TRUE
with,FALSE
thus,FALSE
within,FALSE
hence,FALSE
to,FALSE
pattern,FALSE
factor,FALSE
circuit,FALSE
daily,FALSE
typical,FALSE
band,FALSE
spectrum,FALSE
sensitivity,FALSE
sample,FALSE
collect,TRUE
available,FALSE
extract,FALSE
household,FALSE
equal,FALSE
compare,FALSE
proportional,FALSE
match,FALSE
convert,FALSE
identical,FALSE
equivalent,FALSE
similar,FALSE
limit,TRUE
solar,FALSE
#,FALSE
#,FALSE
fire,FALSE
rating,FALSE
fix,TRUE
read,TRUE
sense,FALSE
from,FALSE
then,FALSE
by,FALSE
through,FALSE
so,FALSE
therefore,FALSE
that,FALSE
condition,TRUE
alter,FALSE
consider,TRUE
preserve,FALSE
sum,FALSE
product,TRUE
determination,FALSE
value,TRUE
contract,FALSE
law,TRUE
project,TRUE
suite,FALSE
package,FALSE
framework,FALSE
implementation,FALSE
server,FALSE
able,FALSE
license,FALSE
program,TRUE
intend,FALSE
enable,FALSE
allow,TRUE
guarantee,FALSE
ready,FALSE
certify,FALSE
rely,FALSE
depend,FALSE
play,FALSE
execute,FALSE
focus,TRUE
fit,FALSE
Microsoft,FALSE
window,FALSE
office,FALSE
enterprise,FALSE
visual,FALSE
ms,FALSE
integrate,FALSE
personal,FALSE
pc,FALSE
operate,TRUE
base,TRUE
os,FALSE
processor,FALSE
network,TRUE
environment,FALSE
way,TRUE
mean,FALSE
failure,FALSE
place,TRUE
decision,TRUE
desire,FALSE
put,TRUE
shut,FALSE
take,TRUE
tap,FALSE
add,TRUE
refrigerator,FALSE
toilet,FALSE
battery,FALSE
outlet,FALSE
shoot,FALSE
round,FALSE
hand,FALSE
contestant,FALSE
quarter,FALSE
side,FALSE
line,TRUE
bullet,FALSE
verse,FALSE
frame,FALSE
stroke,FALSE
hundred,FALSE
thirty,FALSE
thousand,FALSE
twenty,FALSE
ten,FALSE
fifteen,FALSE
20,FALSE
sixty,FALSE
30,FALSE
fifty,FALSE
million,FALSE
10,FALSE
on,FALSE
item,TRUE
vehicle,FALSE
aircraft,FALSE
car,FALSE
allow,TRUE
permit,FALSE
prevent,FALSE
enable,FALSE
support,FALSE
offer,TRUE
oil,FALSE
deny,TRUE
refuse,FALSE
grant,FALSE
reject,FALSE
decline,FALSE
miss,FALSE
without,FALSE
delay,FALSE
miss,FALSE
ignore,FALSE
withdraw,FALSE
permit,FALSE
permission,FALSE
job,FALSE
floor,FALSE
ground,FALSE
supervisor,FALSE
technician,FALSE
worker,FALSE
cpu,FALSE
reach,TRUE
exceed,TRUE
assume,FALSE
know,TRUE
feel,FALSE
maintain,TRUE
certain,FALSE
performance,TRUE
noise,FALSE
bandwidth,FALSE
interval,FALSE
violate,FALSE
pass,FALSE
attain,FALSE
lift,FALSE
initiate,FALSE
begin,TRUE
become,FALSE
make,TRUE
stream,FALSE
succession,FALSE
array,FALSE
loop,FALSE
alternate,FALSE
approximately,FALSE
roughly,FALSE
either,FALSE
continuous,FALSE
regular,FALSE
record,TRUE
around,FALSE
simultaneous,FALSE
pulse,FALSE
tone,FALSE
sound,FALSE
reading,FALSE
cycle,FALSE
input,FALSE
recording,FALSE
standard,FALSE
average,FALSE
reference,FALSE
•,FALSE
physical,FALSE
global,FALSE
overall,FALSE
unit,FALSE
part,FALSE
operation,FALSE
system,FALSE
equipment,FALSE
point,TRUE
model,FALSE
station,FALSE
material,FALSE
resource,FALSE
value,FALSE
time,FALSE
index,FALSE
grade,FALSE
rate,FALSE
distance,FALSE
among,FALSE
of,FALSE
give,TRUE
besides,FALSE
note,TRUE
despite,FALSE
all,FALSE
game,FALSE
vegetation,FALSE
specie,FALSE
tree,FALSE
terrain,FALSE
soil,FALSE
habitat,FALSE
bird,FALSE
character,FALSE
weapon,FALSE
mechanism,FALSE
type,TRUE
hold,TRUE
put,TRUE
call,TRUE
cut,FALSE
send,TRUE
carry,TRUE
carry,TRUE
take,TRUE
act,TRUE
take,TRUE
leave,FALSE
read,TRUE
work,TRUE
find,TRUE
set,TRUE
quantity,FALSE
variety,FALSE
proportion,FALSE
fan,FALSE
dining,FALSE
panel,FALSE
exist,TRUE
survive,FALSE
vary,FALSE
exceed,FALSE
accommodate,FALSE
present,TRUE
publish,FALSE
release,FALSE
list,TRUE
map,FALSE
estimate,FALSE
preview,FALSE
interface,TRUE
technology,TRUE
language,FALSE
product,TRUE
comply,FALSE
interact,FALSE
come,FALSE
deal,FALSE
compete,FALSE
agree,FALSE
cooperate,FALSE
interfere,FALSE
see,TRUE
include,TRUE
read,TRUE
follow,TRUE
use,TRUE
annual,FALSE
final,FALSE
previous,FALSE
late,FALSE
biographical,FALSE
mission,FALSE
background,FALSE
track,FALSE
during,FALSE
start,TRUE
at,FALSE
supply,TRUE
steam,FALSE
gas,FALSE
internal,FALSE
mix,FALSE
store,TRUE
replace,FALSE
after,FALSE
subsequently,FALSE
later,FALSE
phase,TRUE
apply,FALSE
use,TRUE
use,TRUE
allow,TRUE
open,TRUE
electronic,FALSE
motor,FALSE
furnace,FALSE
wind,FALSE
cool,FALSE
cool,FALSE
surface,FALSE
stadium,FALSE
bridge,FALSE
course,FALSE
purpose,FALSE
purpose,FALSE
development,TRUE
administration,FALSE
sake,FALSE
step,TRUE
figure,FALSE
stage,FALSE
version,TRUE
phase,FALSE
section,TRUE
Act,TRUE
line,TRUE
u,FALSE
t,FALSE
it,FALSE
a,FALSE
n,FALSE
UTC,FALSE
c,FALSE
up,FALSE
US,FALSE
e,FALSE
product,TRUE
those,FALSE
work,TRUE
program,TRUE
project,TRUE
activity,FALSE
application,TRUE
area,TRUE
service,TRUE
film,FALSE
reach,TRUE
violate,FALSE
cross,FALSE
pass,FALSE
break,FALSE
match,FALSE
obey,FALSE
limit,TRUE
range,TRUE
limitation,FALSE
expectation,FALSE
norm,FALSE
store,TRUE
protect,FALSE
regulate,FALSE
responsible,FALSE
retain,FALSE
avoid,FALSE
year,TRUE
generation,FALSE
season,FALSE
time,TRUE
period,FALSE
day,TRUE
election,FALSE
year,TRUE
month,FALSE
reason,TRUE
game,FALSE
2007,FALSE
2006,FALSE
2015,FALSE
adapt,FALSE
sensitive,FALSE
tune,FALSE
accord,FALSE
tailor,FALSE
align,FALSE
fit,TRUE
altitude,FALSE
assumption,FALSE
statement,TRUE
prediction,FALSE
scenario,FALSE
conjecture,FALSE
claim,FALSE
hypothesis,FALSE
observation,FALSE
property,TRUE
example,TRUE
assertion,FALSE
submit,FALSE
answer,FALSE
grant,FALSE
button,FALSE
stay,TRUE
pump,TRUE
at,FALSE
s,FALSE
ET,FALSE
v,FALSE
CT,FALSE
K,FALSE
r,FALSE
h,FALSE
L,FALSE
b,FALSE
develop,FALSE
build,TRUE
prepare,FALSE
construct,FALSE
demonstration,FALSE
simulation,FALSE
choice,FALSE
prototype,TRUE
testing,FALSE
evaluation,FALSE
detection,FALSE
investigation,FALSE
test,TRUE
inspection,FALSE
improvement,FALSE
deployment,FALSE
approval,FALSE
variable,FALSE
involve,TRUE
compatible,FALSE
integrate,FALSE
concern,FALSE
connect,FALSE
implement,FALSE
deal,FALSE
consistent,FALSE
deal,FALSE
update,FALSE
load,FALSE
gear,FALSE
code,TRUE
usage,FALSE
cut,FALSE
drop,FALSE
read,TRUE
trade,FALSE
warm,FALSE
freeze,FALSE
buffer,FALSE
bear,FALSE
shift,FALSE
location,FALSE
evaluate,FALSE
calculation,FALSE
protocol,FALSE
stress,FALSE
weight,FALSE
rate,FALSE
coefficient,FALSE
rating,FALSE
ensure,TRUE
radiation,FALSE
food,FALSE
pollen,FALSE
smoke,FALSE
process,TRUE
gather,FALSE
transmit,FALSE
represent,FALSE
display,FALSE
present,TRUE
produce,TRUE
send,TRUE
airline,FALSE
carrier,FALSE
format,TRUE
direction,FALSE
region,FALSE
extend,TRUE
enable,TRUE
opportunity,FALSE
basis,FALSE
flexibility,FALSE
resource,FALSE
scope,FALSE
secretary,FALSE
Commission,FALSE
agency,FALSE
staff,FALSE
President,FALSE
administrator,FALSE
government,FALSE
army,FALSE
distinguish,FALSE
differentiate,FALSE
alternate,FALSE
transition,FALSE
pick,TRUE
convert,FALSE
divide,FALSE
set,TRUE
kind,FALSE
category,FALSE
sort,FALSE
source,TRUE
pair,FALSE
documentation,FALSE
statistic,FALSE
material,FALSE
evidence,FALSE
aspect,FALSE
group,TRUE
week,TRUE
decade,FALSE
round,FALSE
minute,FALSE
month,TRUE
session,FALSE
record,TRUE
assessment,FALSE
timeline,FALSE
future,FALSE
particular,FALSE
subsequent,FALSE
calendar,FALSE
past,FALSE
prior,FALSE
twelve,FALSE
precede,FALSE
case,TRUE
survey,FALSE
commission,FALSE
committee,FALSE
inform,FALSE
speak,FALSE
compose,FALSE
tell,TRUE
yield,FALSE
page,FALSE
statement,TRUE
sheet,FALSE
content,TRUE
country,FALSE
party,FALSE
voter,FALSE
arrangement,FALSE
key,FALSE
exposure,FALSE
approach,FALSE
increase,TRUE
reduce,FALSE
equal,FALSE
affect,FALSE
match,FALSE
crosse,FALSE
decrease,FALSE
vary,FALSE
margin,FALSE
distance,FALSE
degree,FALSE
cover,TRUE
incorporate,FALSE
functional,FALSE
engineering,FALSE
structural,FALSE
architectural,FALSE
organizational,FALSE
security,TRUE
environmental,FALSE
constraint,FALSE
hardware,TRUE
resource,FALSE
goal,FALSE
objective,FALSE
infrastructure,FALSE
interface,TRUE
functionality,FALSE
knowledge,FALSE
compliance,FALSE
corner,FALSE
wall,FALSE
cell,FALSE
storey,FALSE
surface,FALSE
plane,FALSE
dome,FALSE
orbit,FALSE
cloud,FALSE
grid,FALSE
runway,FALSE
screen,FALSE
utilize,FALSE
place,TRUE
rotate,FALSE
equip,FALSE
carry,TRUE
transmit,FALSE
relay,FALSE
convey,FALSE
flight,FALSE
vital,FALSE
statistical,FALSE
regulation,FALSE
piece,FALSE
minute,FALSE
half,TRUE
15,FALSE
25,FALSE
100,FALSE
circumstance,FALSE
request,TRUE
indicate,FALSE
suggest,FALSE
represent,FALSE
preference,FALSE
wish,FALSE
recommendation,FALSE
motion,FALSE
tendency,FALSE
knob,FALSE
replace,TRUE
rate,FALSE
attach,FALSE
specify,TRUE
manufacturer,FALSE
owner,FALSE
employer,FALSE
EPA,FALSE
FCC,FALSE
supplier,FALSE
engineer,FALSE
license,FALSE
notice,FALSE
install,FALSE
click,FALSE
retrieve,TRUE
download,FALSE
compile,FALSE
import,FALSE
load,FALSE
stack,FALSE
console,FALSE
enter,TRUE
upload,FALSE
insert,FALSE
copy,FALSE
deposit,FALSE
feed,FALSE
container,FALSE
directory,FALSE
registration,FALSE
translation,FALSE
execution,FALSE
certification,FALSE
acquisition,FALSE
write,TRUE
author,FALSE
court,FALSE
book,FALSE
reader,FALSE
witness,FALSE
Lord,FALSE
judge,FALSE
govern,FALSE
replace,FALSE
involve,FALSE
continue,FALSE
consider,TRUE
assess,FALSE
explain,FALSE
describe,TRUE
discuss,FALSE
understand,FALSE
address,FALSE
analyze,FALSE
examine,FALSE
study,FALSE
meet,TRUE
concept,FALSE
design,TRUE
architecture,FALSE
decision,FALSE
study,FALSE
assumption,FALSE
suggestion,FALSE
choice,FALSE
proposal,FALSE
development,FALSE
discovery,FALSE
observation,FALSE
criticism,FALSE
lay,FALSE
express,FALSE
formulate,FALSE
layout,FALSE
structure,FALSE
ignition,FALSE
seal,FALSE
extension,FALSE
#,FALSE
performance,TRUE
control,FALSE
status,TRUE
protection,FALSE
operation,TRUE
service,FALSE
range,FALSE
#,FALSE
management,FALSE
composition,FALSE
role,FALSE
provisional,FALSE
Afghanistan,FALSE
be,FALSE
denote,FALSE
or,FALSE
testing,FALSE
moment,FALSE
situation,FALSE
day,TRUE
diagnosis,FALSE
if,FALSE
when,FALSE
color,FALSE
exact,FALSE
indoor,FALSE
general,FALSE
seat,FALSE
profile,FALSE
profile,FALSE
planet,FALSE
room,TRUE
area,TRUE
region,FALSE
river,FALSE
zone,FALSE
lake,FALSE
city,FALSE
place,TRUE
you,FALSE
we,FALSE
it,FALSE
they,FALSE
he,FALSE
one,FALSE
this,FALSE
user,TRUE
she,FALSE
student,FALSE
retrieve,FALSE
organize,FALSE
request,TRUE
whole,FALSE
return,FALSE
print,FALSE
search,FALSE
law,TRUE
right,FALSE
Games,FALSE
participant,FALSE
material,FALSE
outcome,FALSE
volume,FALSE
archive,FALSE
collection,FALSE
useful,FALSE
helpful,FALSE
analyze,FALSE
important,FALSE
necessary,FALSE
valuable,FALSE
essential,FALSE
new,FALSE
model,TRUE
term,TRUE
2017,FALSE
2014,FALSE
2004,FALSE
2003,FALSE
2005,FALSE
draw,TRUE
let,FALSE
get,TRUE
integer,FALSE
binary,FALSE
relation,FALSE
#,FALSE
relationship,FALSE
entry,FALSE
context,FALSE
domain,FALSE
addition,FALSE
#,FALSE
attempt,TRUE
attempt,TRUE
#,FALSE
order,TRUE
#,FALSE
attempt,TRUE
hope,FALSE
try,FALSE
indication,FALSE
announcement,FALSE
approximation,FALSE
placement,FALSE
presence,FALSE
progress,FALSE
arrival,FALSE
central,FALSE
valve,FALSE
channel,FALSE
trace,FALSE
initial,FALSE
indicator,FALSE
manager,FALSE
inspector,FALSE
employee,FALSE
leave,FALSE
warning,TRUE
advice,FALSE
guidance,FALSE
assurance,FALSE
caution,FALSE
complaint,FALSE
answer,FALSE
consumer,FALSE
police,FALSE
community,FALSE
user,TRUE
resident,FALSE
customer,TRUE
people,FALSE
authority,FALSE
plan,TRUE
automate,FALSE
_,FALSE
automatically,FALSE
still,FALSE
directly,FALSE
therefore,FALSE
return,FALSE
deliver,FALSE
raw,FALSE
change,TRUE
check,TRUE
compare,FALSE
top,FALSE
end,TRUE
#,FALSE
edge,FALSE
base,TRUE
front,FALSE
pipe,FALSE
cable,FALSE
typically,FALSE
effectively,FALSE
yield,FALSE
guarantee,FALSE
preserve,FALSE
number,TRUE
space,FALSE
computer,TRUE
processor,FALSE
thread,FALSE
each,FALSE
single,FALSE
build,TRUE
write,TRUE
only,FALSE
select,TRUE
word,TRUE
letter,FALSE
submit,FALSE
unique,FALSE
link,TRUE
refer,FALSE
contribute,FALSE
editor,FALSE
reader,FALSE
date,FALSE
editor,FALSE
seek,FALSE
invite,FALSE
warrant,FALSE
face,FALSE
expect,TRUE
risk,FALSE
assistance,FALSE
help,FALSE
authorization,FALSE
funding,FALSE
intervention,FALSE
contribution,FALSE
supervision,FALSE
party,FALSE
agency,FALSE
organization,FALSE
entity,FALSE
personnel,FALSE
person,TRUE
force,FALSE
stakeholder,FALSE
body,FALSE
organisation,FALSE
owner,FALSE
manage,TRUE
oversee,FALSE
prevent,FALSE
facilitate,FALSE
regulate,FALSE
guide,FALSE
ownership,FALSE
integrity,FALSE
awareness,FALSE
copy,FALSE
duty,FALSE
right,FALSE
honor,FALSE
turn,TRUE
switch,TRUE
work,TRUE
close,TRUE
operator,FALSE
head,FALSE
member,FALSE
panel,FALSE
desk,FALSE
solution,FALSE
rise,TRUE
wet,FALSE
fill,FALSE
lift,FALSE
boil,FALSE
dry,FALSE
remove,FALSE
hold,TRUE
#,FALSE
#,FALSE
#,FALSE
#,FALSE
#,FALSE
#,FALSE
#,FALSE
#,FALSE
#,FALSE
#,FALSE
#,FALSE
#,FALSE
#,FALSE
#,FALSE
reasonable,FALSE
appoint,FALSE
instant,FALSE
decide,FALSE
desire,FALSE
choose,FALSE
activate,FALSE
digital,FALSE
duct,FALSE
connect,FALSE
respond,FALSE
connect,FALSE
open,TRUE
extend,TRUE
rise,FALSE
correspond,TRUE
apply,FALSE
roof,FALSE
floor,FALSE
building,FALSE
window,FALSE
office,TRUE
bay,FALSE
space,FALSE
apartment,FALSE
classroom,FALSE
side,FALSE
corner,FALSE
wall,FALSE
story,FALSE
front,FALSE
elevation,FALSE
sector,FALSE
apartment,FALSE
headquarter,FALSE
residential,FALSE
tall,FALSE
these,FALSE
rule,TRUE
both,FALSE
key,FALSE
list,TRUE
describe,TRUE
state,TRUE
outline,FALSE
cover,TRUE
document,TRUE
finally,FALSE
however,FALSE
accordingly,FALSE
additionally,FALSE
also,FALSE
far,FALSE
generally,FALSE
furthermore,FALSE
moreover,FALSE
again,FALSE
consequently,FALSE
render,FALSE
confirm,FALSE
income,FALSE
fund,FALSE
revenue,FALSE
end,TRUE
probability,FALSE
weight,FALSE
price,FALSE
respective,FALSE
high,FALSE
clause,FALSE
differ,FALSE
remain,FALSE
lie,FALSE
which,FALSE
visa,FALSE
classification,FALSE
flag,FALSE
scenario,FALSE
account,FALSE
call,TRUE
ask,FALSE
assess,FALSE
demand,FALSE
since,FALSE
want,TRUE
expect,FALSE
agent,FALSE
coil,FALSE
agreement,TRUE
regulation,FALSE
agreement,FALSE
regulation,FALSE
reduce,TRUE
restrict,FALSE
minimize,FALSE
electric,FALSE
employ,FALSE
supply,TRUE
group,FALSE
division,FALSE
#,FALSE
on,FALSE
no,FALSE
or,FALSE
to,FALSE
o,FALSE
CE,FALSE
GO,FALSE
SE,FALSE
in,FALSE
an,FALSE
orientation,FALSE
signature,FALSE
lamp,FALSE
thing,FALSE
move,TRUE
mount,FALSE
fire,TRUE
wear,FALSE
almost,FALSE
above,FALSE
almost,FALSE
law,FALSE
other,TRUE
claim,TRUE
amendment,FALSE
right,FALSE
power,TRUE
agreement,FALSE
resolution,FALSE
exception,FALSE
creation,FALSE
adoption,FALSE
completion,FALSE
introduction,FALSE
consent,FALSE
exception,FALSE
next,FALSE
last,FALSE
equation,FALSE
sentence,FALSE
discuss,FALSE
division,FALSE
category,TRUE
act,TRUE
union,FALSE
hear,FALSE
approve,FALSE
team,TRUE
supplement,FALSE
ceiling,FALSE
week,FALSE
Sunday,FALSE
Saturday,FALSE
Friday,FALSE
weekend,FALSE
Monday,FALSE
Thursday,FALSE
night,TRUE
Tuesday,FALSE
#,FALSE
recipient,FALSE
programmer,FALSE
store,TRUE
paper,FALSE
content,TRUE
source,TRUE
actual,FALSE
exist,TRUE
mark,FALSE
update,FALSE
correlate,FALSE
identify,TRUE
group,TRUE
show,FALSE
feature,TRUE
happen,FALSE
happen,FALSE
result,TRUE
world,FALSE
season,FALSE
pair,FALSE
deliver,FALSE
route,FALSE
post,FALSE
direct,FALSE
address,TRUE
predict,FALSE
ignore,FALSE
reason,FALSE
consequence,FALSE
accuracy,FALSE
publish,FALSE
make,TRUE
establish,TRUE
representation,FALSE
far,FALSE
#,FALSE
#,FALSE
many,FALSE
#,FALSE
#,FALSE
#,FALSE
#,FALSE
name,FALSE
#,FALSE
#,FALSE
version,TRUE
vendor,FALSE
ensure,FALSE
include,TRUE
comparison,FALSE
detail,FALSE
license,FALSE
relate,TRUE
relative,FALSE
lead,TRUE
manage,TRUE
implement,TRUE
introduce,FALSE
threat,FALSE
voice,FALSE
wireless,FALSE
sufficient,FALSE
continue,FALSE
permit,FALSE
transmission,FALSE
complex,FALSE
be,FALSE
force,FALSE
phenomenon,FALSE
cause,TRUE
trigger,TRUE
prompt,FALSE
cause,TRUE
election,FALSE
invasion,FALSE
eruption,FALSE
infection,FALSE
abortion,FALSE
epidemic,FALSE
explode,FALSE
fall,FALSE
sound,FALSE
fail,FALSE
construct,FALSE
constituent,FALSE
#,FALSE
#,FALSE
#,FALSE
#,FALSE
#,FALSE
#,FALSE
remain,FALSE
construction,FALSE
affect,FALSE
change,TRUE
report,TRUE
register,TRUE
incorporate,FALSE
could,FALSE
help,TRUE
whether,FALSE
well,FALSE
something,FALSE
engineer,FALSE
mode,FALSE
technology,TRUE
plan,TRUE
district,FALSE
character,FALSE
character,FALSE
font,FALSE
key,FALSE
title,FALSE
conference,FALSE
source,FALSE
Database,FALSE
release,FALSE
access,TRUE
intensity,FALSE
integrate,FALSE
insert,FALSE
translate,FALSE
introduce,FALSE
expand,FALSE
combine,FALSE
declaration,FALSE
admission,FALSE
appointment,FALSE
amendment,FALSE
award,FALSE
provision,FALSE
undertake,FALSE
render,FALSE
execute,FALSE
accordance,TRUE
accord,FALSE
keep,FALSE
harmony,FALSE
conjunction,FALSE
conform,FALSE
consultation,FALSE
alignment,FALSE
concert,FALSE
prescribe,FALSE
declare,FALSE
paragraph,FALSE
rule,FALSE
analyze,FALSE
elevation,FALSE
band,FALSE
velocity,FALSE
boiler,FALSE
collect,TRUE
share,FALSE
piece,FALSE
stream,FALSE
layer,FALSE
make,TRUE
make,TRUE
ask,FALSE
vowel,FALSE
believe,FALSE
assume,FALSE
know,TRUE
estimate,FALSE
hope,FALSE
likely,FALSE
think,FALSE
recommend,FALSE
note,TRUE
claim,TRUE
detector,FALSE
reactor,FALSE
amplifi,FALSE
match,FALSE
record,TRUE
fit,TRUE
ambient,FALSE
global,FALSE
high,FALSE
back,FALSE
respectively,FALSE
how,FALSE
try,FALSE
try,FALSE
help,TRUE
need,TRUE
distinguish,FALSE
intermediate,FALSE
communicate,FALSE
balance,FALSE
readiness,FALSE
intelligence,FALSE
plan,TRUE
card,FALSE
petition,FALSE
oven,FALSE
pad,FALSE
file,TRUE
hear,FALSE
echo,FALSE
inquiry,FALSE
audit,FALSE
advertisement,FALSE
announce,FALSE
schedule,FALSE
observe,FALSE
notify,FALSE
mention,FALSE
cancel,FALSE
bill,FALSE
fulfill,FALSE
justify,FALSE
please,FALSE
must,FALSE
now,FALSE
#,FALSE
#,FALSE
make,TRUE
await,FALSE
answer,TRUE
request,TRUE
chance,FALSE
plug,FALSE
licence,FALSE
service,TRUE
fill,FALSE
serve,FALSE
ieee,TRUE
Atari,FALSE
IBM,FALSE
ST,FALSE
dos,FALSE
EA,FALSE
CP,FALSE
NE,FALSE
european,FALSE
SC,FALSE
software,FALSE
program,FALSE
technical,FALSE
application,FALSE
project,FALSE
core,FALSE
disclosure,FALSE
denial,FALSE
confirmation,FALSE
reveal,TRUE
confusion,FALSE
risk,FALSE
complexity,FALSE
harm,FALSE
upset,FALSE
hurt,FALSE
distract,FALSE
concern,FALSE
threaten,FALSE
disturb,FALSE
trouble,FALSE
fool,FALSE
string,FALSE
kind,FALSE
call,TRUE
attack,FALSE
action,FALSE
check,FALSE
response,FALSE
explosion,FALSE
update,FALSE
wait,TRUE
repeat,FALSE
cease,FALSE
proceed,FALSE
pause,FALSE
caller,FALSE
fire,FALSE
raise,FALSE
broadcast,FALSE
push,FALSE
put,FALSE
audio,FALSE
exit,FALSE
rear,FALSE
glass,FALSE
view,TRUE
quality,FALSE
#,FALSE
agree,FALSE
differ,FALSE
start,TRUE
digit,FALSE
noun,FALSE
inequality,FALSE
equality,FALSE
interpretation,FALSE
conclusion,FALSE
identity,FALSE
vehicle,FALSE
surface,FALSE
route,FALSE
state,TRUE
road,FALSE
Signal,FALSE
situation,FALSE
arise,FALSE
invalid,FALSE
incorrect,FALSE
extreme,FALSE
experimental,FALSE
abnormal,FALSE
exclusion,FALSE
unusual,FALSE
adverse,FALSE
unexpected,FALSE
reaction,FALSE
behavior,FALSE
peak,FALSE
detect,FALSE
recover,FALSE
laboratory,FALSE
dose,FALSE
beyond,FALSE
satisfy,FALSE
exceed,TRUE
outside,FALSE
surpass,FALSE
acceptable,FALSE
normal,FALSE
safe,FALSE
#,FALSE
legislation,FALSE
#,FALSE
one,TRUE
its,FALSE
mechanical,FALSE
their,FALSE
engine,FALSE
astronomical,FALSE
tank,FALSE
chamber,FALSE
cylinder,FALSE
extent,FALSE
degree,FALSE
dimension,FALSE
depth,FALSE
candidate,FALSE
tool,TRUE
forecast,FALSE
incomplete,FALSE
approve,FALSE
correct,FALSE
prepare,FALSE
assist,FALSE
serve,TRUE
applicant,FALSE
researcher,FALSE
quota,FALSE
conduct,FALSE
train,FALSE
broadcast,FALSE
dispatch,FALSE
return,TRUE
examine,FALSE
consult,FALSE
officer,FALSE
respond,FALSE
recover,FALSE
intervene,FALSE
impulse,FALSE
come,FALSE
convey,FALSE
go,TRUE
emit,FALSE
cater,FALSE
refer,FALSE
listen,FALSE
lead,TRUE
react,FALSE
adapt,FALSE
problem,FALSE
Police,FALSE
candidate,FALSE
alarm,FALSE
strike,FALSE
attack,FALSE
attribute,FALSE
culminate,FALSE
accompany,FALSE
none,FALSE
understanding,FALSE
consider,TRUE
regard,FALSE
include,TRUE
treaty,FALSE
convention,FALSE
treaty,FALSE
charter,FALSE
law,FALSE
code,FALSE
constitution,FALSE
derivative,FALSE
successor,FALSE
ally,FALSE
predecessor,FALSE
agent,FALSE
variant,FALSE
PT,FALSE
TX,FALSE
TD,FALSE
d,FALSE
pp,FALSE
name,TRUE
allegedly,FALSE
reportedly,FALSE
not,FALSE
reply,FALSE
opposition,FALSE
respond,FALSE
2000,FALSE
special,FALSE
parental,FALSE
personal,FALSE
medical,FALSE
death,FALSE
ii,FALSE
bank,FALSE
monitor,TRUE
find,TRUE
spell,FALSE
single,TRUE
turn,TRUE
carry,TRUE
pick,FALSE
map,FALSE
replacement,FALSE
get,TRUE
hear,FALSE
email,FALSE
assignment,FALSE
ID,FALSE
CO,FALSE
expression,FALSE
reverse,FALSE
#,FALSE
#,FALSE
#,FALSE
#,FALSE
#,FALSE
DE,FALSE
packet,FALSE
slot,FALSE
remove,TRUE
extract,FALSE
reject,FALSE
separate,FALSE
pull,FALSE
restore,FALSE
assume,FALSE
retain,FALSE
session,FALSE
early,FALSE
#,FALSE
radar,FALSE
radio,FALSE
gps,FALSE
weather,FALSE
fuel,FALSE
refer,FALSE
due,FALSE
decide,FALSE
want,TRUE
choose,FALSE
agree,FALSE
refuse,FALSE
combustion,FALSE
hole,FALSE
hole,FALSE
man,FALSE
blood,FALSE
man,FALSE
picture,FALSE
candle,FALSE
assure,FALSE
proper,FALSE
work,TRUE
permanent,FALSE
satisfactory,FALSE
good,FALSE
usable,FALSE
stable,FALSE
availability,FALSE
quality,FALSE
installation,FALSE
fixture,FALSE
file,TRUE
grant,FALSE
place,TRUE
ask,FALSE
certificate,FALSE
note,FALSE
sell,FALSE
close,TRUE
seal,FALSE
lay,TRUE
burn,FALSE
lock,FALSE
report,FALSE
teach,FALSE
student,FALSE
classify,FALSE
sell,FALSE
organize,FALSE
satellite,FALSE
district,FALSE
extension,FALSE
foundation,FALSE
architect,FALSE
editor,FALSE
developer,FALSE
designer,FALSE
take,TRUE
announce,FALSE
#,FALSE
political,FALSE
scheme,FALSE
bell,FALSE
complete,TRUE
every,FALSE
finish,FALSE
cover,TRUE
select,TRUE
enter,TRUE
print,FALSE
perform,TRUE
symbol,FALSE
color,FALSE
card,FALSE
printer,FALSE
graphic,FALSE
style,FALSE
absence,FALSE
midst,FALSE
conflict,TRUE
conflict,TRUE
dispute,FALSE
disagreement,FALSE
dispute,FALSE
compromise,FALSE
conflict,FALSE
contamination,FALSE
litigation,FALSE
tension,FALSE
war,FALSE
low,FALSE
illness,FALSE
disease,FALSE
pregnancy,FALSE
vector,FALSE
goal,FALSE
delta,FALSE
δ,FALSE
δ,FALSE
dependence,FALSE
pende,FALSE
recall,FALSE
consist,TRUE
compose,FALSE
occur,TRUE
non,FALSE
potentially,FALSE
specifically,FALSE
legally,FALSE
#,FALSE
per,FALSE
already,FALSE
otherwise,FALSE
answer,FALSE
accept,FALSE
accept,FALSE
photograph,FALSE
mention,FALSE
depiction,FALSE
rf,FALSE
directional,FALSE
impression,FALSE
missile,FALSE
spacecraft,FALSE
vessel,FALSE
movement,FALSE
manufacture,FALSE
standardize,FALSE
solve,FALSE
assembly,FALSE
connector,FALSE
chip,FALSE
term,TRUE
denote,FALSE
mark,TRUE
can,FALSE
can,FALSE
modify,FALSE
precise,FALSE
terminate,FALSE
curve,FALSE
correction,FALSE
disturbance,FALSE
hit,FALSE
lose,FALSE
convection,FALSE
compression,FALSE
interrupt,FALSE
escape,FALSE
withstand,FALSE
conservation,FALSE
inform,FALSE
serve,FALSE
drive,FALSE
protocol,FALSE
pipeline,FALSE
emission,FALSE
reference,TRUE
proposal,FALSE
structure,FALSE
collaboration,FALSE
cooperation,FALSE
partnership,FALSE
tandem,FALSE
parallel,FALSE
f,FALSE
federal,FALSE
cs,FALSE
air,FALSE
earth,FALSE
high,FALSE
wind,FALSE
climate,FALSE
low,FALSE
direct,FALSE
hot,FALSE
maximum,FALSE
explicitly,FALSE
restriction,FALSE
begin,TRUE
along,FALSE
together,FALSE
combine,FALSE
end,TRUE
inconsistent,FALSE
couple,FALSE
#,FALSE
#,FALSE
#,FALSE
#,FALSE
#,FALSE
#,FALSE
#,FALSE
#,FALSE
#,FALSE
#,FALSE
#,FALSE
#,FALSE
#,FALSE
#,FALSE
#,FALSE
additional,FALSE
electronic,FALSE
new,FALSE
basic,FALSE
other,FALSE
main,FALSE
repair,FALSE
upgrade,FALSE
small,FALSE
negative,FALSE
positive,FALSE
large,FALSE
induce,FALSE
passive,FALSE
conversion,FALSE
#,FALSE
#,FALSE
#,FALSE
become,FALSE
perform,FALSE
1994,FALSE
1998,FALSE
1993,FALSE
2002,FALSE
1995,FALSE
1989,FALSE
error,FALSE
addition,FALSE
mistake,FALSE
conclusion,FALSE
prediction,FALSE
concern,FALSE
finding,FALSE
encounter,FALSE
summarize,FALSE
discuss,FALSE
explain,FALSE
precision,FALSE
magnitude,FALSE
boundary,FALSE
bind,FALSE
range,TRUE
stand,FALSE
horizon,FALSE
interpret,FALSE
treat,FALSE
denote,FALSE
National,FALSE
southern,FALSE
high,FALSE
International,FALSE
central,FALSE
collect,FALSE
capture,FALSE
compare,FALSE
object,FALSE
transaction,FALSE
technique,FALSE
say,TRUE
mean,TRUE
suppose,FALSE
staff,FALSE
business,FALSE
utility,FALSE
firm,FALSE
contractor,FALSE
department,TRUE
architect,FALSE
industry,FALSE
manufacturer,FALSE
city,FALSE
factory,FALSE
inability,FALSE
help,TRUE
support,TRUE
design,TRUE
integration,FALSE
planning,FALSE
analysis,TRUE
test,TRUE
search,FALSE
command,TRUE
specifically,FALSE
latter,FALSE
evaluate,FALSE
analogy,FALSE
correlation,FALSE
contrast,FALSE
bulb,FALSE
switch,TRUE
encode,FALSE
log,FALSE
#,FALSE
sheet,FALSE
#,FALSE
#,FALSE
assess,FALSE
independent,FALSE
capable,FALSE
#,FALSE
#,FALSE
monthly,FALSE
#,FALSE
generate,TRUE
count,FALSE
maintain,TRUE
gas,FALSE
particle,FALSE
charge,FALSE
load,FALSE
clock,FALSE
switch,FALSE
temporal,FALSE
#,FALSE
linear,FALSE
interference,FALSE
loss,FALSE
knowledge,FALSE
evidence,FALSE
some,FALSE
development,TRUE
element,TRUE
purchase,FALSE
order,TRUE
access,TRUE
see,TRUE
view,TRUE
buy,FALSE
acquire,FALSE
programme,FALSE
engineering,FALSE
product,FALSE
station,FALSE
production,FALSE
chart,FALSE
#,FALSE
spark,FALSE
pay,TRUE
mobile,FALSE
transaction,FALSE
keep,FALSE
house,FALSE
public,FALSE
word,FALSE
internet,FALSE
security,FALSE
#,FALSE
#,FALSE
#,FALSE
#,FALSE
#,FALSE
#,FALSE
#,FALSE
sit,FALSE
reside,TRUE
rest,FALSE
holder,FALSE
visitor,FALSE
#,FALSE
#,FALSE
fly,FALSE
dial,FALSE
bound,FALSE
high,FALSE
finite,FALSE
monetary,FALSE
dollar,FALSE
asset,FALSE
market,FALSE
production,FALSE
suggestion,FALSE
lease,FALSE
comment,FALSE
fulfil,FALSE
scientific,FALSE
accessible,FALSE
#,FALSE
#,FALSE
#,FALSE
#,FALSE
#,FALSE
#,FALSE
#,FALSE
#,FALSE
#,FALSE
#,FALSE
#,FALSE
suspect,FALSE
probable,FALSE
conclude,FALSE
argue,FALSE
apparent,FALSE
tank,FALSE
return,TRUE
restore,FALSE
connect,FALSE
DC,FALSE
under,FALSE
core,TRUE
illustrate,FALSE
mean,FALSE
remainder,FALSE
bulk,FALSE
significance,FALSE
restrict,FALSE
confine,FALSE
extend,FALSE
applicable,FALSE
narrow,FALSE
formal,FALSE
fundamental,FALSE
financial,FALSE
package,FALSE
know,TRUE
think,FALSE
stand,FALSE
correspond,FALSE
manual,FALSE
regard,FALSE
interpret,FALSE
framework,FALSE
foundation,FALSE
template,FALSE
practical,FALSE
conceptual,FALSE
power,TRUE
party,FALSE
aircraft,FALSE
person,TRUE
force,FALSE
matter,FALSE
building,FALSE
overlap,FALSE
impact,FALSE
breach,FALSE
authorize,FALSE
statutory,FALSE
treat,FALSE
characterize,FALSE
bid,FALSE
default,FALSE
any,FALSE
traffic,FALSE
track,FALSE
recovery,FALSE
#,FALSE
news,FALSE
info,FALSE
because,FALSE
as,FALSE
out,FALSE
instead,FALSE
regardless,FALSE
outside,FALSE
collection,FALSE
dictionary,FALSE
manuscript,FALSE
never,FALSE
apart,FALSE
energy,TRUE
aside,FALSE
electricity,FALSE
make,TRUE
rise,FALSE
smoke,FALSE
little,FALSE
currency,FALSE
cash,FALSE
exchange,FALSE
money,FALSE
distinct,FALSE
inherit,FALSE
w,FALSE
p,FALSE
#,FALSE
#,FALSE
#,FALSE
#,FALSE
referee,FALSE
position,FALSE
nominee,FALSE
team,FALSE
applicant,FALSE
employee,TRUE
#,FALSE
team,FALSE
river,FALSE
second,FALSE
metre,FALSE
hazard,FALSE
rainfall,FALSE
sun,FALSE
significantly,FALSE
actually,FALSE
substantially,FALSE
break,FALSE
intersect,FALSE
imply,FALSE
suggest,FALSE
dictate,FALSE
indicate,FALSE
curriculum,FALSE
collection,FALSE
divide,FALSE
split,FALSE
subdivide,FALSE
organise,FALSE
separate,TRUE
categorize,FALSE
sort,FALSE
arrange,FALSE
division,FALSE
Secretariat,FALSE
gather,FALSE
date,FALSE
rank,FALSE
API,FALSE
suitable,FALSE
delivery,FALSE
consideration,FALSE
acceptance,FALSE
authority,FALSE
architect,FALSE
agency,FALSE
Bureau,FALSE
panel,FALSE
Institute,FALSE
professional,FALSE
individual,TRUE
developer,FALSE
partner,FALSE
researcher,FALSE
evolution,FALSE
formation,FALSE
growth,FALSE
success,FALSE
promotion,FALSE
roll,FALSE
eliminate,FALSE
join,FALSE
effectiveness,FALSE
likelihood,FALSE
validity,FALSE
keep,TRUE
possess,FALSE
retain,FALSE
leave,FALSE
early,FALSE
per,FALSE
birth,FALSE
depend,FALSE
incumbent,FALSE
graph,FALSE
album,FALSE
score,FALSE
vote,FALSE
eliminate,FALSE
remove,TRUE
eliminate,FALSE
necessity,FALSE
distribution,FALSE
bit,FALSE
dot,FALSE
displacement,FALSE
bar,FALSE
figure,FALSE
expect,FALSE
undergo,FALSE
indicate,FALSE
shock,FALSE
fail,FALSE
wait,FALSE
inspect,FALSE
scan,FALSE
weigh,FALSE
battery,FALSE
discover,FALSE
observe,FALSE
want,TRUE
vent,FALSE
bring,FALSE
screw,FALSE
deal,FALSE
compete,FALSE
combine,FALSE
business,FALSE
memory,FALSE
activation,FALSE
underlie,FALSE
dynamic,FALSE
recognition,FALSE
generation,FALSE
contribution,FALSE
commitment,FALSE
#,FALSE
#,FALSE
depend,TRUE
depend,TRUE
rely,FALSE
rest,FALSE
focus,TRUE
center,FALSE
connectivity,FALSE
stability,FALSE
afford,FALSE
support,TRUE
guarantee,FALSE
say,TRUE
flux,FALSE
experience,FALSE
rotate,FALSE
observer,FALSE
attain,FALSE
angle,FALSE
#,FALSE
°,FALSE
#,FALSE
°,FALSE
training,FALSE
level,FALSE
plan,FALSE
incorporate,FALSE
his,FALSE
her,FALSE
low,FALSE
derivative,FALSE
#,FALSE
#,FALSE
#,FALSE
#,FALSE
#,FALSE
#,FALSE
#,FALSE
#,FALSE
#,FALSE
#,FALSE
#,FALSE
structure,FALSE
description,FALSE
perspective,FALSE
preference,FALSE
experience,FALSE
view,FALSE
relationship,FALSE
relation,FALSE
interaction,FALSE
role,FALSE
interpretation,FALSE
comprise,FALSE
constitute,FALSE
desktop,FALSE
keyboard,FALSE
physic,FALSE
chassis,FALSE
bus,FALSE
graphical,FALSE
video,FALSE
programming,FALSE