error,TRUE
event,TRUE
problem,TRUE
failure,FALSE
fault,FALSE
issue,FALSE
defect,FALSE
condition,FALSE
situation,FALSE
mistake,FALSE
bug,FALSE
delay,FALSE
cause,TRUE
leak,FALSE
violation,FALSE
occur,TRUE
exist,TRUE
occur,TRUE
happen,FALSE
arise,FALSE
appear,TRUE
result,TRUE
strike,FALSE
occur,TRUE
emerge,FALSE
arrive,FALSE
return,TRUE
come,TRUE
fail,TRUE
develop,TRUE
security,FALSE
hardware,TRUE
software,TRUE
network,TRUE
search,TRUE
arithmetic,FALSE
test,TRUE
system,TRUE
measurement,TRUE
transmission,TRUE
code,TRUE
programming,FALSE
kernel,FALSE
control,TRUE
loss,FALSE
block,TRUE
interrupt,FALSE
address,TRUE
state,TRUE
flash,FALSE
loop,FALSE
respond,FALSE
terminate,FALSE
restart,FALSE
run,TRUE
start,TRUE
proceed,FALSE
call,TRUE
continue,FALSE
work,TRUE
return,FALSE
open,TRUE
fail,FALSE
operate,TRUE
stop,TRUE
resolve,FALSE
another,FALSE
reverse,FALSE
clock,TRUE
memory,TRUE
automatic,FALSE
#,FALSE
build,TRUE
run,TRUE
drop,FALSE
lock,TRUE
close,FALSE
head,FALSE
call,TRUE
drive,TRUE
lead,TRUE
face,FALSE
phone,FALSE
punch,FALSE
read,TRUE
check,FALSE
text,TRUE
include,TRUE
contain,TRUE
support,TRUE
provide,TRUE
use,TRUE
offer,TRUE
incorporate,FALSE
implement,TRUE
define,TRUE
describe,TRUE
include,TRUE
publish,FALSE
feature,TRUE
cover,TRUE
dot,FALSE
column,FALSE
image,TRUE
#,FALSE
row,TRUE
area,TRUE
square,FALSE
vertex,FALSE
vector,FALSE
line,TRUE
page,TRUE
scale,FALSE
size,TRUE
character,FALSE
meter,FALSE
matrix,FALSE
grid,FALSE
table,TRUE
axi,FALSE
edge,FALSE
side,TRUE
space,TRUE
path,FALSE
box,FALSE
algorithm,TRUE
model,TRUE
algorithm,TRUE
method,TRUE
filter,FALSE
model,TRUE
analysis,TRUE
rule,FALSE
technique,TRUE
ratio,FALSE
filter,FALSE
graph,TRUE
function,TRUE
compression,FALSE
detection,FALSE
filter,FALSE
prediction,FALSE
track,TRUE
statistical,FALSE
optimization,FALSE
numerical,FALSE
adaptive,FALSE
render,FALSE
logic,FALSE
correction,FALSE
#,FALSE
reduction,FALSE
match,TRUE
time,TRUE
#,FALSE
code,TRUE
bias,FALSE
phase,TRUE
angle,FALSE
pattern,FALSE
position,TRUE
color,FALSE
slope,FALSE
element,FALSE
offset,FALSE
table,TRUE
operation,TRUE
datum,TRUE
method,TRUE
routine,FALSE
function,TRUE
calculation,TRUE
value,TRUE
rule,TRUE
FALSE,FALSE
random,FALSE
cross,FALSE
back,FALSE
final,FALSE
low,FALSE
high,FALSE
bad,FALSE
dynamic,FALSE
shadow,FALSE
full,FALSE
value,TRUE
field,TRUE
time,TRUE
square,FALSE
square,FALSE
motion,FALSE
distance,FALSE
#,FALSE
factor,TRUE
file,TRUE
system,TRUE
library,FALSE
unit,TRUE
it,FALSE
this,FALSE
climate,FALSE
population,FALSE
life,FALSE
distribution,TRUE
datum,TRUE
history,FALSE
legend,FALSE
everything,FALSE
style,FALSE
what,FALSE
mount,TRUE
locate,TRUE
base,TRUE
house,FALSE
situate,FALSE
center,FALSE
build,TRUE
place,TRUE
instal,TRUE
centre,FALSE
carry,TRUE
focus,TRUE
position,TRUE
fix,TRUE
integrate,TRUE
camera,TRUE
vacuum,FALSE
optical,FALSE
glass,FALSE
central,FALSE
display,TRUE
external,FALSE
main,FALSE
output,TRUE
inner,FALSE
tv,FALSE
steel,FALSE
centre,FALSE
mount,FALSE
platform,FALSE
wall,FALSE
head,FALSE
base,TRUE
roof,FALSE
floor,FALSE
mast,FALSE
tower,FALSE
shaft,FALSE
frame,TRUE
compose,FALSE
capable,FALSE
make,TRUE
consist,TRUE
comprise,TRUE
form,TRUE
construct,FALSE
consist,TRUE
consist,TRUE
consist,TRUE
part,TRUE
free,FALSE
constitute,FALSE
small,FALSE
infrare,FALSE
digital,FALSE
laser,FALSE
electronic,FALSE
internal,FALSE
photographic,FALSE
small,FALSE
separate,FALSE
lead,TRUE
light,FALSE
large,FALSE
camera,TRUE
device,TRUE
screen,FALSE
sensor,TRUE
piece,FALSE
point,TRUE
equipment,FALSE
mount,TRUE
instrument,FALSE
display,TRUE
minute,FALSE
scale,FALSE
radio,FALSE
application,FALSE
#,FALSE
computing,FALSE
version,TRUE
#,FALSE
copy,TRUE
record,TRUE
portion,FALSE
record,TRUE
view,FALSE
component,TRUE
reference,TRUE
satellite,TRUE
source,TRUE
target,TRUE
station,TRUE
binary,FALSE
spacecraft,TRUE
flight,FALSE
destination,FALSE
atomic,FALSE
schedule,FALSE
payload,FALSE
program,TRUE
computer,TRUE
information,TRUE
manifest,FALSE
protocol,TRUE
generate,TRUE
produce,TRUE
provide,TRUE
available,FALSE
store,TRUE
create,TRUE
use,TRUE
require,TRUE
obtain,TRUE
display,TRUE
need,TRUE
collect,FALSE
develop,TRUE
take,TRUE
able,FALSE
allow,TRUE
utilize,FALSE
possible,FALSE
enable,TRUE
necessary,FALSE
design,TRUE
program,TRUE
perform,TRUE
send,TRUE
process,TRUE
store,TRUE
generate,TRUE
send,TRUE
process,TRUE
transmit,FALSE
distribute,TRUE
analyze,FALSE
produce,TRUE
receive,TRUE
convert,FALSE
interpret,FALSE
organize,FALSE
read,TRUE
write,TRUE
radio,FALSE
incoming,FALSE
message,FALSE
transmit,TRUE
receive,TRUE
result,TRUE
UTC,FALSE
log,FALSE
set,TRUE
record,TRUE
#,FALSE
stream,TRUE
frame,TRUE
sheet,FALSE
packet,TRUE
source,TRUE
structure,TRUE
feed,FALSE
know,TRUE
publish,FALSE
release,TRUE
distribute,FALSE
designate,FALSE
classify,FALSE
organize,FALSE
issue,TRUE
list,TRUE
define,TRUE
deliver,TRUE
call,TRUE
like,FALSE
formerly,FALSE
name,TRUE
abbreviate,FALSE
aka,FALSE
originally,FALSE
use,TRUE
via,FALSE
10,FALSE
16,FALSE
11,FALSE
c,FALSE
100,FALSE
os,FALSE
offer,FALSE
allow,TRUE
represent,TRUE
world,FALSE
#,FALSE
time,FALSE
life,FALSE
speed,TRUE
language,FALSE
day,TRUE
time,TRUE
mode,TRUE
reality,FALSE
service,TRUE
interface,TRUE
environment,TRUE
application,TRUE
behavior,FALSE
scenario,FALSE
mechanism,TRUE
setup,FALSE
configuration,TRUE
example,TRUE
behaviour,FALSE
performance,TRUE
show,TRUE
depict,FALSE
indicate,TRUE
give,TRUE
see,TRUE
diagram,TRUE
represent,TRUE
#,FALSE
illustrate,TRUE
describe,TRUE
#,FALSE
figure,TRUE
right,TRUE
illustration,FALSE
picture,FALSE
leave,TRUE
screen,FALSE
video,TRUE
draw,TRUE
show,TRUE
indicate,TRUE
suggest,FALSE
show,TRUE
indicate,TRUE
show,TRUE
show,TRUE
reveal,FALSE
state,TRUE
mean,TRUE
imply,FALSE
operator,FALSE
player,FALSE
robot,FALSE
machine,TRUE
pilot,FALSE
vehicle,FALSE
driver,TRUE
user,TRUE
engine,FALSE
device,TRUE
aircraft,FALSE
receiver,FALSE
operation,TRUE
development,TRUE
processing,TRUE
use,TRUE
execution,FALSE
release,TRUE
status,FALSE
storage,TRUE
engage,FALSE
involve,TRUE
active,FALSE
interested,FALSE
occupy,FALSE
employ,FALSE
engage,FALSE
work,TRUE
assist,FALSE
useful,FALSE
operate,TRUE
make,TRUE
perform,TRUE
execute,TRUE
obtain,TRUE
create,TRUE
produce,TRUE
observe,FALSE
complete,TRUE
conduct,FALSE
issue,TRUE
monitor,TRUE
provide,TRUE
prepare,FALSE
emergency,FALSE
,FALSE
detail,FALSE
basic,FALSE
simplify,FALSE
similar,FALSE
complete,FALSE
simple,FALSE
comprehensive,FALSE
partial,FALSE
typical,FALSE
graphical,FALSE
propose,FALSE
general,FALSE
map,TRUE
description,FALSE
list,TRUE
file,TRUE
statement,FALSE
overview,FALSE
summary,FALSE
point,TRUE
present,TRUE
find,TRUE
contain,TRUE
follow,TRUE
accompany,FALSE
adjacent,FALSE
correspond,FALSE
link,TRUE
next,FALSE
header,FALSE
text,TRUE
precede,FALSE
upper,FALSE
article,TRUE
section,TRUE
one,FALSE
formally,FALSE
previously,FALSE
also,FALSE
style,FALSE
include,TRUE
comprise,FALSE
perform,TRUE
encompasse,FALSE
set,TRUE
number,TRUE
variety,TRUE
suite,FALSE
range,TRUE
series,TRUE
combination,FALSE
pair,FALSE
group,TRUE
sequence,TRUE
collection,TRUE
family,FALSE
multitude,FALSE
bundle,FALSE
tool,TRUE
capability,FALSE
interface,TRUE
technique,TRUE
instruction,TRUE
protocol,TRUE
service,TRUE
control,TRUE
procedure,FALSE
facilitate,FALSE
enable,TRUE
support,TRUE
aid,FALSE
improve,TRUE
perform,TRUE
assist,FALSE
handle,TRUE
allow,TRUE
manage,TRUE
provide,TRUE
ensure,TRUE
monitor,TRUE
guide,FALSE
identification,FALSE
handle,TRUE
management,TRUE
generation,FALSE
extraction,FALSE
creation,FALSE
evaluation,FALSE
sort,TRUE
design,TRUE
recovery,FALSE
report,TRUE
repair,FALSE
prevention,FALSE
traffic,FALSE
exposure,FALSE
technical,FALSE
circuit,TRUE
product,TRUE
flow,FALSE
specific,FALSE
detail,TRUE
reproduce,FALSE
background,FALSE
temperature,TRUE
guidance,FALSE
height,FALSE
pressure,FALSE
proximity,FALSE
type,TRUE
measurement,TRUE
range,TRUE
index,TRUE
regulation,FALSE
distribution,TRUE
limit,TRUE
gauge,FALSE
variation,FALSE
reading,FALSE
aft,FALSE
backward,FALSE
backwards,FALSE
rear,TRUE
downstream,FALSE
forward,FALSE
downward,FALSE
behind,FALSE
sideways,FALSE
open,TRUE
close,TRUE
activate,TRUE
lock,TRUE
open,FALSE
enter,FALSE
start,TRUE
seal,FALSE
shut,FALSE
reopen,FALSE
unlocked,FALSE
light,FALSE
protect,FALSE
operate,TRUE
remove,FALSE
screen,FALSE
replace,TRUE
filter,FALSE
control,TRUE
telephone,FALSE
customer,FALSE
person,FALSE
phone,FALSE
server,TRUE
caller,FALSE
company,FALSE
bank,FALSE
carrier,FALSE
access,TRUE
disable,FALSE
trigger,FALSE
monitor,TRUE
standard,TRUE
manual,FALSE
remote,FALSE
normal,FALSE
backup,FALSE
mechanical,FALSE
specifically,FALSE
worthy,FALSE
object,TRUE
subject,FALSE
consider,TRUE
highly,FALSE
otherwise,FALSE
primarily,FALSE
particularly,FALSE
directly,FALSE
deem,FALSE
strongly,FALSE
interest,FALSE
importance,FALSE
relevance,FALSE
significance,FALSE
accuracy,FALSE
convenience,FALSE
quality,FALSE
origin,FALSE
concern,FALSE
resolution,TRUE
course,FALSE
simplicity,FALSE
class,FALSE
amount,TRUE
subset,FALSE
quantity,FALSE
proportion,FALSE
error,TRUE
card,FALSE
item,FALSE
digit,FALSE
vote,FALSE
particle,FALSE
cell,TRUE
number,TRUE
component,TRUE
violation,FALSE
contain,TRUE
represent,TRUE
remain,TRUE
include,TRUE
satisfy,FALSE
become,FALSE
resemble,FALSE
form,TRUE
follow,TRUE
involve,TRUE
exceed,TRUE
constitute,FALSE
appear,TRUE
signal,TRUE
detector,FALSE
array,FALSE
sample,TRUE
experiment,FALSE
result,TRUE
generate,TRUE
require,TRUE
take,TRUE
create,TRUE
produce,TRUE
give,TRUE
parameter,FALSE
bit,TRUE
hour,FALSE
second,FALSE
step,FALSE
key,TRUE
cycle,FALSE
calculation,FALSE
determination,FALSE
purpose,FALSE
removal,FALSE
adjustment,FALSE
purpose,FALSE
sake,FALSE
linear,FALSE
input,FALSE
original,FALSE
variable,FALSE
scan,FALSE
#,FALSE
length,TRUE
achieve,TRUE
obtain,TRUE
get,TRUE
reach,TRUE
find,TRUE
give,TRUE
gain,TRUE
create,TRUE
attain,FALSE
yield,FALSE
width,FALSE
shape,FALSE
representation,FALSE
density,FALSE
precision,FALSE
bit,TRUE
count,FALSE
level,TRUE
limit,TRUE
content,TRUE
new,FALSE
different,FALSE
simple,FALSE
parallel,FALSE
greedy,FALSE
hybrid,FALSE
format,FALSE
layer,TRUE
implement,TRUE
apply,TRUE
choose,FALSE
introduce,TRUE
solve,FALSE
channel,TRUE
graphic,FALSE
buffer,FALSE
register,TRUE
register,TRUE
unit,TRUE
counter,FALSE
processor,TRUE
slot,FALSE
distinct,FALSE
additional,FALSE
discrete,FALSE
individual,FALSE
total,FALSE
raw,FALSE
pin,FALSE
slot,FALSE
hole,FALSE
face,FALSE
port,FALSE
box,FALSE
switch,TRUE
node,FALSE
gate,FALSE
block,TRUE
receive,TRUE
opposite,FALSE
top,FALSE
front,FALSE
end,TRUE
port,FALSE
location,TRUE
center,FALSE
frequency,TRUE
stack,FALSE
switch,TRUE
instruction,TRUE
usable,FALSE
visible,FALSE
present,FALSE
affect,TRUE
change,TRUE
move,TRUE
update,FALSE
connect,TRUE
case,TRUE
way,TRUE
#,FALSE
audio,FALSE
medium,FALSE
machine,TRUE
processor,TRUE
counter,FALSE
mode,TRUE
bank,FALSE
run,TRUE
direct,FALSE
orient,FALSE
rotate,FALSE
switch,TRUE
turn,TRUE
execute,FALSE
direction,FALSE
manner,FALSE
order,FALSE
fashion,FALSE
connect,TRUE
send,TRUE
move,TRUE
mapping,FALSE
compare,FALSE
take,TRUE
image,TRUE
signal,TRUE
input,TRUE
power,TRUE
video,TRUE
two,FALSE
three,FALSE
four,FALSE
respective,FALSE
multiple,FALSE
32,FALSE
256,FALSE
64,FALSE
MHz,FALSE
kHz,FALSE
minute,FALSE
Hz,FALSE
degree,FALSE
#,FALSE
mb,FALSE
rpm,FALSE
clockwise,FALSE
approximately,FALSE
daily,FALSE
respectively,FALSE
maximum,TRUE
simultaneously,FALSE
nominally,FALSE
maintain,TRUE
average,FALSE
overall,FALSE
effective,FALSE
approximate,FALSE
equivalent,FALSE
actual,FALSE
optimal,FALSE
initial,FALSE
estimate,FALSE
entire,FALSE
capacity,FALSE
#,FALSE
#,FALSE
#,FALSE
,FALSE
manage,TRUE
administer,FALSE
govern,FALSE
head,FALSE
supervise,FALSE
cover,TRUE
determine,TRUE
oversee,FALSE
lead,TRUE
regulate,FALSE
accredit,FALSE
maintain,TRUE
project,TRUE
technology,TRUE
instrument,FALSE
facility,FALSE
reactor,FALSE
host,FALSE
sell,TRUE
manufacture,FALSE
test,TRUE
iso,TRUE
the,FALSE
IBM,FALSE
r,FALSE
equip,FALSE
fit,FALSE
load,TRUE
supply,TRUE
clock,FALSE
unique,FALSE
pattern,TRUE
pulse,FALSE
channel,FALSE
element,TRUE
vector,FALSE
correspond,TRUE
correspond,TRUE
conform,FALSE
compare,FALSE
add,TRUE
connect,TRUE
relate,TRUE
belong,FALSE
refer,FALSE
adapt,FALSE
extend,TRUE
apply,TRUE
compare,FALSE
frequency,TRUE
stage,FALSE
way,TRUE
level,TRUE
field,TRUE
discuss,TRUE
action,TRUE
approach,TRUE
earth,FALSE
impact,FALSE
land,FALSE
orbit,FALSE
arrival,FALSE
land,FALSE
board,FALSE
Mars,FALSE
rotation,FALSE
occasion,FALSE
telescope,TRUE
probe,FALSE
beam,FALSE
star,FALSE
len,FALSE
asteroid,FALSE
comet,FALSE
move,FALSE
turn,TRUE
shift,TRUE
steer,FALSE
travel,FALSE
orbit,FALSE
spin,FALSE
shift,TRUE
accelerate,FALSE
curve,FALSE
tilt,FALSE
fly,FALSE
vicinity,FALSE
spectrum,FALSE
region,TRUE
plane,FALSE
brightness,FALSE
bring,TRUE
force,TRUE
place,TRUE
put,TRUE
allow,TRUE
turn,TRUE
push,FALSE
pull,TRUE
throw,FALSE
direct,TRUE
integrate,TRUE
category,FALSE
focus,FALSE
role,TRUE
hand,FALSE
aperture,TRUE
band,FALSE
slit,FALSE
scope,FALSE
gap,FALSE
range,TRUE
body,TRUE
mirror,FALSE
object,TRUE
satellite,TRUE
star,FALSE
observation,TRUE
target,FALSE
experiment,FALSE
galaxy,FALSE
energy,TRUE
altitude,FALSE
intensity,TRUE
sensitivity,FALSE
study,TRUE
application,TRUE
research,TRUE
station,FALSE
centre,FALSE
site,FALSE
depot,FALSE
build,TRUE
depot,FALSE
system,FALSE
facility,FALSE
unit,FALSE
Manual,FALSE
record,FALSE
chart,FALSE
tool,TRUE
monitor,FALSE
apparatus,FALSE
laboratory,FALSE
machine,FALSE
monitor,TRUE
determine,TRUE
measure,TRUE
observe,FALSE
measure,TRUE
manage,TRUE
decide,FALSE
maintain,TRUE
humidity,FALSE
weather,FALSE
water,FALSE
temperature,TRUE
condition,TRUE
pH,FALSE
moisture,FALSE
season,FALSE
food,FALSE
longitude,FALSE
current,TRUE
current,FALSE
voltage,TRUE
height,FALSE
quantity,FALSE
amount,FALSE
load,TRUE
concentration,FALSE
pressure,TRUE
speed,TRUE
ventilation,FALSE
locomotive,FALSE
major,FALSE
primary,FALSE
spectral,FALSE
car,FALSE
letter,FALSE
bus,TRUE
train,FALSE
breed,FALSE
station,TRUE
area,TRUE
hall,FALSE
site,FALSE
platform,FALSE
center,FALSE
group,TRUE
room,FALSE
centre,FALSE
zone,FALSE
region,FALSE
mission,FALSE
an,FALSE
•,FALSE
see,TRUE
external,FALSE
no,FALSE
per,FALSE
context,FALSE
mission,TRUE
previous,FALSE
date,FALSE
parameter,FALSE
term,TRUE
relation,FALSE
principle,FALSE
mark,TRUE
criterion,FALSE
associate,TRUE
along,FALSE
consistent,FALSE
write,TRUE
print,FALSE
begin,TRUE
mark,TRUE
attach,FALSE
particular,FALSE
relevant,FALSE
document,TRUE
reference,TRUE
usually,FALSE
clearly,FALSE
typically,FALSE
generally,FALSE
explicitly,FALSE
document,TRUE
even,FALSE
immediately,FALSE
exactly,FALSE
whether,FALSE
entity,FALSE
item,FALSE
paragraph,FALSE
report,TRUE
reference,TRUE
violate,FALSE
hold,TRUE
mention,FALSE
need,TRUE
declaration,FALSE
assertion,FALSE
claim,FALSE
authority,FALSE
requirement,TRUE
absence,FALSE
middle,FALSE
face,FALSE
presence,FALSE
midst,FALSE
circumstance,FALSE
occurrence,FALSE
aftermath,FALSE
wake,FALSE
collision,FALSE
disaster,FALSE
breach,FALSE
crash,FALSE
connection,TRUE
network,FALSE
infrastructure,FALSE
capability,FALSE
core,FALSE
backbone,FALSE
hub,FALSE
future,FALSE
integration,TRUE
engineering,TRUE
testing,FALSE
maintenance,FALSE
communication,FALSE
installation,FALSE
compatibility,FALSE
instance,TRUE
sense,FALSE
assume,FALSE
expect,FALSE
likely,FALSE
TRUE,FALSE
say,TRUE
think,FALSE
calculate,FALSE
believe,FALSE
clear,FALSE
unlikely,FALSE
understand,FALSE
take,TRUE
take,TRUE
take,TRUE
cost,FALSE
last,TRUE
cost,FALSE
min,FALSE
year,TRUE
day,TRUE
moment,FALSE
moment,FALSE
minute,FALSE
arrive,FALSE
go,TRUE
close,TRUE
move,TRUE
travel,FALSE
come,TRUE
fly,FALSE
descend,FALSE
ground,FALSE
enemy,FALSE
objective,FALSE
surface,TRUE
pulse,FALSE
transmitter,FALSE
velocity,FALSE
K,FALSE
°,FALSE
BC,FALSE
v,FALSE
meter,FALSE
#,FALSE
nm,FALSE
km,FALSE
metre,FALSE
instant,FALSE
rate,TRUE
hour,FALSE
return,TRUE
advance,FALSE
get,TRUE
track,TRUE
penetrate,FALSE
reach,FALSE
get,TRUE
drive,TRUE
travel,FALSE
outlet,FALSE
receive,TRUE
form,TRUE
get,TRUE
yield,FALSE
enter,FALSE
x,FALSE
advanced,FALSE
initial,FALSE
image,FALSE
active,FALSE
Upper,FALSE
intermediate,FALSE
alpha,FALSE
attack,FALSE
extreme,FALSE
echo,FALSE
above,FALSE
alternative,FALSE
action,FALSE
profile,FALSE
sensor,TRUE
accurate,FALSE
enhance,FALSE
report,FALSE
performance,TRUE
status,FALSE
source,TRUE
power,FALSE
program,TRUE
rate,TRUE
control,FALSE
case,TRUE
response,FALSE
emission,FALSE
vision,FALSE
reflection,FALSE
image,TRUE
rating,FALSE
threshold,FALSE
deliver,FALSE
connect,TRUE
efficient,FALSE
indirect,FALSE
interactive,FALSE
electrical,FALSE
alternative,FALSE
automate,TRUE
intelligent,FALSE
explicit,FALSE
solution,FALSE
response,TRUE
API,FALSE
client,FALSE
user,TRUE
driver,TRUE
window,FALSE
module,TRUE
run,TRUE
main,FALSE
computer,FALSE
basic,FALSE
standard,FALSE
general,FALSE
Digital,FALSE
mile,FALSE
cm,FALSE
#,FALSE
foot,FALSE
visual,FALSE
peak,FALSE
formation,FALSE
location,TRUE
set,TRUE
target,TRUE
observation,TRUE
objective,FALSE
enable,TRUE
enable,TRUE
require,TRUE
permit,TRUE
require,TRUE
prompt,FALSE
space,FALSE
earth,TRUE
cloud,FALSE
US,FALSE
radar,FALSE
deploy,FALSE
launch,TRUE
train,FALSE
derive,FALSE
support,TRUE
observer,FALSE
instrumentation,FALSE
operator,FALSE
make,TRUE
conduct,FALSE
offer,TRUE
examination,FALSE
study,TRUE
survey,FALSE
assessment,FALSE
investigation,FALSE
missile,FALSE
target,TRUE
preliminary,FALSE
specification,TRUE
#,FALSE
requirement,TRUE
restriction,FALSE
limitation,FALSE
standard,TRUE
constraint,FALSE
regulation,FALSE
assumption,FALSE
guideline,FALSE
obligation,FALSE
norm,FALSE
impose,FALSE
dependent,FALSE
contingent,FALSE
establish,FALSE
bind,FALSE
put,TRUE
enforce,FALSE
implementation,TRUE
architecture,TRUE
construction,FALSE
structure,TRUE
functionality,FALSE
plan,FALSE
organization,FALSE
practice,FALSE
specification,TRUE
deployment,FALSE
distinguish,FALSE
differentiate,FALSE
independent,FALSE
exclude,FALSE
draw,TRUE
separate,TRUE
inherit,FALSE
differ,FALSE
source,TRUE
tier,FALSE
grade,FALSE
bind,FALSE
layer,TRUE
model,TRUE
exist,TRUE
key,FALSE
critical,FALSE
operational,FALSE
minimum,FALSE
underlie,FALSE
safety,FALSE
stability,FALSE
group,TRUE
couple,FALSE
link,TRUE
bring,TRUE
pair,FALSE
#,FALSE
unlike,FALSE
store,TRUE
establish,FALSE
serial,FALSE
single,FALSE
disk,FALSE
tree,FALSE
variable,TRUE
access,TRUE
automatically,FALSE
subsequently,FALSE
remotely,FALSE
thus,FALSE
quickly,FALSE
efficiently,FALSE
later,FALSE
physically,FALSE
thereby,FALSE
cache,FALSE
onto,FALSE
goal,FALSE
aim,FALSE
idea,FALSE
effect,TRUE
task,FALSE
intention,FALSE
intent,FALSE
concept,FALSE
change,TRUE
increase,TRUE
adjust,FALSE
track,TRUE
reduce,FALSE
measure,TRUE
regulate,FALSE
gate,FALSE
#,FALSE
#,FALSE
#,FALSE
environment,TRUE
game,FALSE
command,TRUE
expansion,FALSE
module,TRUE
package,FALSE
additionally,FALSE
house,FALSE
carry,TRUE
host,TRUE
part,TRUE
container,FALSE
drive,TRUE
replace,TRUE
operate,TRUE
power,TRUE
support,TRUE
event,FALSE
enterprise,FALSE
cpu,FALSE
file,FALSE
environment,FALSE
extension,FALSE
application,FALSE
rom,FALSE
exchange,FALSE
engine,FALSE
dos,FALSE
Explorer,FALSE
responsible,FALSE
reserve,FALSE
intend,FALSE
suitable,FALSE
dedicate,FALSE
ram,FALSE
transaction,FALSE
virtual,FALSE
indicator,FALSE
§,FALSE
central,FALSE
west,FALSE
traditional,FALSE
north,FALSE
western,FALSE
south,FALSE
common,FALSE
wide,FALSE
fully,FALSE
recorder,FALSE
tape,FALSE
audio,FALSE
panel,FALSE
window,TRUE
section,TRUE
circuit,TRUE
surface,FALSE
analog,TRUE
analogue,TRUE
stereo,FALSE
print,FALSE
physical,FALSE
version,TRUE
auto,FALSE
non,FALSE
self,TRUE
pre,FALSE
post,FALSE
zero,FALSE
step,TRUE
acceleration,FALSE
transfer,TRUE
option,FALSE
ability,FALSE
achieve,TRUE
accomplish,FALSE
do,TRUE
complete,TRUE
initiate,FALSE
switch,TRUE
flip,FALSE
shut,FALSE
lock,TRUE
start,TRUE
click,FALSE
knock,FALSE
leave,TRUE
read,TRUE
stage,TRUE
transition,FALSE
revert,FALSE
convert,FALSE
change,TRUE
flip,FALSE
upgrade,FALSE
migrate,FALSE
capture,TRUE
isolation,FALSE
suppression,FALSE
count,TRUE
protection,FALSE
nickname,FALSE
experimental,FALSE
automation,FALSE
autonomous,FALSE
it,TRUE
electronic,TRUE
educational,FALSE
controller,TRUE
console,FALSE
oversee,FALSE
affect,TRUE
handle,TRUE
efficiency,FALSE
cool,FALSE
usage,FALSE
air,TRUE
tube,FALSE
pipe,FALSE
hydraulic,FALSE
steam,FALSE
fan,FALSE
electric,FALSE
cylinder,FALSE
dimensional,FALSE
digit,FALSE
process,TRUE
command,TRUE
motor,FALSE
shift,TRUE
rotate,FALSE
scan,FALSE
select,TRUE
divide,FALSE
determine,TRUE
locate,TRUE
position,TRUE
size,TRUE
coordinate,FALSE
texture,FALSE
place,TRUE
manipulate,FALSE
row,TRUE
column,TRUE
color,FALSE
line,TRUE
page,TRUE
character,FALSE
spatial,FALSE
last,FALSE
article,TRUE
equation,FALSE
sentence,FALSE
paper,TRUE
example,TRUE
chart,FALSE
list,TRUE
graph,FALSE
detail,FALSE
describe,TRUE
outline,FALSE
discuss,TRUE
cover,TRUE
illustrate,TRUE
discuss,TRUE
explain,TRUE
consider,TRUE
define,TRUE
book,FALSE
language,FALSE
program,TRUE
game,FALSE
publication,FALSE
category,FALSE
law,FALSE
classification,FALSE
member,FALSE
subdivision,FALSE
activity,FALSE
content,TRUE
counterpart,FALSE
model,TRUE
model,TRUE
base,TRUE
inclusive,FALSE
various,FALSE
official,FALSE
issue,FALSE
figure,FALSE
type,TRUE
date,TRUE
kind,FALSE
country,FALSE
year,TRUE
nationality,FALSE
composition,FALSE
material,FALSE
name,TRUE
address,TRUE
sheet,FALSE
period,TRUE
prepare,FALSE
compile,FALSE
follow,TRUE
well,FALSE
evidence,FALSE
publication,FALSE
history,FALSE
presentation,FALSE
production,FALSE
existence,FALSE
print,FALSE
write,TRUE
publish,FALSE
scheme,FALSE
present,TRUE
symbol,FALSE
across,FALSE
cover,TRUE
represent,TRUE
within,FALSE
throughout,FALSE
AC,FALSE
abs,FALSE
ATP,FALSE
EC,FALSE
CA,FALSE
cc,FALSE
generator,FALSE
ACC,FALSE
AMC,FALSE
ABC,FALSE
CP,FALSE
DC,FALSE
icc,FALSE
control,TRUE
adjust,TRUE
regulate,FALSE
vary,TRUE
measure,TRUE
change,TRUE
compute,FALSE
supply,TRUE
maintain,TRUE
generate,TRUE
complex,FALSE
add,TRUE
internet,FALSE
online,FALSE
email,FALSE
optional,FALSE
library,FALSE
framework,FALSE
utility,FALSE
select,TRUE
remove,FALSE
launch,TRUE
learn,FALSE
separate,TRUE
load,TRUE
call,TRUE
compile,FALSE
database,TRUE
web,FALSE
client,FALSE
structure,FALSE
stream,FALSE
script,FALSE
instal,TRUE
display,TRUE
store,TRUE
implement,TRUE
transmit,TRUE
memory,TRUE
resource,FALSE
accordance,FALSE
conjunction,FALSE
tandem,FALSE
association,FALSE
concert,FALSE
redundant,FALSE
enterprise,FALSE
administrative,FALSE
accounting,FALSE
manager,FALSE
routine,FALSE
report,TRUE
task,TRUE
request,FALSE
schedule,FALSE
statistic,FALSE
organize,FALSE
household,FALSE
assign,FALSE
scheduling,FALSE
relate,FALSE
inventory,FALSE
business,FALSE
batch,FALSE
resource,TRUE
house,FALSE
residual,FALSE
selection,FALSE
inverse,FALSE
rank,FALSE
#,FALSE
curve,FALSE
coefficient,FALSE
select,TRUE
modify,FALSE
specify,TRUE
researcher,FALSE
analyst,FALSE
researcher,FALSE
author,FALSE
observer,FALSE
laboratory,FALSE
check,TRUE
evaluate,FALSE
entry,FALSE
stroke,FALSE
cycle,TRUE
round,FALSE
turn,TRUE
word,TRUE
draw,TRUE
repetition,FALSE
average,FALSE
sample,FALSE
consistency,FALSE
estimate,FALSE
predict,FALSE
derive,FALSE
denote,FALSE
code,TRUE
intermediate,FALSE
alternate,FALSE
improve,FALSE
extension,FALSE
action,TRUE
effect,TRUE
role,TRUE
principle,FALSE
characteristic,TRUE
origin,FALSE
implication,FALSE
dynamic,FALSE
advantage,FALSE
responsibility,FALSE
regard,FALSE
summarize,FALSE
explain,TRUE
express,FALSE
graphic,FALSE
motor,FALSE
hot,FALSE
million,FALSE
#,FALSE
contact,FALSE
touch,FALSE
pin,FALSE
#,FALSE
setting,FALSE
#,FALSE
#,FALSE
light,TRUE
#,FALSE
#,FALSE
match,FALSE
check,FALSE
detect,TRUE
reflect,FALSE
affect,TRUE
desire,FALSE
colour,FALSE
photo,FALSE
window,FALSE
proportional,FALSE
add,TRUE
close,FALSE
equal,FALSE
identical,FALSE
perpendicular,FALSE
map,TRUE
close,FALSE
material,TRUE
one,TRUE
concept,FALSE
work,TRUE
compete,FALSE
combine,TRUE
communicate,FALSE
compatible,FALSE
deal,FALSE
80,FALSE
ip,FALSE
host,FALSE
resident,FALSE
native,FALSE
java,FALSE
#,FALSE
#,FALSE
#,FALSE
international,FALSE
appropriate,FALSE
infect,FALSE
certificate,FALSE
prefix,FALSE
cable,FALSE
interpreter,FALSE
#,FALSE
#,FALSE
#,FALSE
#,FALSE
mirror,FALSE
vibration,FALSE
whole,FALSE
manufacture,FALSE
conversion,FALSE
latter,FALSE
procedure,FALSE
strategy,FALSE
aim,TRUE
attempt,FALSE
help,TRUE
try,FALSE
seek,FALSE
tend,TRUE
eliminate,FALSE
remove,TRUE
correct,FALSE
identify,TRUE
avoid,FALSE
prevent,FALSE
minimize,FALSE
fix,TRUE
erase,FALSE
chip,FALSE
bit,TRUE
piece,FALSE
failure,TRUE
problem,TRUE
defect,FALSE
fault,FALSE
loss,TRUE
gap,FALSE
sequence,TRUE
expose,FALSE
render,FALSE
reveal,FALSE
#,FALSE
#,FALSE
term,TRUE
note,TRUE
note,TRUE
example,TRUE
note,TRUE
reference,TRUE
support,TRUE
translation,FALSE
table,TRUE
also,FALSE
view,TRUE
edit,TRUE
read,TRUE
write,TRUE
view,TRUE
high,FALSE
high,FALSE
low,FALSE
simulation,FALSE
estimate,FALSE
record,TRUE
save,FALSE
document,TRUE
word,FALSE
office,FALSE
Microsoft,FALSE
visual,FALSE
language,FALSE
project,FALSE
_,FALSE
pdf,FALSE
xml,FALSE
folder,FALSE
connector,TRUE
physical,FALSE
product,FALSE
material,FALSE
International,FALSE
preliminary,FALSE
new,FALSE
#,FALSE
software,FALSE
National,FALSE
ieee,FALSE
technical,FALSE
scientific,FALSE
#,FALSE
#,FALSE
#,FALSE
#,FALSE
#,FALSE
#,FALSE
#,FALSE
ID,FALSE
a,FALSE
20,FALSE
e,FALSE
15,FALSE
s,FALSE
b,FALSE
r,FALSE
t,FALSE
d,FALSE
explain,TRUE
describe,TRUE
outline,FALSE
design,TRUE
depth,FALSE
dimension,FALSE
perspective,FALSE
rely,FALSE
act,FALSE
sit,FALSE
reside,FALSE
focus,FALSE
collect,TRUE
send,TRUE
capture,FALSE
download,FALSE
transport,FALSE
search,TRUE
find,TRUE
transfer,TRUE
save,FALSE
translate,FALSE
message,FALSE
transaction,FALSE
memory,TRUE
mode,FALSE
architecture,FALSE
management,FALSE
equipment,FALSE
message,FALSE
terminal,FALSE
manager,FALSE
system,FALSE
Controller,FALSE
service,FALSE
ship,FALSE
train,FALSE
link,TRUE
interact,FALSE
aboard,FALSE
list,TRUE
demonstrate,FALSE
reflect,FALSE
product,TRUE
format,TRUE
app,FALSE
project,TRUE
release,TRUE
handle,TRUE
serve,FALSE
respect,FALSE
print,FALSE
repeat,FALSE
hit,FALSE
update,FALSE
kill,FALSE
miss,FALSE
death,FALSE
#,FALSE
relationship,FALSE
route,FALSE
attachment,FALSE
drive,TRUE
human,FALSE
local,FALSE
terminal,FALSE
map,TRUE
check,FALSE
direct,TRUE
protect,TRUE
close,TRUE
destroy,FALSE
stop,TRUE
update,TRUE
extend,TRUE
preserve,FALSE
guide,FALSE
interaction,FALSE
activity,TRUE
connection,TRUE
compliance,FALSE
accord,TRUE
alignment,FALSE
tune,FALSE
request,FALSE
order,TRUE
feedback,FALSE
pass,TRUE
speech,FALSE
automatic,FALSE
information,FALSE
Signal,FALSE
sound,FALSE
logic,FALSE
follow,FALSE
name,TRUE
rank,FALSE
breakdown,FALSE
office,TRUE
headquarter,FALSE
office,FALSE
event,TRUE
server,TRUE
meeting,FALSE
headquarter,FALSE
building,FALSE
participant,FALSE
municipality,FALSE
district,FALSE
dam,FALSE
former,FALSE
division,FALSE
chip,TRUE
instead,FALSE
thousand,FALSE
copy,FALSE
pair,FALSE
cluster,FALSE
collection,FALSE
hundred,FALSE
sub,FALSE
multi,FALSE
half,FALSE
edge,FALSE
segment,FALSE
may,FALSE
would,FALSE
must,FALSE
repeat,FALSE
scan,FALSE
tap,FALSE
punch,FALSE
sample,FALSE
carry,TRUE
sort,FALSE
cancel,FALSE
fill,FALSE
fit,FALSE
wipe,FALSE
keep,TRUE
feature,TRUE
definition,FALSE
disc,FALSE
technology,TRUE
send,TRUE
take,TRUE
get,TRUE
extract,FALSE
Clear,FALSE
retrieve,TRUE
direct,FALSE
voice,FALSE
live,FALSE
secure,FALSE
#,FALSE
#,FALSE
packet,FALSE
#,FALSE
signature,FALSE
#,FALSE
activate,TRUE
enter,TRUE
destroy,FALSE
see,TRUE
#,FALSE
#,FALSE
#,FALSE
#,FALSE
master,FALSE
book,FALSE
volume,FALSE
edition,FALSE
biographical,FALSE
#,FALSE
Linux,FALSE
editor,FALSE
permit,FALSE
load,TRUE
migration,FALSE
python,FALSE
many,FALSE
several,FALSE
package,FALSE
framework,FALSE
antenna,FALSE
button,FALSE
#,FALSE
transfer,TRUE
cut,TRUE
feed,FALSE
dial,FALSE
battery,FALSE
usb,FALSE
investigate,FALSE
discover,FALSE
explore,FALSE
examine,TRUE
understand,FALSE
trace,FALSE
property,TRUE
nature,FALSE
abundance,FALSE
age,FALSE
assess,FALSE
gas,FALSE
#,FALSE
#,FALSE
beta,FALSE
precursor,FALSE
#,FALSE
electromagnetic,FALSE
alpha,FALSE
#,FALSE
nuclei,FALSE
fragment,FALSE
receptor,FALSE
burst,FALSE
ring,FALSE
crystal,FALSE
interfere,FALSE
associate,FALSE
react,FALSE
compete,FALSE
combine,TRUE
merge,FALSE
deal,TRUE
mix,FALSE
coincide,FALSE
coordinate,FALSE
radiation,FALSE
plasma,FALSE
cloud,FALSE
dust,FALSE
other,FALSE
kind,FALSE
combination,FALSE
class,TRUE
phase,TRUE
shape,FALSE
matter,FALSE
phenomenon,FALSE
molecule,FALSE
interaction,FALSE
factor,FALSE
force,TRUE
cause,TRUE
Sun,FALSE
moon,FALSE
wind,FALSE
rain,FALSE
Cloud,FALSE
sky,FALSE
water,FALSE
fire,FALSE
light,TRUE
air,TRUE
night,FALSE
sand,FALSE
snow,FALSE
heat,FALSE
brand,FALSE
market,FALSE
stylize,FALSE
standardize,FALSE
license,FALSE
calculate,FALSE
#,FALSE
#,FALSE
#,FALSE
establish,FALSE
observe,FALSE
specify,TRUE
clock,TRUE
implement,TRUE
initiate,FALSE
temporal,FALSE
global,FALSE
#,FALSE
#,FALSE
#,FALSE
#,FALSE
#,FALSE
although,FALSE
though,FALSE
wireless,FALSE
utilize,FALSE
membership,FALSE
facility,FALSE
password,FALSE
always,FALSE
permanently,FALSE
manually,FALSE
internally,FALSE
engineer,FALSE
mean,TRUE
download,FALSE
chapter,FALSE
paper,TRUE
outline,FALSE
functional,FALSE
exercise,FALSE
movement,FALSE
episode,FALSE
play,TRUE
stop,TRUE
finish,FALSE
score,FALSE
interrupt,FALSE
duration,FALSE
interval,TRUE
travel,FALSE
spend,FALSE
gain,TRUE
consecutive,FALSE
five,FALSE
nautical,FALSE
thousand,FALSE
hundred,FALSE
leap,FALSE
continuous,FALSE
kilometre,FALSE
kilometer,FALSE
remain,TRUE
road,FALSE
ship,FALSE
plant,FALSE
tram,FALSE
boat,FALSE
submarine,FALSE
power,TRUE
propel,FALSE
haul,FALSE
supplement,FALSE
join,FALSE
400,FALSE
25,FALSE
28,FALSE
40,FALSE
200,FALSE
24,FALSE
300,FALSE
250,FALSE
26,FALSE
articulate,FALSE
diesel,FALSE
transit,FALSE
trolley,FALSE
brake,FALSE
Metro,FALSE
feeder,FALSE
engine,FALSE
turbine,FALSE
battery,FALSE
plant,FALSE
difference,TRUE
variation,FALSE
decrease,FALSE
variance,FALSE
orientation,FALSE
elevation,FALSE
difference,TRUE
change,FALSE
magnitude,FALSE
wavelength,FALSE
near,FALSE
principal,FALSE
large,FALSE
secondary,FALSE
natural,FALSE
#,FALSE
sunlight,FALSE
illumination,FALSE
sun,FALSE
moonlight,FALSE
daylight,FALSE
ray,TRUE
sunshine,FALSE
reflect,FALSE
reflect,FALSE
depend,TRUE
project,TRUE
driver,TRUE
vehicle,TRUE
type,TRUE
Model,FALSE
bus,TRUE
car,FALSE
mouse,FALSE
go,TRUE
pass,TRUE
proceed,FALSE
continue,TRUE
look,TRUE
start,TRUE
reach,TRUE
search,TRUE
reach,FALSE
visit,FALSE
find,TRUE
center,FALSE
room,FALSE
channel,FALSE
shop,FALSE
studio,FALSE
lounge,FALSE
collection,FALSE
annual,FALSE
police,FALSE
government,FALSE
census,FALSE
monthly,FALSE
roughly,FALSE
simply,FALSE
pick,FALSE
make,TRUE
back,TRUE
bring,FALSE
sum,FALSE
head,FALSE
network,TRUE
topology,FALSE
adapt,FALSE
extend,TRUE
tailor,FALSE
accelerate,FALSE
deliver,FALSE
network,TRUE
communication,TRUE
telecommunication,FALSE
installation,FALSE
agency,FALSE
team,FALSE
staff,FALSE
department,FALSE
identify,TRUE
review,FALSE
examine,FALSE
own,FALSE
case,TRUE
episode,FALSE
programme,FALSE
incident,FALSE
patient,FALSE
occasion,FALSE
sell,TRUE
market,FALSE
supply,TRUE
electronic,FALSE
special,FALSE
some,FALSE
model,TRUE
statistic,FALSE
most,FALSE
half,FALSE
all,FALSE
unit,TRUE
result,TRUE
number,TRUE
many,FALSE
element,TRUE
solution,FALSE
study,TRUE
extent,FALSE
fraction,FALSE
effort,FALSE
force,TRUE
concentration,FALSE
bandwidth,FALSE
weight,FALSE
attention,FALSE
noise,FALSE
sufficient,FALSE
allocate,FALSE
need,TRUE
enough,FALSE
execute,FALSE
construct,FALSE
repeat,FALSE
verify,FALSE
expression,FALSE
accord,TRUE
prior,FALSE
due,FALSE
lead,TRUE
similarly,FALSE
relate,TRUE
computational,FALSE
formula,FALSE
equation,FALSE
Protocol,FALSE
core,FALSE
platform,FALSE
keyboard,FALSE
link,FALSE
#,FALSE
#,FALSE
get,TRUE
root,FALSE
break,FALSE
game,FALSE
stand,FALSE
boot,FALSE
default,FALSE
patch,FALSE
session,FALSE
download,FALSE
upload,FALSE
build,TRUE
use,TRUE
release,TRUE
follow,TRUE
direct,FALSE
any,FALSE
additional,FALSE
select,FALSE
confirm,FALSE
eight,FALSE
six,FALSE
seven,FALSE
nine,FALSE
ten,FALSE
variant,FALSE
rank,FALSE
division,FALSE
grade,FALSE
weapon,FALSE
mandate,FALSE
priority,FALSE
goal,TRUE
burst,FALSE
mission,FALSE
programme,FALSE
hypothesis,FALSE
amplitude,FALSE
mass,FALSE
utilize,FALSE
collect,FALSE
gather,FALSE
harness,FALSE
exploit,FALSE
leverage,FALSE
employ,TRUE
heat,FALSE
energy,FALSE
emission,FALSE
sample,FALSE
universe,TRUE
galaxy,FALSE
planet,TRUE
own,FALSE
fund,FALSE
cell,TRUE
panel,TRUE
generator,FALSE
collector,FALSE
pump,FALSE
shield,FALSE
contestant,FALSE
introduce,FALSE
#,FALSE
play,FALSE
#,FALSE
bore,FALSE
gamma,FALSE
x,FALSE
cosmic,FALSE
Gamma,FALSE
uv,FALSE
γ,FALSE
L,FALSE
Blu,FALSE
delta,FALSE
beta,FALSE
extinction,FALSE
ray,FALSE
Ray,FALSE
spot,FALSE
shape,FALSE
guide,FALSE
wave,FALSE
observatory,FALSE
#,FALSE
track,TRUE
share,TRUE
easy,FALSE
easy,FALSE
driver,TRUE
robotic,FALSE
NASA,FALSE
navigation,FALSE
viewpoint,FALSE
communicate,FALSE
thrust,FALSE
#,FALSE
attack,FALSE
trigger,TRUE
induce,FALSE
cause,TRUE
administrator,FALSE
lose,FALSE
everything,FALSE
anything,FALSE
enter,TRUE
give,TRUE
possibly,FALSE
therefore,FALSE
thread,FALSE
explanation,FALSE
account,FALSE
understand,FALSE
abstract,FALSE
interpretation,FALSE
comprise,FALSE
contain,TRUE
encompass,FALSE
historical,FALSE
geographic,FALSE
broad,FALSE
conceptual,FALSE
policy,FALSE
theoretical,FALSE
theory,FALSE
plan,FALSE
definition,FALSE
mechanism,TRUE
priority,FALSE
strategy,FALSE
recommendation,FALSE
expectation,FALSE
outcome,FALSE
discussion,FALSE
comparison,FALSE
review,FALSE
catalogue,FALSE
#,FALSE
complex,FALSE
controller,TRUE
organization,FALSE
comprise,TRUE
compose,FALSE
design,FALSE
library,FALSE
accomplish,FALSE
meet,TRUE
fulfill,FALSE
pursue,FALSE
serve,FALSE
realize,FALSE
ambitious,FALSE
state,TRUE
challenge,FALSE
test,TRUE
assignment,FALSE
employ,TRUE
launch,TRUE
gps,FALSE
medical,FALSE
science,TRUE
#,FALSE
#,FALSE
#,FALSE
#,FALSE
#,FALSE
#,FALSE
#,FALSE
#,FALSE
#,FALSE
#,FALSE
#,FALSE
#,FALSE
of,FALSE
DE,FALSE
p,FALSE
in,FALSE
the,FALSE
IV,FALSE
॥,FALSE
museum,FALSE
elevator,FALSE
room,FALSE
entrance,FALSE
tunnel,FALSE
dome,FALSE
door,TRUE
exit,FALSE
opening,FALSE
entrance,FALSE
option,FALSE
accessory,FALSE
metal,FALSE
vertical,FALSE
long,FALSE
bay,FALSE
door,TRUE
cabinet,FALSE
compartment,FALSE
pod,FALSE
slide,FALSE
slide,FALSE
plate,FALSE
trap,FALSE
dual,FALSE
on,FALSE
in,FALSE
set,TRUE
operate,TRUE
use,TRUE
for,FALSE
place,TRUE
movement,FALSE
torque,FALSE
heating,FALSE
exhaust,FALSE
intake,FALSE
fire,FALSE
convection,FALSE
side,FALSE
lense,FALSE
wall,FALSE
feed,FALSE
#,FALSE
#,FALSE
#,FALSE
crew,FALSE
incorporate,FALSE
adopt,FALSE
evolve,FALSE
dub,FALSE
term,TRUE
title,FALSE
entitle,FALSE
resemble,FALSE
improvement,FALSE
resistance,FALSE
strength,FALSE
pronounce,FALSE
alia,FALSE
AI,FALSE
kit,FALSE
thermal,FALSE
ceramic,FALSE
drum,FALSE
wheel,FALSE
valve,FALSE
assembly,FALSE
without,FALSE
integral,FALSE
compensation,FALSE
tolerance,FALSE
transform,FALSE
approximation,FALSE
officer,FALSE
sponsor,FALSE
supporter,FALSE
affiliate,FALSE
leader,FALSE
branch,FALSE
candidate,FALSE
policy,FALSE
depict,FALSE
exhibit,FALSE
specie,FALSE
band,FALSE
tree,FALSE
boundary,FALSE
relationship,FALSE
border,FALSE
evolution,FALSE
relation,FALSE
file,TRUE
directory,FALSE
hierarchy,FALSE
meta,FALSE
publishing,FALSE
master,FALSE
security,FALSE
subsequent,FALSE
knowledge,FALSE
discovery,FALSE
enforcement,FALSE
audit,FALSE
aspect,FALSE
particle,FALSE
possess,FALSE
damage,FALSE
disturbance,FALSE
interference,FALSE
certain,FALSE
response,FALSE
wave,FALSE
valve,FALSE
deep,FALSE
oil,FALSE
fluid,FALSE
liquid,FALSE
discharge,FALSE
regulator,FALSE
relief,FALSE
sensitive,FALSE
#,FALSE
wait,FALSE
continue,TRUE
remain,TRUE
begin,TRUE
risk,FALSE
#,FALSE
#,FALSE
#,FALSE
#,FALSE
penalty,FALSE
#,FALSE
exceed,FALSE
meet,FALSE
raise,FALSE
attain,FALSE
satisfy,FALSE
break,FALSE
surpass,FALSE
exhaust,FALSE
lower,TRUE
rest,FALSE
validity,FALSE
vote,FALSE
wait,FALSE
criterion,FALSE
fulfil,FALSE
coordination,FALSE
administration,FALSE
surveillance,FALSE
demand,FALSE
television,FALSE
unknown,FALSE
detect,TRUE
programmer,FALSE
conduct,FALSE
put,FALSE
mathematical,FALSE
probability,FALSE
attack,FALSE
transformation,FALSE
current,FALSE
energy,FALSE
propulsion,FALSE
#,FALSE
#,FALSE
force,FALSE
swift,FALSE
science,FALSE
wave,FALSE
research,FALSE
flight,FALSE
incorporate,FALSE
evaluate,FALSE
demonstrate,FALSE
discover,FALSE
identify,TRUE
acquire,FALSE
prove,FALSE
learn,FALSE
demonstrate,FALSE
#,FALSE
#,FALSE
undertake,FALSE
begin,TRUE
launch,TRUE
demonstration,FALSE
trial,FALSE
subject,TRUE
plan,TRUE
upcoming,FALSE
inaugural,FALSE
nearly,FALSE
ongoing,FALSE
month,TRUE
decade,FALSE
week,FALSE
season,FALSE
fold,FALSE
quarter,FALSE
campaign,FALSE
career,FALSE
journey,FALSE
agent,FALSE
fetch,FALSE
supply,FALSE
modify,FALSE
import,FALSE
call,TRUE
log,FALSE
retrieve,FALSE
edit,TRUE
transform,FALSE
compress,FALSE
extract,FALSE
insert,FALSE
copy,TRUE
import,FALSE
end,TRUE
wire,FALSE
cool,TRUE
heat,FALSE
pump,FALSE
appliance,FALSE
low,FALSE
drop,TRUE
transition,FALSE
limit,TRUE
normally,FALSE
website,FALSE
involve,TRUE
convert,FALSE
cut,TRUE
electricity,FALSE
fuel,FALSE
hydrogen,FALSE
cable,FALSE
wire,FALSE
bridge,FALSE
vehicle,FALSE
road,FALSE
protect,TRUE
save,TRUE
prevent,FALSE
keep,TRUE
defend,FALSE
help,TRUE
prevent,TRUE
boiler,FALSE
damage,TRUE
destroy,FALSE
overwhelm,FALSE
disrupt,FALSE
contaminate,FALSE
disturb,FALSE
weaken,FALSE
compromise,FALSE
impact,FALSE
wind,FALSE
fire,FALSE
they,FALSE
he,FALSE
these,FALSE
one,FALSE
player,FALSE
we,FALSE
you,FALSE
user,TRUE
she,FALSE
vary,TRUE
ramp,FALSE
gradient,FALSE
rise,FALSE
constant,FALSE
reaction,FALSE
burn,FALSE
potential,FALSE
lock,FALSE
consortium,FALSE
institute,FALSE
collaboration,FALSE
integrate,TRUE
share,TRUE
inherit,FALSE
replace,TRUE
retain,FALSE
aforementione,FALSE
radar,FALSE
Glass,FALSE
camera,FALSE
satellite,FALSE
carbon,FALSE
physics,FALSE
vision,FALSE
solar,FALSE
tel,FALSE
at,FALSE
CT,FALSE
bt,FALSE
ST,FALSE
SAT,FALSE
use,TRUE
and,FALSE
but,FALSE
need,TRUE
work,TRUE
working,FALSE
usually,FALSE
sometimes,FALSE
testing,FALSE
maintenance,FALSE
test,FALSE
test,TRUE
integration,FALSE
trial,FALSE
development,FALSE
analysis,FALSE
access,FALSE
assembly,FALSE
install,FALSE
inspect,FALSE
high,FALSE
rating,FALSE
apply,TRUE
develop,TRUE
evaluate,FALSE
achieve,FALSE
report,TRUE
basis,FALSE
journal,FALSE
enhance,TRUE
promote,FALSE
revision,FALSE
preparation,FALSE
availability,FALSE
month,FALSE
week,FALSE
#,FALSE
percent,FALSE
oxygen,FALSE
heroin,FALSE
waste,FALSE
gold,FALSE
circulation,FALSE
co₂,FALSE
glucose,FALSE
battery,FALSE
charge,TRUE
#,FALSE
sic,FALSE
1998,FALSE
1995,FALSE
1994,FALSE
1997,FALSE
1992,FALSE
1990,FALSE
1996,FALSE
1991,FALSE
1999,FALSE
1993,FALSE
catalog,FALSE
1,FALSE
95,FALSE
correspondence,FALSE
distinction,FALSE
configuration,TRUE
edition,FALSE
alert,FALSE
barrier,FALSE
warn,FALSE
successful,FALSE
warning,FALSE
broadcast,FALSE
route,FALSE
dispatch,FALSE
pilot,FALSE
personnel,FALSE
public,FALSE
recipient,FALSE
patient,FALSE
FCC,FALSE
FAA,FALSE
forwards,FALSE
assign,FALSE
latitude,FALSE
planet,FALSE
radiate,FALSE
microwave,FALSE
artificial,FALSE
coherent,FALSE
static,FALSE
solar,FALSE
fiction,FALSE
news,FALSE
advance,FALSE
build,TRUE
red,FALSE
extra,FALSE
calendar,FALSE
#,FALSE
#,FALSE
lamp,FALSE
distance,TRUE
compare,TRUE
relative,FALSE
exact,FALSE
adult,FALSE
problem,TRUE
child,FALSE
woman,FALSE
variation,FALSE
change,TRUE
student,FALSE
rare,FALSE
uncommon,FALSE
address,TRUE
inherent,FALSE
note,TRUE
#,FALSE
battle,FALSE
playable,FALSE
member,FALSE
#,FALSE
z,FALSE
xi,FALSE
xi,FALSE
Band,FALSE
stream,FALSE
body,FALSE
ridge,FALSE
gate,FALSE
charge,FALSE
transfer,TRUE
resolution,FALSE
move,TRUE
field,FALSE
direct,FALSE
flash,FALSE
effect,FALSE
ion,FALSE
circuit,FALSE
survey,FALSE
motion,FALSE
image,FALSE
domain,FALSE
experiment,FALSE
range,FALSE
structure,FALSE
mass,FALSE
absorption,FALSE
aim,FALSE
aim,FALSE
ion,FALSE
domain,FALSE
landscape,FALSE
horizon,FALSE
expanse,FALSE
span,FALSE
extend,TRUE
axis,FALSE
direction,FALSE
peak,FALSE
centimeter,FALSE
separation,FALSE
physic,FALSE
diameter,FALSE
Europe,FALSE
archive,FALSE
lab,FALSE
currently,FALSE
astronomical,FALSE
finding,TRUE
photograph,FALSE
photo,FALSE
picture,FALSE
signature,FALSE
profile,FALSE
pollution,FALSE
beam,FALSE
count,TRUE
exit,FALSE
outer,FALSE
passenger,FALSE
button,FALSE
lock,FALSE
gear,FALSE
speaker,FALSE
2008,FALSE
2003,FALSE
2004,FALSE
2000,FALSE
2006,FALSE
2002,FALSE
search,FALSE
investigation,FALSE
treatment,FALSE
recovery,FALSE
safety,FALSE
rescue,FALSE
assessment,FALSE
evaluation,FALSE
protection,FALSE
prevention,FALSE
trial,FALSE
Unix,FALSE
package,TRUE
ship,FALSE
bundle,FALSE
couple,FALSE
specialize,FALSE
utility,FALSE
allocation,FALSE
share,TRUE
finally,FALSE
eventually,FALSE
hence,FALSE
make,TRUE
open,TRUE
hold,TRUE
from,FALSE
launch,TRUE
stop,FALSE
style,FALSE
inspection,FALSE
separate,TRUE
remove,FALSE
steal,FALSE
derive,FALSE
learn,FALSE
menu,FALSE
pc,FALSE
card,FALSE
encode,FALSE
accessible,FALSE
flight,FALSE
training,FALSE
manage,TRUE
transfer,TRUE
save,FALSE
organize,TRUE
analyze,FALSE
emergency,FALSE
edge,FALSE
editing,FALSE
find,FALSE
rule,TRUE
point,TRUE
standard,TRUE
reliability,FALSE
icon,FALSE
bar,FALSE
gallery,FALSE
sound,FALSE
bay,FALSE
consumer,FALSE
personal,FALSE
Suite,FALSE
divide,TRUE
split,TRUE
categorize,FALSE
subdivide,FALSE
organise,FALSE
sort,FALSE
arrange,FALSE
pack,FALSE
half,FALSE
addition,TRUE
inclusion,FALSE
consumption,FALSE
appearance,FALSE
analyze,FALSE
manipulate,FALSE
examine,FALSE
invert,FALSE
ignore,FALSE
ambient,FALSE
synthesizer,FALSE
#,FALSE
music,FALSE
art,FALSE
education,FALSE
colour,FALSE
award,FALSE
Games,FALSE
art,FALSE
direction,FALSE
record,FALSE
language,FALSE
translation,FALSE
extension,FALSE
attribute,FALSE
consideration,FALSE
quality,FALSE
contribute,FALSE
lead,TRUE
look,TRUE
appeal,FALSE
tend,TRUE
integrity,FALSE
flexibility,FALSE
comfort,FALSE
fundamental,FALSE
commercial,FALSE
proprietary,FALSE
ease,FALSE
safe,FALSE
complexity,FALSE
progress,FALSE
function,TRUE
approach,TRUE
computer,TRUE
early,FALSE
arrow,FALSE
dash,FALSE
blue,FALSE
say,TRUE
spell,FALSE
danger,FALSE
short,FALSE
fly,FALSE
yard,FALSE
radius,FALSE
#,FALSE
class,FALSE
level,TRUE
part,TRUE
version,FALSE
schedule,FALSE
chapter,FALSE
category,FALSE
certification,FALSE
ICAO,FALSE
rfc,FALSE
period,FALSE
interval,FALSE
daytime,FALSE
weekday,FALSE
wheel,FALSE
leg,FALSE
car,FALSE
elevator,FALSE
locomotive,FALSE
solution,FALSE
#,FALSE
bulb,FALSE
bed,FALSE
microphone,FALSE
fiber,FALSE
fibre,FALSE
film,FALSE
printer,FALSE
#,FALSE
#,FALSE
press,FALSE
seat,FALSE
#,FALSE
#,FALSE
#,FALSE
press,FALSE
#,FALSE
surround,FALSE
follow,TRUE
#,FALSE
state,FALSE
aluminum,FALSE
#,FALSE
oxide,FALSE
#,FALSE
pump,FALSE
reactor,FALSE
compensate,FALSE
cater,FALSE
prepare,FALSE
accommodate,FALSE
care,FALSE
wait,FALSE
undertake,FALSE
raise,FALSE
embed,FALSE
communicating,FALSE
share,TRUE
acquisition,FALSE
compilation,FALSE
pull,FALSE
dial,FALSE
#,FALSE
50,FALSE
12,FALSE
variant,FALSE
transport,FALSE
bring,TRUE
artifact,FALSE
charge,TRUE
combine,TRUE
0,FALSE
30,FALSE
lamp,FALSE
eye,FALSE
spring,FALSE
lid,FALSE
cap,FALSE
open,TRUE
atmospheric,FALSE
interior,FALSE
chamber,FALSE
atmosphere,FALSE
vapor,FALSE
old,FALSE
negative,FALSE
magnetic,FALSE
fact,FALSE
reason,FALSE
figure,FALSE
section,TRUE
step,TRUE
clause,FALSE
remainder,FALSE
write,FALSE
plug,FALSE
design,TRUE
make,FALSE
find,FALSE
put,FALSE
sit,FALSE
logical,FALSE
building,TRUE
bear,FALSE
create,TRUE
#,FALSE
amplifi,FALSE
moderate,FALSE
limit,FALSE
rate,TRUE
theorem,FALSE
permit,FALSE
temporary,FALSE
delay,FALSE
minor,FALSE
premature,FALSE
disorder,FALSE
incident,FALSE
decision,FALSE
refer,TRUE
submit,FALSE
subject,TRUE
article,FALSE
title,FALSE
stage,FALSE
rule,FALSE
phase,FALSE
volume,FALSE
exist,TRUE
seek,FALSE
act,FALSE
attempt,FALSE
advance,FALSE
inform,FALSE
govern,FALSE
influence,FALSE
oversee,FALSE
conception,FALSE
formulation,FALSE
tell,FALSE
rotate,FALSE
tiny,FALSE
spherical,FALSE
circular,FALSE
transport,FALSE
absorb,FALSE
scatter,FALSE
electron,FALSE
gravity,FALSE
bottom,FALSE
inside,FALSE
#,FALSE
delay,FALSE
#,FALSE
rate,TRUE
slow,FALSE
board,FALSE
cause,TRUE
excessive,FALSE
rapid,FALSE
periodic,FALSE
slight,FALSE
playback,FALSE
activation,FALSE
encourage,FALSE
leave,TRUE
lead,TRUE
leave,TRUE
strike,FALSE
freeze,FALSE
empty,FALSE
burn,FALSE
roll,FALSE
drop,TRUE
wear,FALSE
fall,TRUE
observe,FALSE
Galileo,FALSE
Venus,FALSE
saturn,FALSE
lunar,FALSE
arc,FALSE
metric,FALSE
become,FALSE
accompany,TRUE
constitute,FALSE
encode,FALSE
terminal,FALSE
node,FALSE
interfere,FALSE
conflict,FALSE
conflict,FALSE
mess,FALSE
confusion,FALSE
break,FALSE
compromise,FALSE
trouble,FALSE
interact,FALSE
question,FALSE
command,FALSE
reply,FALSE
privilege,FALSE
#,FALSE
#,FALSE
#,FALSE
meaning,FALSE
booklet,FALSE
freedom,FALSE
pursuit,FALSE
area,FALSE
advancement,FALSE
goal,FALSE
certificate,FALSE
equality,FALSE
quality,FALSE
People,FALSE
right,FALSE
degree,FALSE
defense,FALSE
source,TRUE
review,FALSE
documentation,FALSE
description,FALSE
receiver,TRUE
or,FALSE
as,FALSE
EP,FALSE
ET,FALSE
AP,FALSE
rca,FALSE
EMI,FALSE
be,FALSE
arrangement,FALSE
still,FALSE
fail,FALSE
such,FALSE
two,FALSE
several,FALSE
various,FALSE
different,FALSE
both,FALSE
three,FALSE
appearance,FALSE
match,TRUE
ground,FALSE
arrangement,FALSE
official,FALSE
duty,FALSE
mid,FALSE
tight,FALSE
induce,FALSE
predict,FALSE
circle,FALSE
horizontal,FALSE
focal,FALSE
secure,FALSE
outside,FALSE
bathroom,FALSE
hatch,FALSE
touch,FALSE
curtain,FALSE
viewer,FALSE
#,FALSE
#,FALSE
#,FALSE
#,FALSE
#,FALSE
#,FALSE
#,FALSE
#,FALSE
#,FALSE
valid,FALSE
foreign,FALSE
blank,FALSE
tag,FALSE
type,TRUE
denote,FALSE
revenue,FALSE
economic,FALSE
trade,FALSE
population,FALSE
cash,FALSE
financial,FALSE
income,FALSE
employment,FALSE
investment,FALSE
exchange,FALSE
turnover,FALSE
national,FALSE
county,FALSE
prefecture,FALSE
size,FALSE
pass,TRUE
drag,FALSE
conduct,FALSE
utilize,FALSE
drive,TRUE
capsule,FALSE
string,TRUE
chain,FALSE
succession,FALSE
constellation,FALSE
trilogy,FALSE
sky,FALSE
orbital,FALSE
astronomy,FALSE
reconnaissance,FALSE
rocket,FALSE
era,FALSE
century,FALSE
photography,FALSE
copyright,FALSE
hand,FALSE
wise,FALSE
pertain,FALSE
majority,FALSE
bulk,FALSE
sum,FALSE
entirety,FALSE
late,FALSE
recent,FALSE
portion,FALSE
assumption,FALSE
jump,FALSE
trip,FALSE
attacker,FALSE
fragment,FALSE
ready,FALSE
return,TRUE
app,FALSE
launcher,FALSE
expand,FALSE
boost,FALSE
n,FALSE
tall,FALSE
aspect,FALSE
completely,FALSE
#,FALSE
score,FALSE
verify,FALSE
assess,FALSE
real,FALSE
patch,FALSE
back,TRUE
start,FALSE
fly,FALSE
every,FALSE
well,FALSE
essential,FALSE
recommend,FALSE
cluster,FALSE
registration,FALSE
patch,FALSE
panel,FALSE
gallery,FALSE
line,TRUE
drawing,FALSE
picture,FALSE
group,FALSE
view,TRUE
sketch,FALSE
timeline,FALSE
turbine,FALSE
#,FALSE
tank,FALSE
companion,FALSE
coil,FALSE
end,TRUE
shell,FALSE
zone,FALSE
melt,FALSE
adjust,FALSE
differential,FALSE
path,FALSE
miss,FALSE
correct,FALSE
compiler,FALSE
result,TRUE
culminate,FALSE
aid,FALSE
persist,FALSE
participate,FALSE
accumulate,FALSE
participate,FALSE
assist,FALSE
recall,FALSE
readiness,FALSE
consideration,FALSE
boat,FALSE
brake,FALSE
vessel,FALSE
second,FALSE
chance,FALSE
likelihood,FALSE
inch,FALSE
explosion,FALSE
eclipse,FALSE
moon,FALSE
strike,FALSE
success,FALSE
survival,FALSE
acceptance,FALSE
drop,TRUE
fall,TRUE
increase,TRUE
decrease,FALSE
reduce,TRUE
decline,FALSE
rise,TRUE
grow,FALSE
slow,FALSE
climb,FALSE
slip,FALSE
diminish,FALSE
treat,FALSE
entity,FALSE
matrix,FALSE
advantage,TRUE
asset,FALSE
ingredient,FALSE
innovation,FALSE
constituent,FALSE
characteristic,TRUE
info,FALSE
intelligence,FALSE
footage,FALSE
imagery,FALSE
submit,FALSE
Chart,FALSE
page,TRUE
number,TRUE
decay,FALSE
speciman,FALSE
q,FALSE
flux,FALSE
dip,FALSE
go,TRUE
sink,FALSE
descend,FALSE
lighting,FALSE
outlet,FALSE
etc,FALSE
task,FALSE
traffic,FALSE
technology,TRUE
transit,FALSE
transport,FALSE
tactical,FALSE
growth,FALSE
attendance,FALSE
literacy,FALSE
heart,FALSE
birth,FALSE
unemployment,FALSE
completion,FALSE
mortality,FALSE
graduation,FALSE
guide,FALSE
handbook,FALSE
Database,FALSE
17,FALSE
f,FALSE
treat,FALSE
#,FALSE
english,FALSE
diagnostic,FALSE
tolerant,FALSE
prone,FALSE
analysis,TRUE
scenario,FALSE
plan,FALSE
nuclear,FALSE
situation,FALSE
combat,FALSE
conflict,FALSE
simulate,FALSE
draw,FALSE
echo,FALSE
transform,FALSE
view,TRUE
prepare,FALSE
apply,TRUE
attach,FALSE
relay,FALSE
watch,FALSE
real,FALSE
regular,FALSE
its,FALSE
experimental,FALSE
normal,FALSE
his,FALSE
their,FALSE
statistical,FALSE
acoustic,FALSE
transmission,FALSE
broadcast,FALSE
route,FALSE
promotion,FALSE
warning,FALSE
differ,TRUE
differ,TRUE
differ,TRUE
distinguish,FALSE
contrast,TRUE
differentiate,FALSE
depart,FALSE
prediction,FALSE
accept,FALSE
process,FALSE
incident,FALSE
event,FALSE
operation,FALSE
recognition,FALSE
reception,FALSE
export,FALSE
delivery,FALSE
0,FALSE
500,FALSE
revise,FALSE
expand,FALSE
#,FALSE
fast,FALSE
knob,FALSE
depend,FALSE
mile,FALSE
pay,FALSE
shoot,FALSE
property,FALSE
license,FALSE
restore,FALSE
clear,FALSE
wealth,FALSE
lot,FALSE
pool,FALSE
animation,FALSE
keep,TRUE
begin,TRUE
collect,TRUE
examine,FALSE
dot,FALSE
scene,FALSE
capture,FALSE
photograph,FALSE
render,FALSE
search,TRUE
exchange,FALSE
trade,FALSE
#,FALSE
bring,TRUE
present,FALSE
give,TRUE
advice,FALSE
program,TRUE
communication,TRUE
letter,FALSE
line,TRUE
code,FALSE
u,FALSE
o,FALSE
m,FALSE
request,FALSE
translate,FALSE
word,TRUE
loop,FALSE
bus,TRUE
keep,TRUE
agreement,FALSE
#,FALSE
#,FALSE
#,FALSE
#,FALSE
#,FALSE
#,FALSE
#,FALSE
#,FALSE
#,FALSE
#,FALSE
#,FALSE
layout,FALSE
enclose,FALSE
ii,FALSE
w,FALSE
III,FALSE
opening,FALSE
first,FALSE
final,FALSE
single,FALSE
second,FALSE
dance,FALSE
film,FALSE
piano,FALSE
third,FALSE
original,FALSE
disc,FALSE
track,FALSE
episode,FALSE
Act,FALSE
season,FALSE
book,FALSE
want,TRUE
wish,FALSE
choose,FALSE
refuse,FALSE
listen,FALSE
commit,FALSE
knock,FALSE
break,TRUE
seal,FALSE
bounce,FALSE
terminate,FALSE
block,FALSE
destroy,FALSE
prevent,FALSE
eliminate,FALSE
violate,FALSE
free,TRUE
affect,TRUE
route,FALSE
end,TRUE
respond,FALSE
issue,FALSE
aircraft,FALSE
those,FALSE
area,TRUE
problem,TRUE
already,FALSE
happen,TRUE
successfully,FALSE
go,TRUE
premise,FALSE
resolve,FALSE
repair,FALSE
avoid,FALSE
cure,FALSE
surgery,FALSE
succeed,FALSE
lose,FALSE
cd,FALSE
prize,FALSE
win,FALSE
department,FALSE
team,FALSE
year,TRUE
word,TRUE
name,TRUE
track,TRUE
bracket,FALSE
bold,FALSE
italic,FALSE
yellow,FALSE
green,FALSE
black,FALSE
white,FALSE
denote,FALSE
assistant,FALSE
child,FALSE
count,FALSE
merge,FALSE
match,FALSE
correlate,FALSE
mixed,FALSE
blend,FALSE
fuse,FALSE
rise,TRUE
grow,FALSE
descend,FALSE
#,FALSE
#,FALSE
#,FALSE
music,FALSE
jump,FALSE
stick,FALSE
chapter,FALSE
namely,FALSE
especially,FALSE
notably,FALSE
detail,TRUE
define,TRUE
indicator,FALSE
assessment,FALSE
threat,FALSE
accident,FALSE
hazard,FALSE
rescue,FALSE
interception,FALSE
insertion,FALSE
brief,FALSE
special,FALSE
pass,TRUE
listener,FALSE
student,FALSE
Congress,FALSE
#,FALSE
#,FALSE
#,FALSE
#,FALSE
#,FALSE
#,FALSE
restore,FALSE
convey,FALSE
electric,FALSE
electrical,FALSE
mechanical,FALSE
electricity,FALSE
industrial,FALSE
electro,FALSE
bio,FALSE
micro,FALSE
semi,FALSE
gasoline,FALSE
quasi,FALSE
refrigerator,FALSE
cool,TRUE
#,FALSE
interchange,FALSE
work,TRUE
price,FALSE
sink,FALSE
increase,TRUE
bell,FALSE
lever,FALSE