team,TRUE
people,FALSE
expert,FALSE
individual,TRUE
employee,FALSE
member,FALSE
agent,FALSE
company,TRUE
group,TRUE
officer,TRUE
staff,FALSE
engineer,FALSE
volunteer,FALSE
professional,FALSE
scientist,FALSE
develop,TRUE
manage,TRUE
run,TRUE
maintain,TRUE
create,TRUE
monitor,TRUE
design,TRUE
instal,TRUE
operate,TRUE
execute,TRUE
implement,TRUE
use,TRUE
programming,TRUE
deliver,FALSE
control,TRUE
system,TRUE
system,TRUE
software,TRUE
technology,TRUE
network,TRUE
environment,TRUE
brain,FALSE
process,TRUE
program,TRUE
robot,FALSE
device,TRUE
equipment,TRUE
machine,TRUE
solution,TRUE
application,TRUE
work,TRUE
interact,TRUE
cooperate,FALSE
help,TRUE
communicate,FALSE
collaborate,FALSE
assist,FALSE
coordinate,FALSE
consult,FALSE
interfere,FALSE
deal,FALSE
partner,FALSE
stay,FALSE
engage,FALSE
comply,FALSE
computer,TRUE
hardware,TRUE
project,TRUE
server,TRUE
ensure,TRUE
verify,FALSE
assure,FALSE
confirm,FALSE
check,TRUE
show,TRUE
see,TRUE
prove,FALSE
demonstrate,FALSE
indicate,FALSE
guarantee,TRUE
know,TRUE
determine,TRUE
find,TRUE
maintain,TRUE
function,TRUE
maintain,TRUE
implement,TRUE
run,TRUE
use,TRUE
work,TRUE
execute,TRUE
manage,TRUE
operate,TRUE
develop,TRUE
instal,TRUE
deliver,FALSE
do,TRUE
provide,TRUE
form,TRUE
maintain,TRUE
define,TRUE
represent,FALSE
comprise,FALSE
support,TRUE
provide,TRUE
contain,TRUE
interface,TRUE
link,TRUE
connection,TRUE
interface,TRUE
link,TRUE
communication,TRUE
connectivity,FALSE
bridge,FALSE
integration,TRUE
separation,FALSE
connection,TRUE
interaction,TRUE
difference,FALSE
communication,TRUE
couple,FALSE
monitor,FALSE
system,FALSE
network,FALSE
facility,FALSE
unit,FALSE
center,FALSE
control,FALSE
monitor,TRUE
program,FALSE
module,TRUE
server,FALSE
board,FALSE
platform,TRUE
service,FALSE
include,TRUE
require,TRUE
concern,FALSE
allow,TRUE
cover,FALSE
mean,TRUE
involve,FALSE
affect,FALSE
leave,FALSE
remove,TRUE
create,TRUE
include,TRUE
encompasse,FALSE
item,TRUE
object,FALSE
device,TRUE
file,TRUE
material,TRUE
part,TRUE
datum,TRUE
document,TRUE
component,TRUE
application,TRUE
module,TRUE
site,FALSE
element,TRUE
image,FALSE
nature,FALSE
limitation,FALSE
size,FALSE
appearance,FALSE
property,FALSE
condition,TRUE
location,TRUE
characteristic,FALSE
state,TRUE
weight,FALSE
proximity,FALSE
dimension,FALSE
status,FALSE
structure,FALSE
presence,FALSE
use,TRUE
store,TRUE
carry,FALSE
purchase,FALSE
access,TRUE
need,TRUE
transport,FALSE
provide,TRUE
obtain,TRUE
require,TRUE
keep,TRUE
wear,FALSE
acquire,FALSE
take,TRUE
storage,TRUE
sale,FALSE
production,FALSE
delivery,FALSE
disposal,FALSE
assembly,FALSE
collection,FALSE
availability,TRUE
consumption,FALSE
manufacture,FALSE
display,TRUE
engineer,TRUE
scientist,FALSE
researcher,TRUE
officer,FALSE
user,TRUE
staff,FALSE
agent,FALSE
soldier,FALSE
team,FALSE
worker,FALSE
driver,FALSE
engineer,TRUE
system,TRUE
scientist,FALSE
researcher,TRUE
technician,FALSE
vendor,FALSE
manufacturer,FALSE
other,FALSE
contractor,FALSE
developer,FALSE
designer,FALSE
customer,TRUE
manager,FALSE
operator,FALSE
user,TRUE
administrator,TRUE
develop,TRUE
possess,FALSE
utilize,FALSE
create,TRUE
receive,TRUE
employ,FALSE
deploy,TRUE
include,TRUE
time,TRUE
permission,FALSE
resource,TRUE
expertise,FALSE
facility,FALSE
authorization,FALSE
capability,TRUE
certification,FALSE
tool,TRUE
capability,TRUE
information,TRUE
detect,FALSE
track,TRUE
control,TRUE
identify,TRUE
locate,TRUE
connect,TRUE
install,TRUE
operate,TRUE
manage,TRUE
build,TRUE
map,TRUE
test,TRUE
analyze,FALSE
remove,TRUE
repair,FALSE
modify,FALSE
#,FALSE
#,FALSE
#,FALSE
#,FALSE
#,FALSE
#,FALSE
#,FALSE
#,FALSE
#,FALSE
#,FALSE
#,FALSE
#,FALSE
#,FALSE
#,FALSE
layer,TRUE
installation,TRUE
network,TRUE
configuration,TRUE
node,FALSE
switch,FALSE
operation,TRUE
structure,TRUE
location,TRUE
sensor,FALSE
source,TRUE
control,TRUE
area,TRUE
computer,TRUE
server,TRUE
ability,TRUE
power,TRUE
capacity,TRUE
potential,TRUE
opportunity,TRUE
right,TRUE
option,FALSE
facility,TRUE
possibility,FALSE
automatically,FALSE
quickly,FALSE
directly,FALSE
immediately,FALSE
remotely,FALSE
instantly,FALSE
easily,FALSE
direct,FALSE
rapidly,FALSE
simply,FALSE
secure,FALSE
periodically,FALSE
continuously,FALSE
code,TRUE
tolerance,FALSE
installation,FALSE
site,TRUE
source,TRUE
all,FALSE
the,FALSE
these,FALSE
both,FALSE
various,FALSE
standard,FALSE
new,FALSE
test,TRUE
some,FALSE
additional,FALSE
basic,FALSE
advanced,FALSE
key,FALSE
command,TRUE
command,TRUE
instruction,TRUE
logic,TRUE
function,TRUE
processing,TRUE
input,TRUE
input,TRUE
signal,TRUE
operation,TRUE
translation,FALSE
additional,FALSE
correspond,FALSE
specific,FALSE
new,FALSE
associate,FALSE
equivalent,FALSE
execution,FALSE
parameter,TRUE
code,TRUE
unit,TRUE
channel,FALSE
procedure,FALSE
import,FALSE
derive,FALSE
take,TRUE
translate,FALSE
extract,FALSE
copy,TRUE
obtain,TRUE
export,FALSE
compile,FALSE
download,FALSE
transmit,FALSE
transfer,TRUE
remove,TRUE
supply,FALSE
available,FALSE
unit,TRUE
team,TRUE
database,TRUE
library,FALSE
group,TRUE
manner,FALSE
format,TRUE
language,TRUE
form,TRUE
way,TRUE
mode,TRUE
configuration,TRUE
fashion,FALSE
direction,FALSE
method,TRUE
sequence,FALSE
package,FALSE
implementation,TRUE
usage,TRUE
analysis,TRUE
deployment,FALSE
inspection,FALSE
evaluation,FALSE
transmission,TRUE
testing,FALSE
element,TRUE
instrument,FALSE
tool,TRUE
point,TRUE
component,TRUE
item,FALSE
feature,TRUE
factor,FALSE
parameter,TRUE
function,TRUE
reference,FALSE
observatory,FALSE
observe,FALSE
clock,TRUE
telescope,FALSE
radiation,FALSE
light,FALSE
datum,FALSE
astronomy,FALSE
satellite,FALSE
observation,TRUE
astronomical,FALSE
field,TRUE
department,FALSE
class,FALSE
see,TRUE
compare,FALSE
state,TRUE
statistical,FALSE
statistical,FALSE
include,TRUE
insurance,FALSE
#,FALSE
#,FALSE
#,FALSE
#,FALSE
maintenance,TRUE
part,TRUE
#,FALSE
#,FALSE
rate,TRUE
count,FALSE
coefficient,FALSE
rate,TRUE
count,FALSE
coefficient,FALSE
ratio,FALSE
table,TRUE
value,TRUE
statistic,FALSE
auto,FALSE
sample,FALSE
vehicle,TRUE
error,TRUE
cell,FALSE
body,FALSE
log,FALSE
product,FALSE
line,TRUE
variable,TRUE
indicator,FALSE
product,TRUE
factor,FALSE
process,TRUE
version,TRUE
port,TRUE
approach,TRUE
step,FALSE
window,FALSE
allow,TRUE
account,FALSE
support,TRUE
enable,TRUE
serve,TRUE
call,TRUE
exist,TRUE
search,FALSE
manipulation,FALSE
modification,FALSE
movement,FALSE
expansion,FALSE
share,TRUE
optimization,FALSE
development,TRUE
exploration,FALSE
underlie,FALSE
game,FALSE
graphic,FALSE
virtual,FALSE
host,FALSE
external,FALSE
table,TRUE
layer,TRUE
object,FALSE
logical,FALSE
file,TRUE
physical,FALSE
graphical,FALSE
memory,TRUE
design,TRUE
circuit,FALSE
view,FALSE
also,FALSE
#,FALSE
type,TRUE
describe,FALSE
show,TRUE
discuss,FALSE
list,TRUE
mention,FALSE
give,TRUE
illustrate,FALSE
outline,FALSE
define,TRUE
present,TRUE
company,TRUE
user,TRUE
owner,FALSE
administrator,FALSE
agency,FALSE
administrator,TRUE
player,FALSE
organization,FALSE
contractor,FALSE
operator,FALSE
entity,FALSE
employer,FALSE
authority,FALSE
discretion,FALSE
jurisdiction,FALSE
power,TRUE
responsibility,FALSE
duty,FALSE
right,TRUE
privilege,FALSE
exclude,FALSE
separate,TRUE
withdraw,FALSE
dismiss,FALSE
extract,FALSE
release,TRUE
transfer,TRUE
select,TRUE
free,TRUE
eliminate,FALSE
ban,FALSE
person,FALSE
name,TRUE
child,FALSE
copy,FALSE
member,FALSE
bug,FALSE
page,FALSE
virus,FALSE
student,FALSE
website,FALSE
app,FALSE
register,FALSE
list,TRUE
internet,TRUE
research,TRUE
documentation,TRUE
material,FALSE
proposal,FALSE
article,FALSE
document,TRUE
discussion,FALSE
content,TRUE
base,TRUE
build,TRUE
focus,FALSE
found,FALSE
dependent,FALSE
construct,FALSE
center,FALSE
expand,FALSE
draw,FALSE
base,TRUE
build,TRUE
model,TRUE
contingent,FALSE
rely,FALSE
write,TRUE
report,TRUE
finding,FALSE
statement,FALSE
note,FALSE
concept,FALSE
idea,FALSE
principle,FALSE
knowledge,FALSE
definition,FALSE
recommendation,FALSE
conclusion,FALSE
specification,FALSE
comment,FALSE
suggestion,FALSE
reference,FALSE
observation,FALSE
start,TRUE
action,TRUE
command,FALSE
alpha,FALSE
active,FALSE
security,TRUE
support,TRUE
knowledge,FALSE
message,TRUE
message,TRUE
certificate,FALSE
number,TRUE
packet,FALSE
label,FALSE
warning,FALSE
record,FALSE
result,TRUE
stamp,FALSE
mark,FALSE
print,FALSE
charge,FALSE
label,FALSE
label,FALSE
sign,FALSE
stamp,FALSE
number,TRUE
correlate,FALSE
date,TRUE
issue,TRUE
brand,FALSE
check,FALSE
generation,FALSE
arrival,FALSE
response,TRUE
reaction,FALSE
life,TRUE
recovery,FALSE
propagation,FALSE
creation,FALSE
cycle,FALSE
number,TRUE
signal,TRUE
date,TRUE
value,TRUE
point,TRUE
failure,TRUE
return,TRUE
fault,TRUE
delay,FALSE
loss,FALSE
fail,FALSE
termination,FALSE
correction,FALSE
reverse,FALSE
accident,FALSE
penalty,FALSE
cable,FALSE
line,TRUE
order,TRUE
post,FALSE
frame,FALSE
update,TRUE
discovery,FALSE
retention,FALSE
destination,FALSE
detection,FALSE
arrest,FALSE
departure,FALSE
activation,FALSE
contain,TRUE
handle,TRUE
hold,FALSE
comprise,FALSE
offer,TRUE
mb,FALSE
gb,FALSE
bit,FALSE
#,FALSE
#,FALSE
hour,FALSE
#,FALSE
port,TRUE
page,FALSE
MHz,FALSE
level,TRUE
disk,TRUE
drive,TRUE
#,FALSE
disk,TRUE
drive,FALSE
network,TRUE
#,FALSE
core,FALSE
#,FALSE
#,FALSE
card,TRUE
cache,FALSE
space,TRUE
bus,FALSE
ram,FALSE
buffer,FALSE
driver,FALSE
encryption,FALSE
consist,FALSE
choice,FALSE
combination,FALSE
capable,FALSE
provision,FALSE
consist,FALSE
minimum,TRUE
combination,FALSE
serial,TRUE
local,FALSE
parallel,FALSE
single,FALSE
standard,TRUE
binary,FALSE
integer,FALSE
path,FALSE
processor,TRUE
terminal,FALSE
channel,FALSE
connector,FALSE
architecture,TRUE
functionality,TRUE
compatibility,FALSE
#,FALSE
#,FALSE
#,FALSE
#,FALSE
#,FALSE
#,FALSE
#,FALSE
#,FALSE
#,FALSE
#,FALSE
#,FALSE
#,FALSE
#,FALSE
#,FALSE
#,FALSE
infrastructure,TRUE
address,TRUE
bandwidth,FALSE
speed,TRUE
topology,FALSE
able,FALSE
enable,TRUE
easy,FALSE
allow,TRUE
write,TRUE
load,TRUE
download,FALSE
generate,TRUE
execute,TRUE
boot,FALSE
implement,TRUE
management,TRUE
operate,TRUE
Linux,FALSE
model,TRUE
engine,FALSE
world,FALSE
#,FALSE
room,FALSE
time,TRUE
estate,FALSE
place,TRUE
scale,FALSE
basis,FALSE
order,TRUE
range,TRUE
stream,FALSE
environment,TRUE
update,TRUE
administration,TRUE
iso,FALSE
pc,TRUE
gps,FALSE
MCC,FALSE
MAC,FALSE
FCC,FALSE
NSA,FALSE
receiver,FALSE
Controller,FALSE
BBC,FALSE
cc,FALSE
API,FALSE
cpu,FALSE
design,FALSE
research,FALSE
extension,FALSE
photography,FALSE
refer,TRUE
refer,TRUE
accord,FALSE
accord,FALSE
add,TRUE
relate,TRUE
add,TRUE
access,TRUE
add,TRUE
guide,FALSE
refer,TRUE
change,TRUE
,FALSE
diagnostic,FALSE
warn,FALSE
scan,FALSE
main,FALSE
ID,FALSE
screen,FALSE
chip,FALSE
switch,TRUE
lead,TRUE
indicator,TRUE
sensor,FALSE
flash,FALSE
lighting,FALSE
beacon,FALSE
electrical,FALSE
visible,FALSE
image,FALSE
electronic,FALSE
red,FALSE
radio,FALSE
button,FALSE
plate,FALSE
battery,FALSE
alert,FALSE
present,FALSE
supply,TRUE
give,TRUE
aid,TRUE
guide,TRUE
charge,FALSE
carrier,FALSE
customer,FALSE
technician,FALSE
patient,FALSE
ship,FALSE
board,FALSE
pilot,FALSE
vessel,FALSE
indication,FALSE
confirmation,FALSE
record,TRUE
reminder,FALSE
description,FALSE
proof,FALSE
hint,FALSE
representation,FALSE
report,TRUE
statement,FALSE
measure,FALSE
condition,TRUE
situation,FALSE
level,TRUE
#,FALSE
fault,TRUE
problem,TRUE
performance,TRUE
good,FALSE
ok,FALSE
positive,FALSE
clear,FALSE
zero,FALSE
green,FALSE
bad,FALSE
safe,FALSE
blue,FALSE
low,FALSE
high,FALSE
•,FALSE
a,FALSE
take,TRUE
get,TRUE
select,FALSE
get,TRUE
find,TRUE
use,TRUE
collect,TRUE
retrieve,FALSE
import,FALSE
gather,FALSE
search,FALSE
relevant,FALSE
info,FALSE
detail,FALSE
log,FALSE
information,TRUE
coordinate,FALSE
update,TRUE
section,FALSE
convert,FALSE
enter,FALSE
insert,FALSE
incorporate,FALSE
translate,FALSE
integrate,TRUE
send,TRUE
put,FALSE
turn,TRUE
output,FALSE
result,TRUE
instruction,TRUE
testing,FALSE
software,TRUE
other,FALSE
many,FALSE
such,FALSE
development,TRUE
management,TRUE
integration,TRUE
professional,FALSE
package,FALSE
upgrade,FALSE
service,TRUE
technical,FALSE
specialize,FALSE
analytical,FALSE
library,FALSE
project,TRUE
kit,FALSE
package,TRUE
exist,TRUE
license,FALSE
publish,FALSE
program,TRUE
release,TRUE
create,TRUE
render,FALSE
establish,FALSE
program,TRUE
app,FALSE
solution,TRUE
model,TRUE
script,FALSE
sufficient,FALSE
native,FALSE
enough,FALSE
full,FALSE
java,FALSE
#,FALSE
name,TRUE
come,FALSE
start,TRUE
begin,TRUE
go,TRUE
end,TRUE
continue,TRUE
arrive,FALSE
kit,FALSE
manual,FALSE
plan,TRUE
security,TRUE
base,TRUE
license,FALSE
safety,TRUE
enterprise,FALSE
integrate,FALSE
power,FALSE
operation,TRUE
application,TRUE
operational,FALSE
integrate,FALSE
entire,FALSE
operational,FALSE
enterprise,FALSE
embed,FALSE
functional,FALSE
complete,FALSE
controller,TRUE
suite,FALSE
manager,FALSE
provider,FALSE
meet,TRUE
fulfil,FALSE
satisfy,FALSE
support,TRUE
balance,FALSE
address,TRUE
handle,TRUE
perform,TRUE
serve,TRUE
match,TRUE
provide,TRUE
compute,FALSE
day,TRUE
event,TRUE
global,FALSE
reality,FALSE
appropriate,FALSE
combine,TRUE
enable,TRUE
integrate,TRUE
simulation,FALSE
monitor,TRUE
console,FALSE
option,TRUE
scope,FALSE
possibility,FALSE
respect,FALSE
#,FALSE
#,FALSE
#,FALSE
test,TRUE
along,FALSE
#,FALSE
remote,FALSE
digital,FALSE
dynamic,FALSE
panel,FALSE
voltage,FALSE
current,FALSE
#,FALSE
set,TRUE
flow,TRUE
set,TRUE
stream,FALSE
type,TRUE
integrity,FALSE
flexibility,FALSE
requirement,TRUE
upgrade,FALSE
distribute,TRUE
manipulate,FALSE
multiple,FALSE
various,FALSE
different,FALSE
compatible,FALSE
usb,FALSE
internet,TRUE
wireless,FALSE
ip,FALSE
share,TRUE
internal,FALSE
this,FALSE
its,FALSE
each,FALSE
that,FALSE
any,FALSE
process,TRUE
every,FALSE
it,FALSE
perform,TRUE
conduct,FALSE
handle,TRUE
apply,TRUE
structure,TRUE
organize,FALSE
make,TRUE
way,TRUE
language,TRUE
anything,FALSE
database,TRUE
business,FALSE
o,FALSE
d,FALSE
c,FALSE
t,FALSE
p,FALSE
m,FALSE
v,FALSE
e,FALSE
u,FALSE
r,FALSE
n,FALSE
ii,FALSE
benefit,FALSE
exception,TRUE
goal,FALSE
effect,FALSE
assistance,FALSE
aim,FALSE
objective,FALSE
ease,FALSE
advantage,FALSE
addition,TRUE
compilation,FALSE
distribution,FALSE
transaction,FALSE
automatic,FALSE
total,FALSE
message,FALSE
net,FALSE
universal,FALSE
possible,FALSE
traffic,TRUE
incoming,FALSE
human,FALSE
report,TRUE
track,TRUE
route,FALSE
distress,FALSE
miss,FALSE
null,FALSE
disaster,FALSE
correct,FALSE
miss,FALSE
damage,FALSE
delete,FALSE
incident,FALSE
error,TRUE
request,TRUE
event,TRUE
failure,TRUE
process,TRUE
send,TRUE
distribute,FALSE
interpret,FALSE
store,TRUE
route,FALSE
filter,FALSE
generate,TRUE
access,TRUE
read,TRUE
receive,TRUE
hierarchy,FALSE
pattern,FALSE
order,TRUE
tree,FALSE
sense,FALSE
relation,FALSE
web,TRUE
content,TRUE
quality,TRUE
path,FALSE
entry,FALSE
address,FALSE
classify,FALSE
categorize,FALSE
sort,FALSE
analyze,FALSE
track,FALSE
identify,FALSE
divide,FALSE
evaluate,FALSE
assess,FALSE
consider,TRUE
separate,FALSE
measure,TRUE
frequency,TRUE
length,FALSE
frame,FALSE
bit,TRUE
filter,FALSE
change,TRUE
collision,FALSE
resolution,FALSE
protection,TRUE
force,FALSE
priority,FALSE
two,FALSE
one,FALSE
request,TRUE
attempt,FALSE
party,FALSE
attack,FALSE
threat,FALSE
effort,FALSE
activate,FALSE
trigger,FALSE
contact,FALSE
stop,FALSE
open,TRUE
initiate,FALSE
enforce,FALSE
action,TRUE
inability,FALSE
intention,FALSE
specify,TRUE
fully,FALSE
final,FALSE
permanent,FALSE
completely,FALSE
permanently,FALSE
boot,TRUE
pack,FALSE
door,FALSE
head,FALSE
video,FALSE
protocol,TRUE
model,TRUE
client,TRUE
diagram,FALSE
service,FALSE
logic,FALSE
scheme,FALSE
stack,FALSE
gain,FALSE
permit,TRUE
grant,FALSE
deliver,FALSE
facilitate,FALSE
#,FALSE
#,FALSE
#,FALSE
#,FALSE
#,FALSE
#,FALSE
coverage,FALSE
visibility,FALSE
recognition,FALSE
major,FALSE
key,FALSE
three,FALSE
four,FALSE
critical,FALSE
applicable,FALSE
active,FALSE
state,TRUE
feature,FALSE
except,FALSE
exclude,FALSE
like,FALSE
plus,FALSE
even,FALSE
especially,FALSE
save,FALSE
beyond,FALSE
usually,FALSE
#,FALSE
#,FALSE
#,FALSE
#,FALSE
capture,FALSE
store,TRUE
#,FALSE
filter,TRUE
design,TRUE
pattern,TRUE
chart,FALSE
administrative,FALSE
planning,FALSE
current,FALSE
community,FALSE
executive,FALSE
International,FALSE
watch,FALSE
USA,FALSE
America,FALSE
Australia,FALSE
service,FALSE
organization,TRUE
worldwide,FALSE
agency,FALSE
Canada,FALSE
group,FALSE
oversee,FALSE
advise,FALSE
inform,FALSE
join,FALSE
fund,FALSE
become,FALSE
investigate,FALSE
represent,TRUE
administer,FALSE
lead,TRUE
act,TRUE
appear,TRUE
reside,FALSE
remain,TRUE
behave,FALSE
perform,TRUE
distinct,FALSE
private,FALSE
unique,FALSE
unify,FALSE
legal,FALSE
proprietary,FALSE
shell,FALSE
10,FALSE
#,FALSE
case,TRUE
cost,FALSE
profile,FALSE
bind,FALSE
grade,FALSE
margin,FALSE
alarm,FALSE
cancellation,FALSE
fire,FALSE
requirement,TRUE
issue,TRUE
domain,FALSE
complex,FALSE
sensitive,FALSE
highly,FALSE
detail,FALSE
common,FALSE
important,FALSE
#,FALSE
rule,FALSE
behavior,FALSE
complexity,FALSE
action,TRUE
decision,FALSE
risk,FALSE
measure,TRUE
measurement,FALSE
care,FALSE
step,FALSE
risk,FALSE
route,FALSE
initiate,FALSE
trigger,FALSE
direct,TRUE
undertake,FALSE
require,TRUE
assume,FALSE
cause,TRUE
controller,TRUE
processor,TRUE
mechanism,TRUE
#,FALSE
copy,FALSE
#,FALSE
press,FALSE
surface,FALSE
patch,FALSE
limit,TRUE
automation,FALSE
transparency,FALSE
disclosure,FALSE
autonomy,FALSE
assurance,FALSE
achieve,TRUE
accomplish,FALSE
ensure,TRUE
support,TRUE
facilitate,FALSE
guarantee,FALSE
degree,FALSE
amount,FALSE
probability,FALSE
percentage,FALSE
proportion,FALSE
volume,FALSE
extent,FALSE
efficiency,FALSE
cognitive,FALSE
semantic,FALSE
visual,FALSE
mathematical,FALSE
density,FALSE
compression,FALSE
reach,TRUE
leave,FALSE
branch,FALSE
participant,FALSE
stakeholder,FALSE
aspect,FALSE
member,TRUE
portal,FALSE
apply,TRUE
participate,FALSE
choose,TRUE
proceed,FALSE
via,FALSE
without,FALSE
upon,FALSE
sort,FALSE
kind,TRUE
principle,FALSE
purpose,TRUE
methodology,FALSE
concept,FALSE
outline,FALSE
mission,FALSE
definition,FALSE
text,TRUE
specification,TRUE
standard,TRUE
paper,FALSE
conference,FALSE
ieee,FALSE
journal,FALSE
publication,FALSE
follow,TRUE
follow,TRUE
resemble,FALSE
match,FALSE
match,FALSE
reflect,FALSE
mirror,FALSE
parallel,FALSE
resemble,FALSE
follow,TRUE
use,TRUE
specify,TRUE
contain,TRUE
find,TRUE
state,TRUE
express,FALSE
indicate,FALSE
#,FALSE
#,FALSE
#,FALSE
#,FALSE
#,FALSE
#,FALSE
#,FALSE
#,FALSE
#,FALSE
good,FALSE
standard,FALSE
general,FALSE
common,FALSE
good,FALSE
technical,FALSE
engineering,FALSE
fair,FALSE
well,FALSE
free,FALSE
b,FALSE
in,FALSE
attempt,FALSE
#,FALSE
attempt,TRUE
effort,TRUE
hope,FALSE
order,TRUE
try,TRUE
help,TRUE
protect,FALSE
prevent,FALSE
preserve,FALSE
avoid,TRUE
cover,FALSE
retain,FALSE
visit,FALSE
call,TRUE
damage,FALSE
visitor,FALSE
threat,FALSE
improvement,FALSE
time,TRUE
activity,FALSE
audit,FALSE
breach,FALSE
restart,TRUE
monitor,TRUE
block,FALSE
close,FALSE
complete,TRUE
destroy,FALSE
record,TRUE
computer,TRUE
electronic,FALSE
emergency,FALSE
maintenance,FALSE
electrical,FALSE
performance,TRUE
display,TRUE
keyboard,FALSE
electronic,TRUE
terminal,FALSE
appliance,FALSE
accessory,FALSE
phone,FALSE
connect,TRUE
power,TRUE
fit,FALSE
equip,FALSE
deploy,TRUE
control,TRUE
assemble,FALSE
#,FALSE
machine,TRUE
energy,TRUE
reliability,FALSE
accuracy,FALSE
manufacturer,FALSE
driver,FALSE
programmer,FALSE
survive,FALSE
undergo,FALSE
withstand,FALSE
cause,TRUE
conduct,FALSE
sustain,FALSE
achieve,TRUE
resist,FALSE
sector,FALSE
region,FALSE
sufficiently,FALSE
adoption,FALSE
peripheral,FALSE
face,FALSE
wake,FALSE
course,FALSE
absence,FALSE
context,FALSE
midst,FALSE
middle,FALSE
aftermath,FALSE
instance,FALSE
circumstance,FALSE
event,TRUE
resource,TRUE
emergency,FALSE
reduction,FALSE
problem,TRUE
interference,FALSE
issue,TRUE
concern,FALSE
ground,FALSE
future,FALSE
normal,FALSE
trial,FALSE
truth,FALSE
success,FALSE
question,FALSE
confusion,FALSE
position,FALSE
pass,TRUE
pass,TRUE
enter,FALSE
expect,TRUE
likely,FALSE
know,TRUE
believe,FALSE
unlikely,FALSE
hope,FALSE
predict,FALSE
intend,FALSE
presume,FALSE
say,TRUE
anticipate,FALSE
produce,TRUE
print,FALSE
exchange,FALSE
raw,FALSE
valid,FALSE
consistent,FALSE
exist,TRUE
appear,TRUE
result,TRUE
invalid,FALSE
occur,FALSE
certain,FALSE
desire,FALSE
suitable,FALSE
proper,FALSE
every,FALSE
whether,FALSE
act,TRUE
serve,TRUE
operate,TRUE
work,TRUE
serve,TRUE
function,TRUE
act,TRUE
remain,TRUE
continue,TRUE
integral,FALSE
essential,FALSE
independent,FALSE
organizational,FALSE
administrative,FALSE
autonomous,FALSE
official,FALSE
part,TRUE
subset,FALSE
portion,FALSE
understand,FALSE
design,TRUE
document,TRUE
research,TRUE
prepare,FALSE
accessible,FALSE
dialect,FALSE
script,FALSE
alphabet,FALSE
style,FALSE
dialect,FALSE
vocabulary,FALSE
term,FALSE
medium,FALSE
font,FALSE
area,TRUE
english,FALSE
culture,FALSE
terminology,FALSE
hard,FALSE
necessary,FALSE
backup,FALSE
host,FALSE
locate,FALSE
house,FALSE
host,FALSE
assemble,FALSE
live,FALSE
play,FALSE
stand,TRUE
stand,TRUE
stand,TRUE
stand,TRUE
stand,TRUE
sit,FALSE
let,TRUE
die,FALSE
walk,FALSE
sell,FALSE
advantage,FALSE
benefit,TRUE
challenge,TRUE
goal,FALSE
strength,FALSE
criticism,FALSE
technique,TRUE
simplicity,FALSE
independence,FALSE
convenience,TRUE
stability,FALSE
lack,TRUE
regardless,FALSE
construction,FALSE
precision,FALSE
property,FALSE
combine,TRUE
modify,FALSE
allow,TRUE
choose,FALSE
extend,FALSE
define,TRUE
establish,FALSE
assign,TRUE
prefix,FALSE
socket,FALSE
#,FALSE
#,FALSE
host,FALSE
thus,FALSE
may,FALSE
hence,FALSE
therefore,FALSE
potentially,FALSE
voice,FALSE
voice,FALSE
packet,FALSE
switch,TRUE
switch,TRUE
#,FALSE
junction,FALSE
node,FALSE
#,FALSE
everything,FALSE
source,TRUE
license,FALSE
platform,TRUE
website,FALSE
objective,FALSE
task,TRUE
follow,TRUE
follow,TRUE
per,FALSE
material,FALSE
material,FALSE
when,FALSE
light,FALSE
within,FALSE
inside,FALSE
central,FALSE
protective,FALSE
air,FALSE
radar,FALSE
outer,FALSE
surface,FALSE
cell,FALSE
fiber,TRUE
fibre,FALSE
either,FALSE
dark,FALSE
thin,FALSE
#,FALSE
composite,FALSE
reinforce,FALSE
glass,FALSE
plastic,FALSE
film,FALSE
polymer,FALSE
wire,FALSE
steel,FALSE
optical,FALSE
technology,TRUE
meet,TRUE
fit,FALSE
low,TRUE
match,FALSE
exceed,FALSE
satisfy,FALSE
hybrid,FALSE
mechanism,TRUE
call,TRUE
name,TRUE
term,TRUE
dub,FALSE
title,FALSE
designate,FALSE
rename,FALSE
audio,FALSE
collect,TRUE
measurement,TRUE
temperature,FALSE
industry,FALSE
engineering,FALSE
#,FALSE
estimate,FALSE
series,FALSE
#,FALSE
scale,FALSE
zone,FALSE
signature,FALSE
interval,FALSE
delay,FALSE
trial,FALSE
map,FALSE
cross,FALSE
multi,FALSE
inter,FALSE
fix,TRUE
non,FALSE
sub,FALSE
cable,FALSE
link,TRUE
wire,FALSE
drive,TRUE
band,FALSE
fatigue,FALSE
#,FALSE
time,TRUE
geometry,FALSE
transition,FALSE
compare,FALSE
exchange,FALSE
couple,FALSE
mixed,FALSE
pair,FALSE
merge,FALSE
actual,FALSE
sample,FALSE
attach,FALSE
back,FALSE
submit,FALSE
self,FALSE
Non,FALSE
re,FALSE
self,FALSE
pre,FALSE
under,FALSE
co,FALSE
risk,FALSE
post,FALSE
over,FALSE
work,TRUE
scheduling,FALSE
plan,TRUE
decision,FALSE
tune,FALSE
mapping,FALSE
auto,FALSE
electro,FALSE
pre,FALSE
co,FALSE
bio,FALSE
de,FALSE
teach,FALSE
regulate,FALSE
administer,FALSE
regulation,FALSE
evident,FALSE
#,FALSE
#,FALSE
#,FALSE
#,FALSE
#,FALSE
stamp,FALSE
slot,FALSE
select,FALSE
relay,FALSE
absolutely,FALSE
make,TRUE
deem,TRUE
thus,FALSE
for,FALSE
additionally,FALSE
to,FALSE
g,FALSE
it,FALSE
accommodate,FALSE
relieve,FALSE
counter,FALSE
reduce,TRUE
alleviate,FALSE
increase,TRUE
increase,TRUE
high,FALSE
reduce,FALSE
acquisition,FALSE
constraint,FALSE
cost,TRUE
demand,TRUE
restriction,FALSE
speed,TRUE
load,TRUE
pressure,FALSE
overhead,FALSE
barrier,FALSE
need,TRUE
impose,TRUE
pose,FALSE
induce,FALSE
address,TRUE
dictate,FALSE
cover,FALSE
meet,TRUE
produce,TRUE
demand,TRUE
#,FALSE
#,FALSE
#,FALSE
#,FALSE
#,FALSE
#,FALSE
technology,FALSE
network,FALSE
architecture,FALSE
Protocol,FALSE
introduction,FALSE
introduction,FALSE
addition,TRUE
2008,FALSE
2017,FALSE
2012,FALSE
2011,FALSE
2015,FALSE
2007,FALSE
2005,FALSE
2013,FALSE
2004,FALSE
2009,FALSE
2010,FALSE
2014,FALSE
2006,FALSE
respond,TRUE
connect,TRUE
convert,FALSE
report,TRUE
communicating,FALSE
link,TRUE
bind,FALSE
refer,TRUE
add,TRUE
arbitrary,FALSE
many,FALSE
several,FALSE
interrupt,FALSE
chip,FALSE
set,TRUE
sensitivity,FALSE
minimize,FALSE
overcome,FALSE
combat,FALSE
degradation,FALSE
theft,FALSE
corruption,FALSE
disruption,FALSE
crash,FALSE
congestion,FALSE
loss,TRUE
concurrency,FALSE
fraud,FALSE
contamination,FALSE
page,FALSE
part,TRUE
section,TRUE
table,TRUE
chapter,FALSE
article,FALSE
version,TRUE
volume,FALSE
figure,FALSE
release,FALSE
note,TRUE
issue,TRUE
level,TRUE
step,FALSE
describe,TRUE
outline,FALSE
establish,FALSE
give,TRUE
discuss,FALSE
#,FALSE
#,FALSE
#,FALSE
law,FALSE
Act,FALSE
school,FALSE
committee,FALSE
council,FALSE
regiment,FALSE
contract,FALSE
army,FALSE
constitution,FALSE
army,FALSE
subject,FALSE
title,FALSE
author,FALSE
summary,FALSE
begin,TRUE
example,TRUE
district,FALSE
qualified,FALSE
competent,FALSE
certify,FALSE
public,FALSE
regional,FALSE
responsible,FALSE
engineer,TRUE
developer,TRUE
architect,FALSE
analyst,FALSE
manager,FALSE
officer,FALSE
employee,FALSE
responsibility,FALSE
attention,FALSE
oversight,FALSE
exposure,TRUE
experience,FALSE
portion,FALSE
section,FALSE
sector,FALSE
segment,FALSE
phase,FALSE
similar,FALSE
feedback,FALSE
robust,FALSE
sophisticated,FALSE
algorithm,FALSE
cluster,FALSE
perform,TRUE
conduct,FALSE
enable,TRUE
handle,TRUE
run,TRUE
deliver,FALSE
permit,TRUE
implement,TRUE
offer,TRUE
calculation,FALSE
analysis,TRUE
calculation,FALSE
check,TRUE
experiment,FALSE
study,FALSE
return,TRUE
response,FALSE
retrieve,FALSE
gather,FALSE
come,FALSE
originate,FALSE
acquire,FALSE
recover,FALSE
draw,FALSE
respective,FALSE
individual,FALSE
location,TRUE
status,FALSE
text,FALSE
warning,FALSE
code,TRUE
navigation,FALSE
incorrect,FALSE
FALSE,FALSE
mislead,FALSE
communicate,FALSE
post,FALSE
display,FALSE
feed,FALSE
broadcast,FALSE
dispatch,FALSE
convey,FALSE
character,FALSE
distance,FALSE
hour,FALSE
depth,FALSE
period,FALSE
zone,FALSE
forward,FALSE
relative,FALSE
across,FALSE
difficulty,FALSE
interest,FALSE
file,FALSE
window,FALSE
physical,FALSE
content,FALSE
virtual,FALSE
x,FALSE
spare,FALSE
desktop,FALSE
os,FALSE
and,FALSE
also,FALSE
finally,FALSE
furthermore,FALSE
or,FALSE
life,FALSE
world,FALSE
estate,FALSE
surveillance,FALSE
review,FALSE
algorithm,FALSE
policy,FALSE
#,FALSE
edge,FALSE
target,FALSE
effect,FALSE
key,FALSE
need,TRUE
activate,TRUE
encounter,FALSE
detect,FALSE
discover,FALSE
affect,FALSE
threaten,FALSE
result,TRUE
bring,FALSE
increase,TRUE
occur,TRUE
suffer,FALSE
manifest,FALSE
financial,FALSE
economic,FALSE
significant,FALSE
widespread,FALSE
total,FALSE
massive,FALSE
serious,FALSE
exhaustion,FALSE
protocol,TRUE
relationship,FALSE
compose,FALSE
inclusive,FALSE
maximum,FALSE
first,FALSE
impact,FALSE
dependence,FALSE
reliance,FALSE
limitation,FALSE
strain,FALSE
limit,TRUE
expenditure,FALSE
restriction,FALSE
manufacture,FALSE
tech,FALSE
compact,FALSE
lightweight,FALSE
modular,FALSE
commercial,FALSE
portable,FALSE
general,FALSE
small,FALSE
3d,FALSE
rugge,FALSE
special,FALSE
primary,FALSE
layout,FALSE
assignment,FALSE
container,FALSE
carry,TRUE
hold,FALSE
utilize,FALSE
transmit,FALSE
accept,TRUE
variety,TRUE
array,FALSE
quantity,FALSE
selection,FALSE
fraction,FALSE
#,FALSE
heat,FALSE
noise,FALSE
encourage,FALSE
induce,FALSE
understand,FALSE
modification,FALSE
original,FALSE
crash,FALSE
miss,FALSE
defect,FALSE
leak,FALSE
hit,FALSE
fix,TRUE
resolve,FALSE
those,FALSE
anyone,FALSE
People,FALSE
individual,TRUE
someone,FALSE
application,TRUE
everyone,FALSE
student,FALSE
person,FALSE
read,TRUE
filter,FALSE
send,TRUE
edit,FALSE
receive,TRUE
check,TRUE
avoid,TRUE
prevention,FALSE
interpret,FALSE
intercept,FALSE
wrong,FALSE
whole,FALSE
word,FALSE
put,TRUE
keep,TRUE
place,TRUE
lock,FALSE
enforcement,FALSE
compliance,FALSE
license,TRUE
registration,FALSE
framework,FALSE
strategy,FALSE
policy,FALSE
regime,FALSE
lock,FALSE
mind,FALSE
particular,FALSE
practice,FALSE
hand,FALSE
flight,FALSE
search,FALSE
attack,FALSE
transfer,TRUE
deny,TRUE
grant,TRUE
permit,TRUE
afford,FALSE
force,FALSE
seek,FALSE
would,FALSE
might,FALSE
station,FALSE
generator,FALSE
short,FALSE
shortage,FALSE
surge,FALSE
drop,FALSE
crisis,FALSE
breakdown,FALSE
cut,FALSE
swap,FALSE
occur,TRUE
happen,FALSE
begin,TRUE
start,TRUE
commence,FALSE
end,TRUE
strike,FALSE
arrive,FALSE
fail,TRUE
erupt,FALSE
occur,TRUE
make,TRUE
want,TRUE
keep,TRUE
render,FALSE
ahead,FALSE
worth,FALSE
aware,FALSE
assure,FALSE
plenty,FALSE
outside,FALSE
anyone,FALSE
personnel,FALSE
electricity,FALSE
battery,FALSE
spend,FALSE
depend,FALSE
remain,TRUE
most,FALSE
their,FALSE
individual,FALSE
typical,FALSE
multiple,FALSE
transaction,FALSE
size,FALSE
format,TRUE
resolution,FALSE
method,TRUE
stream,FALSE
xml,FALSE
web,TRUE
memory,TRUE
an,FALSE
internal,FALSE
external,FALSE
direct,FALSE
trace,FALSE
roll,FALSE
register,TRUE
list,FALSE
reduce,TRUE
increase,TRUE
identify,TRUE
compare,TRUE
generate,TRUE
typical,FALSE
country,FALSE
removal,FALSE
placement,FALSE
affect,TRUE
improve,FALSE
influence,FALSE
alter,FALSE
enhance,FALSE
decrease,FALSE
harm,FALSE
disrupt,FALSE
net,FALSE
overall,FALSE
redundant,FALSE
effective,FALSE
upgrade,FALSE
rebuilt,FALSE
convert,FALSE
restore,FALSE
bring,FALSE
move,FALSE
place,TRUE
transform,FALSE
push,TRUE
launch,FALSE
grid,FALSE
wire,FALSE
rack,FALSE
loop,FALSE
lane,FALSE
tunnel,FALSE
track,FALSE
aircraft,FALSE
missile,FALSE
station,FALSE
plant,FALSE
think,FALSE
prove,FALSE
judge,FALSE
situation,FALSE
stage,FALSE
year,FALSE
region,FALSE
compiler,FALSE
replace,FALSE
combine,FALSE
associate,FALSE
share,TRUE
fill,TRUE
vendor,FALSE
#,FALSE
#,FALSE
regard,FALSE
computational,FALSE
calculate,FALSE
criterion,FALSE
propose,FALSE
recommend,FALSE
determine,TRUE
request,TRUE
adopt,FALSE
end,TRUE
begin,TRUE
back,TRUE
after,FALSE
right,TRUE
next,FALSE
day,TRUE
start,TRUE
door,FALSE
last,FALSE
word,FALSE
Mid,FALSE
2016,FALSE
pdf,FALSE
2003,FALSE
2018,FALSE
rest,FALSE
remainder,FALSE
bulk,FALSE
majority,FALSE
entirety,FALSE
front,FALSE
bottom,FALSE
book,FALSE
chapter,FALSE
booklet,FALSE
present,TRUE
explanation,FALSE
overview,FALSE
history,FALSE
construct,FALSE
freely,FALSE
instrument,FALSE
improve,FALSE
unify,FALSE
central,FALSE
global,FALSE
Digital,FALSE
phase,FALSE
#,FALSE
guidance,FALSE
automate,FALSE
routine,FALSE
expect,TRUE
electric,FALSE
nuclear,FALSE
solar,FALSE
AC,FALSE
allocation,FALSE
cease,FALSE
happen,FALSE
terminate,FALSE
intervene,FALSE
valve,FALSE
vehicle,TRUE
robot,FALSE
center,FALSE
ongoing,FALSE
continuous,FALSE
ensure,FALSE
assessment,FALSE
training,FALSE
practice,FALSE
treatment,FALSE
health,FALSE
laboratory,FALSE
medical,FALSE
repair,FALSE
adjustment,FALSE
improvement,FALSE
review,TRUE
education,FALSE
domain,FALSE
block,TRUE
#,FALSE
formulate,FALSE
generalize,FALSE
argument,FALSE
represent,FALSE
change,TRUE
victim,FALSE
suspect,FALSE
target,FALSE
candidate,FALSE
couple,FALSE
trust,FALSE
contact,TRUE
register,FALSE
save,FALSE
pay,FALSE
see,TRUE
reach,TRUE
replace,FALSE
offer,FALSE
assign,FALSE
award,FALSE
mental,FALSE
environmental,FALSE
disease,FALSE
injury,FALSE
social,FALSE
behavioral,FALSE
psychological,FALSE
dental,FALSE
lifestyle,FALSE
position,FALSE
advice,FALSE
introduce,FALSE
leverage,FALSE
describe,TRUE
route,FALSE
mode,TRUE
well,FALSE
they,FALSE
operation,TRUE
consist,FALSE
succeed,FALSE
conclude,FALSE
activity,FALSE
start,TRUE
simultaneously,FALSE
return,TRUE
exit,FALSE
continue,TRUE
return,TRUE
restore,FALSE
return,TRUE
arrive,FALSE
proceed,FALSE
locomotive,FALSE
train,FALSE
plane,FALSE
helicopter,FALSE
fleet,FALSE
locomotive,FALSE
airplane,FALSE
idle,FALSE
stall,FALSE
resume,FALSE
fire,FALSE
limit,FALSE
term,FALSE
category,FALSE
IBM,FALSE
correspond,FALSE
apply,TRUE
belong,FALSE
relate,TRUE
connect,TRUE
extend,FALSE
personal,FALSE
large,FALSE
analog,FALSE
suggest,FALSE
plan,TRUE
desirable,FALSE
must,FALSE
shall,FALSE
could,FALSE
spectrum,FALSE
consistency,FALSE
stress,FALSE
shock,FALSE
treat,FALSE
involve,TRUE
violate,FALSE
lack,TRUE
encounter,FALSE
produce,TRUE
lose,FALSE
॥,FALSE
batch,FALSE
#,FALSE
#,FALSE
#,FALSE
#,FALSE
#,FALSE
#,FALSE
overhaul,FALSE
replacement,FALSE
restoration,FALSE
rehabilitation,FALSE
therefore,FALSE
architectural,FALSE
#,FALSE
technique,TRUE
skill,FALSE
preserve,FALSE
enhance,FALSE
attain,FALSE
protect,FALSE
respect,FALSE
restrict,FALSE
effectiveness,FALSE
pair,FALSE
optional,FALSE
privilege,FALSE
setting,FALSE
card,FALSE
restrict,FALSE
extend,TRUE
regulate,FALSE
reflect,FALSE
role,FALSE
report,FALSE
understand,FALSE
utility,FALSE
demonstrate,FALSE
reflect,FALSE
often,FALSE
still,FALSE
typically,FALSE
generally,FALSE
ensure,TRUE
prefer,FALSE
keyboard,FALSE
carry,TRUE
safety,FALSE
quality,FALSE
type,FALSE
method,FALSE
environmental,FALSE
human,FALSE
conform,FALSE
respond,FALSE
relate,TRUE
bind,FALSE
cater,FALSE
correspond,FALSE
agree,FALSE
adapt,FALSE
contribute,FALSE
expand,FALSE
,FALSE
agent,FALSE
executive,FALSE
office,FALSE
assistant,FALSE
commitment,FALSE
government,FALSE
department,FALSE
administration,FALSE
government,FALSE
district,FALSE
obligation,FALSE
regulation,FALSE
enforce,FALSE
lay,FALSE
maximum,FALSE
govern,FALSE
price,FALSE
so,FALSE
only,FALSE
hence,FALSE
but,FALSE
upper,FALSE
upstream,FALSE
side,TRUE
last,FALSE
continuity,FALSE
denial,FALSE
suspension,FALSE
case,TRUE
scenario,FALSE
moment,FALSE
destruction,FALSE
collapse,FALSE
abandonment,FALSE
estimate,FALSE
project,TRUE
vector,FALSE
post,FALSE
bank,FALSE
recorder,FALSE
bank,FALSE
#,FALSE
center,FALSE
generate,TRUE
produce,FALSE
calculate,FALSE
record,TRUE
measure,TRUE
accept,FALSE
sample,FALSE
flow,TRUE
accept,TRUE
acceptable,FALSE
reject,FALSE
approve,FALSE
DC,FALSE
root,FALSE
catastrophic,FALSE
explosion,FALSE
arise,FALSE
happen,FALSE
arise,FALSE
emerge,FALSE
#,FALSE
cool,FALSE
radio,FALSE
entity,FALSE
family,FALSE
authorize,FALSE
person,TRUE
authority,FALSE
visit,FALSE
inspect,FALSE
account,FALSE
online,FALSE
open,FALSE
Unix,FALSE
Microsoft,FALSE
version,FALSE
adequate,FALSE
board,FALSE
ship,FALSE
marketing,FALSE
need,TRUE
infrastructure,FALSE
design,TRUE
advance,FALSE
identification,FALSE
diagnosis,FALSE
learn,FALSE
navigation,FALSE
demonstration,FALSE
antenna,FALSE
tightly,FALSE
another,FALSE
always,FALSE
#,FALSE
twist,FALSE
gate,FALSE
conductor,FALSE
pair,TRUE
coil,FALSE
double,FALSE
together,FALSE
metal,FALSE
consideration,FALSE
utilize,FALSE
isolation,FALSE
rf,FALSE
electromagnetic,FALSE
thermal,FALSE
clearance,FALSE
resistance,FALSE
disturbance,FALSE
motion,FALSE
boundary,FALSE
reason,FALSE
#,FALSE
distance,FALSE
duration,FALSE
circuit,FALSE
wavelength,FALSE
endurance,FALSE
where,FALSE
until,FALSE
more,FALSE
password,FALSE
signature,FALSE
alia,FALSE
logo,FALSE
manuscript,FALSE
letter,FALSE
importance,FALSE
significance,FALSE
relevance,FALSE
leader,FALSE
architect,FALSE
director,FALSE
worker,FALSE
official,FALSE
practitioner,FALSE
student,FALSE
artist,FALSE
author,FALSE
collaborator,FALSE
scholar,FALSE
supplement,FALSE
template,FALSE
memorial,FALSE
forum,FALSE
party,FALSE
involve,TRUE
engage,FALSE
participate,FALSE
interested,FALSE
employ,FALSE
engage,FALSE
assist,FALSE
collaborate,FALSE
participate,FALSE
invest,FALSE
compete,FALSE
field,FALSE
investigation,FALSE
interest,FALSE
purpose,TRUE
theme,FALSE
focus,TRUE
task,TRUE
intent,FALSE
mandate,FALSE
initiative,FALSE
study,FALSE
survey,FALSE
consortium,FALSE
prepare,FALSE
publish,FALSE
list,TRUE
priority,FALSE
test,TRUE
service,FALSE
ability,TRUE
attain,FALSE
productivity,FALSE
readiness,FALSE
insertion,FALSE
treatment,FALSE
elimination,FALSE
defect,FALSE
flaw,FALSE
bug,FALSE
weakness,FALSE
crack,FALSE
mistake,FALSE
gap,FALSE
Carrier,FALSE
telephone,FALSE
local,FALSE
satellite,FALSE
communication,TRUE
#,FALSE
#,FALSE
#,FALSE
#,FALSE
#,FALSE
#,FALSE
compete,FALSE
interchange,FALSE
different,FALSE
our,FALSE
what,FALSE
expectation,FALSE
attitude,FALSE
opinion,FALSE
preference,FALSE
view,FALSE
wish,FALSE
experience,TRUE
desire,FALSE
behavior,FALSE
community,FALSE
audience,FALSE
balance,FALSE
feed,FALSE
spatial,FALSE
value,TRUE
temporal,FALSE
force,FALSE
burden,FALSE
master,FALSE
intermediate,FALSE
home,FALSE
loop,FALSE
quasi,FALSE
semi,FALSE
anti,FALSE
pseudo,FALSE
ultra,FALSE
near,FALSE
less,FALSE
super,FALSE
quantum,FALSE
slave,FALSE
transmitter,FALSE
rich,FALSE
pure,FALSE
book,FALSE
poem,FALSE
he,FALSE
article,FALSE
word,FALSE
language,TRUE
employ,TRUE
incorporate,FALSE
employ,TRUE
adopt,FALSE
convention,FALSE
extension,FALSE
compensate,FALSE
image,FALSE
print,FALSE
video,FALSE
analysis,TRUE
record,TRUE
picture,FALSE
touch,FALSE
evaluate,FALSE
market,FALSE
dna,FALSE
correlation,FALSE
#,FALSE
mechanic,FALSE
shop,FALSE
review,FALSE
name,TRUE
author,FALSE
result,TRUE
form,TRUE
press,FALSE
Journal,FALSE
novel,FALSE
magazine,FALSE
rule,FALSE
pulse,FALSE
column,FALSE
variable,FALSE
average,FALSE
#,FALSE
#,FALSE
cycle,FALSE
#,FALSE
log,FALSE
#,FALSE
upwards,FALSE
penetration,FALSE
question,FALSE
paper,FALSE
fund,FALSE
proposal,FALSE
disclose,FALSE
regular,FALSE
daily,FALSE
temporary,FALSE
weekly,FALSE
monthly,FALSE
quarterly,FALSE
periodic,FALSE
theoretical,FALSE
nominal,FALSE
provisional,FALSE
clock,FALSE
CO,FALSE
counter,FALSE
multi,FALSE
Anti,FALSE
cloud,FALSE
automatic,FALSE
ready,FALSE
watch,FALSE
observe,FALSE
clock,TRUE
long,FALSE
cold,FALSE
suppose,FALSE
tasked,FALSE
leave,FALSE
mean,TRUE
ask,FALSE
negotiate,FALSE
interaction,TRUE
matter,FALSE
master,FALSE
doctor,FALSE
commander,FALSE
President,FALSE
director,FALSE
architect,FALSE
leader,FALSE
mistress,FALSE
basic,FALSE
supervision,FALSE
intercept,FALSE
telephone,FALSE
receiver,FALSE
carrier,FALSE
UTC,FALSE
#,FALSE
height,FALSE
#,FALSE
mount,FALSE
#,FALSE
thickness,FALSE
top,FALSE
#,FALSE
interval,FALSE
#,FALSE
slot,FALSE
date,TRUE
contract,FALSE
contribution,FALSE
job,FALSE
commit,FALSE
dedicate,FALSE
devote,FALSE
expose,FALSE
entitle,FALSE
subject,FALSE
suit,FALSE
sale,FALSE
consulting,FALSE
interpretation,FALSE
assessment,FALSE
#,FALSE
#,FALSE
auspex,FALSE
campaign,FALSE
confine,FALSE
exclusive,FALSE
exclusively,FALSE
reserve,FALSE
mandatory,FALSE
partner,FALSE
creator,FALSE
owner,FALSE
founder,FALSE
builder,FALSE
average,FALSE
experience,FALSE
#,FALSE
#,FALSE
equipment,FALSE
manufacturing,FALSE
aim,FALSE
plan,TRUE
want,TRUE
seek,FALSE
continue,TRUE
balance,FALSE
study,FALSE
crack,FALSE
earthquake,FALSE
cancer,FALSE
fix,FALSE
find,TRUE
rescue,FALSE
alternative,FALSE
attachment,FALSE
look,FALSE
ask,FALSE
transfer,TRUE
collection,FALSE
instead,FALSE
distribution,FALSE
creation,FALSE
recovery,FALSE
halt,TRUE
subsequent,FALSE
satisfy,FALSE
clear,TRUE
exhaust,FALSE
resolve,FALSE
fill,FALSE
terminate,FALSE
lose,FALSE
eliminate,FALSE
editor,FALSE
freedom,FALSE
adjust,FALSE
use,TRUE
include,TRUE
with,FALSE
include,TRUE
amount,TRUE
gather,FALSE
mining,FALSE
collect,TRUE
extraction,FALSE
search,FALSE
analyze,FALSE
interactive,FALSE
AI,FALSE
image,FALSE
insight,FALSE
insight,FALSE
special,FALSE
several,FALSE
numerous,FALSE
range,FALSE
span,FALSE
bar,FALSE
secure,FALSE
verify,FALSE
unlocked,FALSE
identity,FALSE
name,FALSE
number,TRUE
deny,FALSE
grant,FALSE
grant,FALSE
holder,FALSE
#,FALSE
belong,FALSE
attacker,FALSE
entrance,FALSE
ownership,FALSE
consent,FALSE
real,FALSE
lock,FALSE
unused,FALSE
hide,FALSE
compromise,FALSE
isolate,FALSE
illegal,FALSE
disconnect,FALSE
confidential,FALSE
unknown,FALSE
disable,FALSE
inactive,FALSE
instance,TRUE
high,FALSE
solution,FALSE
platform,FALSE
reach,TRUE
exceed,FALSE
achieve,FALSE
cover,FALSE
#,FALSE
conversion,FALSE
immediate,FALSE
predict,FALSE
qualify,FALSE
quick,FALSE
determination,FALSE
prediction,FALSE
linear,FALSE
static,FALSE
random,FALSE
discrete,FALSE
constant,FALSE
trip,FALSE
#,FALSE
#,FALSE
#,FALSE
shift,FALSE
transition,FALSE
derivative,FALSE
prediction,FALSE
position,FALSE
reasonable,FALSE
succeed,FALSE
however,FALSE
hand,TRUE
extreme,FALSE
arm,FALSE
foot,FALSE
#,FALSE
hand,FALSE
concern,FALSE
gain,TRUE
claim,FALSE
alteration,FALSE
aspect,FALSE
mean,TRUE
indicate,TRUE
extra,FALSE
agreement,FALSE
certificate,FALSE
fee,FALSE
prevent,FALSE
approval,FALSE
se,FALSE
session,FALSE
mean,TRUE
wish,FALSE
intend,TRUE
think,TRUE
say,TRUE
ought,FALSE
concern,TRUE
contain,TRUE
keep,TRUE
break,FALSE
interception,FALSE
block,FALSE
reliable,FALSE
loss,FALSE
imagery,FALSE
interrupt,FALSE
unavailable,FALSE
erase,FALSE
host,TRUE
character,FALSE
recognize,FALSE
obtain,TRUE
identify,FALSE
select,TRUE
distinguish,FALSE
remove,TRUE
issue,TRUE
request,TRUE
transmit,FALSE
display,FALSE
take,TRUE
digit,FALSE
pin,FALSE
symbol,FALSE
dimensional,FALSE
FAA,FALSE
airport,FALSE
commence,FALSE
assume,TRUE
indefinitely,FALSE
normally,FALSE
temporarily,FALSE
independently,FALSE
regularly,FALSE
strength,FALSE
schedule,FALSE
period,FALSE
completion,FALSE
closure,FALSE
retirement,FALSE
stop,FALSE
renovation,FALSE
modernization,FALSE
session,FALSE
email,FALSE
shut,FALSE
turn,TRUE
wipe,FALSE
kill,FALSE
seal,FALSE
click,FALSE
knock,FALSE
recipient,FALSE
hire,FALSE
recruit,FALSE
attract,FALSE
move,FALSE
directory,FALSE
give,TRUE
privacy,FALSE
email,FALSE
chat,FALSE
sms,FALSE
learn,FALSE
away,FALSE
injury,FALSE
mechanical,FALSE
arrange,FALSE
wait,FALSE
vicinity,FALSE
browser,FALSE
explore,FALSE
whose,FALSE
whatever,FALSE
reader,FALSE
exploit,FALSE
moreover,FALSE
next,FALSE
recover,FALSE
partial,FALSE
conflict,FALSE
difference,FALSE
conflict,FALSE
friction,FALSE
complication,FALSE
react,FALSE
refuse,FALSE
try,FALSE
commit,FALSE
fast,FALSE
un,FALSE
defense,FALSE
preservation,FALSE
destructive,FALSE
sheet,FALSE
note,TRUE
attend,FALSE
successful,FALSE