advantage,TRUE
reason,TRUE
benefit,TRUE
disadvantage,TRUE
advantage,TRUE
consideration,FALSE
problem,TRUE
reason,TRUE
difficulty,FALSE
motivation,FALSE
limitation,TRUE
challenge,TRUE
application,TRUE
purpose,TRUE
factor,TRUE
use,TRUE
poor,FALSE
modern,FALSE
low,FALSE
inadequate,FALSE
traditional,FALSE
limit,FALSE
good,FALSE
insufficient,FALSE
current,FALSE
#,FALSE
technology,TRUE
software,TRUE
system,TRUE
#,FALSE
system,TRUE
card,TRUE
#,FALSE
#,FALSE
equipment,TRUE
#,FALSE
chip,FALSE
#,FALSE
size,TRUE
cost,TRUE
performance,TRUE
capacity,TRUE
simplicity,TRUE
security,TRUE
quality,TRUE
efficiency,TRUE
speed,TRUE
download,TRUE
read,TRUE
search,TRUE
find,TRUE
create,TRUE
form,TRUE
generate,TRUE
sign,TRUE
type,TRUE
import,TRUE
print,TRUE
store,TRUE
store,TRUE
send,TRUE
access,TRUE
submit,TRUE
send,TRUE
receive,TRUE
print,TRUE
publish,TRUE
request,TRUE
post,TRUE
file,TRUE
provide,TRUE
submission,TRUE
mail,TRUE
information,TRUE
document,TRUE
datum,TRUE
content,TRUE
item,TRUE
file,TRUE
documentation,TRUE
report,TRUE
message,TRUE
xml,TRUE
material,TRUE
entry,TRUE
image,TRUE
material,TRUE
tool,TRUE
part,TRUE
part,TRUE
component,TRUE
element,TRUE
member,TRUE
part,TRUE
one,FALSE
component,TRUE
portion,TRUE
extension,TRUE
feature,TRUE
section,TRUE
example,TRUE
copy,TRUE
database,TRUE
website,TRUE
source,TRUE
library,TRUE
Database,FALSE
vendor,TRUE
manufacturer,TRUE
web,TRUE
publisher,FALSE
server,TRUE
company,TRUE
client,TRUE
iso,TRUE
internet,TRUE
contain,TRUE
include,TRUE
contain,TRUE
use,TRUE
include,TRUE
via,FALSE
contain,TRUE
follow,TRUE
three,FALSE
relevant,FALSE
standard,FALSE
basic,FALSE
various,FALSE
main,FALSE
follow,FALSE
four,FALSE
require,TRUE
appropriate,FALSE
core,FALSE
type,TRUE
form,TRUE
format,TRUE
feature,FALSE
specification,TRUE
structure,TRUE
category,TRUE
file,FALSE
definition,TRUE
attribute,TRUE
item,TRUE
player,TRUE
piece,TRUE
node,TRUE
unit,TRUE
bank,TRUE
element,TRUE
resource,TRUE
line,TRUE
card,TRUE
person,TRUE
point,TRUE
digit,TRUE
lose,TRUE
destroy,FALSE
damage,TRUE
miss,TRUE
recover,TRUE
steal,TRUE
find,TRUE
break,TRUE
empty,FALSE
dead,FALSE
capture,TRUE
use,TRUE
preserve,TRUE
save,TRUE
leave,TRUE
user,TRUE
computer,TRUE
program,TRUE
attacker,FALSE
operator,TRUE
driver,TRUE
programmer,TRUE
machine,TRUE
developer,TRUE
algorithm,TRUE
owner,TRUE
retrieve,TRUE
recover,TRUE
utilize,TRUE
access,TRUE
take,TRUE
replace,TRUE
return,TRUE
collect,TRUE
combine,TRUE
borrow,FALSE
find,TRUE
restore,FALSE
steal,TRUE
remain,TRUE
result,TRUE
new,FALSE
store,TRUE
original,FALSE
total,FALSE
numerical,FALSE
large,FALSE
large,FALSE
old,FALSE
#,FALSE
mark,TRUE
#,FALSE
mark,TRUE
#,FALSE
#,FALSE
#,FALSE
#,FALSE
#,FALSE
#,FALSE
#,FALSE
list,TRUE
box,TRUE
storage,TRUE
memory,TRUE
disk,TRUE
statistical,FALSE
additional,FALSE
background,FALSE
useful,FALSE
relate,TRUE
search,TRUE
associate,FALSE
key,FALSE
object,TRUE
value,TRUE
bit,TRUE
variable,TRUE
resource,TRUE
function,TRUE
statistic,TRUE
locate,TRUE
trace,TRUE
preserve,TRUE
save,TRUE
regain,FALSE
salvage,FALSE
accumulate,FALSE
collect,TRUE
game,TRUE
case,TRUE
the,FALSE
db,FALSE
datum,FALSE
distribution,TRUE
control,FALSE
a,FALSE
message,TRUE
security,TRUE
management,TRUE
network,FALSE
service,TRUE
project,FALSE
task,FALSE
scheme,FALSE
code,TRUE
code,TRUE
scheme,TRUE
system,TRUE
Protocol,FALSE
protocol,TRUE
software,TRUE
mechanism,TRUE
list,TRUE
information,TRUE
allow,TRUE
define,TRUE
enable,TRUE
cause,TRUE
permit,TRUE
identify,TRUE
allow,TRUE
describe,TRUE
require,TRUE
enable,TRUE
list,TRUE
address,TRUE
set,TRUE
specify,TRUE
command,TRUE
block,TRUE
library,TRUE
frame,TRUE
node,TRUE
disk,TRUE
server,TRUE
module,TRUE
instance,TRUE
record,TRUE
network,TRUE
combination,TRUE
group,TRUE
collection,TRUE
pair,FALSE
class,TRUE
cluster,FALSE
set,TRUE
version,TRUE
program,TRUE
medium,TRUE
database,TRUE
distribute,TRUE
transmit,TRUE
deliver,TRUE
send,TRUE
produce,TRUE
execute,TRUE
create,TRUE
share,TRUE
allocate,TRUE
copy,TRUE
receive,TRUE
exchange,TRUE
generate,TRUE
process,TRUE
modify,TRUE
convert,TRUE
export,TRUE
transfer,TRUE
include,TRUE
execution,TRUE
scheduling,TRUE
network,TRUE
master,FALSE
production,TRUE
execute,TRUE
delivery,FALSE
release,TRUE
site,TRUE
facility,TRUE
center,TRUE
centre,FALSE
service,TRUE
provider,TRUE
location,TRUE
point,TRUE
control,TRUE
platform,TRUE
remote,FALSE
local,FALSE
central,FALSE
secure,FALSE
private,FALSE
public,FALSE
regional,FALSE
near,FALSE
open,FALSE
temporary,FALSE
isolate,FALSE
machine,TRUE
process,TRUE
party,TRUE
agent,TRUE
channel,TRUE
host,TRUE
distribute,TRUE
deliver,TRUE
execute,TRUE
handle,TRUE
produce,TRUE
host,TRUE
hold,TRUE
implement,TRUE
message,TRUE
result,TRUE
backup,TRUE
replication,TRUE
package,TRUE
service,TRUE
the,FALSE
no,FALSE
in,FALSE
one,FALSE
and,FALSE
an,FALSE
of,FALSE
vi,FALSE
you,FALSE
on,FALSE
chapter,TRUE
to,FALSE
if,FALSE
рее,FALSE
consider,TRUE
use,TRUE
define,TRUE
use,TRUE
give,TRUE
for,FALSE
in,FALSE
see,TRUE
consider,TRUE
image,TRUE
format,TRUE
syntax,TRUE
interface,TRUE
structure,TRUE
document,TRUE
text,TRUE
layout,FALSE
font,TRUE
page,TRUE
output,TRUE
electronic,FALSE
online,FALSE
abstract,FALSE
interactive,FALSE
official,FALSE
individual,FALSE
exist,TRUE
entire,FALSE
actual,FALSE
example,TRUE
external,FALSE
model,TRUE
framework,TRUE
project,TRUE
decision,TRUE
calculation,TRUE
requirement,TRUE
conclusion,TRUE
progress,TRUE
recommendation,TRUE
provide,TRUE
define,TRUE
give,TRUE
show,TRUE
indicate,TRUE
state,TRUE
specify,TRUE
describe,TRUE
note,TRUE
detail,FALSE
explain,TRUE
list,TRUE
present,TRUE
outline,TRUE
illustrate,TRUE
schedule,TRUE
table,TRUE
figure,FALSE
article,TRUE
paragraph,TRUE
FIFA,FALSE
chapter,TRUE
article,FALSE
step,TRUE
section,TRUE
formula,FALSE
table,TRUE
ligue,FALSE
figure,TRUE
tag,FALSE
tag,TRUE
event,TRUE
file,TRUE
resource,TRUE
tag,TRUE
program,TRUE
content,TRUE
type,TRUE
#,FALSE
flow,TRUE
integrity,TRUE
#,FALSE
management,TRUE
status,TRUE
analysis,TRUE
exchange,TRUE
grade,FALSE
view,TRUE
display,TRUE
display,TRUE
monitor,TRUE
track,TRUE
sensor,TRUE
support,TRUE
capability,TRUE
recognition,FALSE
capability,TRUE
monitor,TRUE
provide,TRUE
have,TRUE
with,FALSE
include,TRUE
have,TRUE
offer,TRUE
ability,TRUE
opportunity,TRUE
option,TRUE
mean,TRUE
possibility,TRUE
facility,TRUE
right,TRUE
way,TRUE
time,TRUE
tool,TRUE
identify,TRUE
track,TRUE
manage,TRUE
change,TRUE
understand,TRUE
record,TRUE
recognize,TRUE
describe,TRUE
monitor,TRUE
subject,FALSE
device,TRUE
product,TRUE
attribute,TRUE
feature,TRUE
name,TRUE
object,TRUE
#,FALSE
history,TRUE
category,TRUE
characteristic,TRUE
product,TRUE
index,TRUE
table,TRUE
rule,TRUE
map,TRUE
chart,TRUE
model,TRUE
identity,TRUE
ID,FALSE
action,TRUE
embed,TRUE
event,TRUE
representation,TRUE
statement,TRUE
character,TRUE
word,TRUE
tree,TRUE
concept,TRUE
view,TRUE
interpret,TRUE
represent,TRUE
see,TRUE
write,TRUE
implement,TRUE
display,TRUE
read,TRUE
treat,TRUE
language,TRUE
entity,TRUE
symbol,TRUE
pattern,TRUE
access,TRUE
recognize,TRUE
understand,TRUE
accessible,FALSE
identify,TRUE
detect,TRUE
retrieve,TRUE
run,TRUE
without,FALSE
call,TRUE
within,FALSE
inside,FALSE
web,TRUE
graphic,TRUE
graphical,FALSE
script,TRUE
semantic,FALSE
graph,TRUE
function,TRUE
form,TRUE
value,TRUE
report,TRUE
transaction,TRUE
make,TRUE
initiate,FALSE
acquire,TRUE
purchase,TRUE
request,TRUE
reject,TRUE
accept,TRUE
enter,TRUE
do,TRUE
delete,TRUE
update,TRUE
copy,TRUE
discard,TRUE
batch,FALSE
stack,FALSE
transfer,TRUE
recall,FALSE
modification,TRUE
forward,FALSE
processing,TRUE
removal,FALSE
revision,FALSE
manage,TRUE
remove,TRUE
return,TRUE
release,TRUE
swap,FALSE
load,TRUE
reject,TRUE
repeat,FALSE
roll,TRUE
reverse,FALSE
fail,TRUE
share,TRUE
write,TRUE
merge,TRUE
default,TRUE
side,TRUE
instead,FALSE
state,TRUE
group,TRUE
owner,TRUE
state,TRUE
portion,TRUE
side,TRUE
specific,FALSE
business,TRUE
underlie,TRUE
two,FALSE
multiple,FALSE
many,FALSE
base,TRUE
center,TRUE
link,TRUE
weak,FALSE
strong,FALSE
strong,FALSE
dark,FALSE
small,FALSE
strong,FALSE
weak,FALSE
soft,FALSE
strong,FALSE
powerful,FALSE
hard,FALSE
finite,FALSE
strength,TRUE
positive,FALSE
#,FALSE
drive,TRUE
base,TRUE
power,TRUE
orient,TRUE
force,TRUE
risk,TRUE
impact,FALSE
economy,FALSE
#,FALSE
research,TRUE
approach,TRUE
perspective,FALSE
strategy,TRUE
theory,TRUE
aid,TRUE
assist,TRUE
help,TRUE
involve,TRUE
employ,TRUE
guide,TRUE
leverage,FALSE
facilitate,TRUE
affect,TRUE
distinguish,TRUE
select,TRUE
identify,TRUE
separate,TRUE
choose,TRUE
remove,TRUE
pick,TRUE
find,TRUE
eliminate,TRUE
exclude,TRUE
recognize,TRUE
protect,TRUE
determine,TRUE
assess,FALSE
evaluate,TRUE
market,TRUE
market,TRUE
#,FALSE
competition,TRUE
sector,TRUE
alternative,TRUE
office,TRUE
department,FALSE
division,FALSE
office,TRUE
assistant,FALSE
Corps,FALSE
award,FALSE
department,TRUE
division,FALSE
DC,FALSE
tv,TRUE
cd,TRUE
dvd,TRUE
cd,TRUE
dvd,TRUE
CT,FALSE
dd,FALSE
sd,FALSE
DS,FALSE
VHS,FALSE
abs,FALSE
ad,FALSE
3d,TRUE
hd,FALSE
label,TRUE
marker,FALSE
code,TRUE
sign,TRUE
key,TRUE
signature,FALSE
signal,TRUE
plate,FALSE
etc,FALSE
,FALSE
other,TRUE
release,TRUE
version,TRUE
phase,TRUE
stage,TRUE
level,TRUE
patch,FALSE
mode,FALSE
track,TRUE
block,TRUE
aim,TRUE
seek,TRUE
attempt,TRUE
try,TRUE
need,TRUE
fail,TRUE
seek,TRUE
attempt,TRUE
try,TRUE
want,TRUE
help,TRUE
aim,TRUE
reduce,TRUE
eliminate,TRUE
remove,TRUE
increase,TRUE
avoid,TRUE
low,TRUE
minimize,FALSE
relieve,FALSE
decrease,TRUE
address,TRUE
improve,TRUE
offset,FALSE
alleviate,FALSE
limit,TRUE
certain,FALSE
legal,FALSE
several,FALSE
severe,FALSE
environmental,FALSE
limitation,TRUE
issue,TRUE
problem,TRUE
challenge,TRUE
concern,TRUE
degradation,FALSE
limit,TRUE
loss,TRUE
constraint,TRUE
gain,TRUE
difficulty,FALSE
device,TRUE
operation,TRUE
robot,FALSE
application,TRUE
aircraft,FALSE
one,TRUE
engine,TRUE
direct,FALSE
electronic,FALSE
computer,TRUE
online,FALSE
link,TRUE
simple,FALSE
open,FALSE
fast,FALSE
transaction,TRUE
paper,TRUE
journal,TRUE
journal,TRUE
word,TRUE
email,TRUE
complex,FALSE
concurrent,FALSE
link,TRUE
reference,TRUE
request,TRUE
page,TRUE
record,TRUE
contain,TRUE
organize,TRUE
publish,TRUE
document,TRUE
encode,TRUE
report,TRUE
link,TRUE
combine,TRUE
single,FALSE
log,TRUE
separate,FALSE
serial,FALSE
structure,FALSE
common,FALSE
binary,FALSE
zip,FALSE
logical,FALSE
physical,FALSE
container,FALSE
folder,FALSE
#,FALSE
header,TRUE
#,FALSE
#,FALSE
column,TRUE
matrix,FALSE
parallel,FALSE
reference,TRUE
#,FALSE
#,FALSE
#,FALSE
book,TRUE
#,FALSE
space,TRUE
generator,FALSE
version,TRUE
official,FALSE
historical,FALSE
additional,FALSE
main,FALSE
personal,FALSE
National,FALSE
general,FALSE
full,FALSE
application,FALSE
next,FALSE
primary,FALSE
simple,FALSE
operational,FALSE
prefer,FALSE
intermediate,FALSE
mode,TRUE
area,TRUE
area,TRUE
field,TRUE
place,TRUE
stage,TRUE
region,TRUE
zone,TRUE
mode,TRUE
order,TRUE
environment,TRUE
operation,TRUE
communication,TRUE
deployment,TRUE
transport,TRUE
work,TRUE
compute,TRUE
terminal,FALSE
processor,TRUE
automation,FALSE
cpu,TRUE
high,FALSE
high,FALSE
branch,FALSE
secondary,FALSE
per,FALSE
level,TRUE
station,FALSE
unit,TRUE
centre,FALSE
module,TRUE
it,FALSE
process,TRUE
enterprise,TRUE
logistic,FALSE
handle,TRUE
collection,TRUE
recovery,TRUE
integration,TRUE
acquisition,TRUE
edit,TRUE
transmission,TRUE
infrastructure,TRUE
engine,TRUE
team,TRUE
effect,TRUE
privilege,FALSE
luxury,FALSE
responsibility,TRUE
convenience,FALSE
distinction,FALSE
task,TRUE
staff,TRUE
train,TRUE
monitor,TRUE
utilize,TRUE
consult,FALSE
direct,TRUE
augment,FALSE
assist,TRUE
operate,TRUE
supervise,FALSE
program,TRUE
instruct,FALSE
man,TRUE
site,TRUE
duty,FALSE
premise,FALSE
call,TRUE
scene,FALSE
demand,FALSE
board,FALSE
ground,FALSE
shore,FALSE
location,TRUE
campus,FALSE
job,FALSE
staff,TRUE
engineer,FALSE
operator,TRUE
user,TRUE
technician,FALSE
expert,FALSE
personnel,TRUE
developer,TRUE
vendor,TRUE
cater,FALSE
account,TRUE
compensate,FALSE
accommodate,FALSE
adjust,TRUE
prepare,TRUE
cope,TRUE
care,TRUE
adapt,TRUE
account,TRUE
different,FALSE
change,TRUE
increase,TRUE
possible,FALSE
daily,FALSE
increase,FALSE
future,FALSE
potential,FALSE
expect,FALSE
size,TRUE
level,TRUE
shape,FALSE
frequency,FALSE
strength,FALSE
amount,TRUE
height,FALSE
distance,FALSE
weight,FALSE
speed,TRUE
condition,TRUE
number,TRUE
availability,TRUE
demand,FALSE
complexity,TRUE
cost,TRUE
lack,FALSE
task,TRUE
minimum,TRUE
maximum,TRUE
discount,FALSE
glance,FALSE
start,TRUE
threshold,TRUE
premium,FALSE
least,FALSE
run,TRUE
initial,FALSE
available,FALSE
automatic,FALSE
check,TRUE
drop,TRUE
black,FALSE
cut,TRUE
lock,TRUE
phase,TRUE
fill,TRUE
break,TRUE
pull,TRUE
period,TRUE
window,TRUE
time,TRUE
interval,FALSE
schedule,TRUE
rate,TRUE
parameter,TRUE
parameter,TRUE
rule,TRUE
condition,TRUE
fully,FALSE
completely,FALSE
automatically,FALSE
consider,TRUE
highly,FALSE
physically,FALSE
entirely,FALSE
permanently,FALSE
totally,FALSE
render,TRUE
globally,FALSE
legally,FALSE
calculate,TRUE
update,TRUE
maintain,TRUE
adjust,TRUE
change,TRUE
verify,TRUE
determine,TRUE
evaluate,TRUE
check,TRUE
completion,FALSE
installation,TRUE
commencement,FALSE
begin,TRUE
termination,FALSE
end,TRUE
initiation,FALSE
activation,FALSE
implementation,TRUE
arrival,FALSE
creation,TRUE
particular,FALSE
subsequent,FALSE
final,FALSE
full,FALSE
valid,FALSE
desire,TRUE
large,FALSE
well,FALSE
differ,TRUE
popularity,FALSE
usage,TRUE
adoption,FALSE
number,TRUE
range,TRUE
nature,TRUE
variety,TRUE
presence,FALSE
use,TRUE
proliferation,FALSE
digital,FALSE
safety,TRUE
error,TRUE
price,FALSE
identification,TRUE
standard,TRUE
technology,TRUE
algorithm,TRUE
language,TRUE
reduce,TRUE
little,FALSE
significant,FALSE
prove,TRUE
improve,TRUE
demonstrate,TRUE
less,FALSE
confusion,FALSE
uncertainty,FALSE
overlap,FALSE
conflict,TRUE
consistency,TRUE
vulnerability,FALSE
stability,TRUE
flexibility,TRUE
instability,FALSE
concurrency,FALSE
distortion,FALSE
delay,FALSE
error,TRUE
enhance,TRUE
enhance,TRUE
promote,TRUE
ensure,TRUE
maintain,TRUE
and,FALSE
also,FALSE
note,TRUE
include,TRUE
five,FALSE
element,FALSE
world,FALSE
Europe,FALSE
Australia,FALSE
America,FALSE
world,TRUE
Asia,FALSE
Canada,FALSE
US,FALSE
european,FALSE
USA,FALSE
Japan,FALSE
pacific,FALSE
nation,FALSE
offer,TRUE
communication,TRUE
automate,TRUE
specialize,FALSE
solution,TRUE
development,TRUE
functionality,TRUE
network,TRUE
client,TRUE
business,TRUE
mission,TRUE
military,FALSE
maintenance,TRUE
mission,TRUE
purpose,TRUE
organization,TRUE
project,TRUE
environment,TRUE
utilize,TRUE
cloud,TRUE
proprietary,FALSE
java,FALSE
IBM,FALSE
oracle,FALSE
patent,FALSE
Microsoft,FALSE
advance,FALSE
benefit,TRUE
effect,TRUE
print,TRUE
washing,FALSE
coating,FALSE
scan,TRUE
lighting,FALSE
clean,FALSE
filter,FALSE
wipe,FALSE
fold,FALSE
paint,FALSE
dry,TRUE
lining,FALSE
cover,TRUE
trace,TRUE
operate,TRUE
work,TRUE
operate,TRUE
work,TRUE
render,TRUE
run,TRUE
act,TRUE
temperature,FALSE
angle,FALSE
frequency,FALSE
light,TRUE
bandwidth,FALSE
author,TRUE
administrator,TRUE
court,FALSE
applicant,FALSE
authority,TRUE
author,TRUE
editor,TRUE
provider,TRUE
decide,TRUE
choose,TRUE
select,TRUE
determine,TRUE
debate,FALSE
question,TRUE
know,TRUE
pick,TRUE
discuss,TRUE
switch,TRUE
indicate,TRUE
decision,TRUE
apply,TRUE
stand,TRUE
substitute,FALSE
pay,TRUE
ask,TRUE
look,TRUE
register,TRUE
vote,TRUE
qualify,FALSE
advocate,FALSE
term,TRUE
variable,TRUE
detail,TRUE
context,TRUE
scope,TRUE
definition,TRUE
description,TRUE
mean,TRUE
term,TRUE
domain,TRUE
sense,TRUE
boundary,FALSE
virtual,FALSE
operate,TRUE
Unix,FALSE
computing,FALSE
enterprise,TRUE
reference,FALSE
group,FALSE
consortium,FALSE
#,FALSE
framework,FALSE
standard,FALSE
platform,TRUE
#,FALSE
API,FALSE
standard,FALSE
#,FALSE
committee,FALSE
follow,TRUE
coverage,FALSE
guidance,FALSE
#,FALSE
summarize,TRUE
prescribe,FALSE
life,TRUE
#,FALSE
estate,FALSE
reality,FALSE
scale,TRUE
day,TRUE
war,TRUE
situation,TRUE
earth,FALSE
wartime,FALSE
simulation,TRUE
scenario,FALSE
solution,TRUE
medium,TRUE
respond,TRUE
lead,TRUE
conform,TRUE
evolve,TRUE
perform,TRUE
deploy,TRUE
develop,TRUE
transition,FALSE
occur,TRUE
correspond,TRUE
refer,TRUE
react,TRUE
come,TRUE
vary,TRUE
extreme,FALSE
critical,FALSE
similar,FALSE
degree,TRUE
degree,TRUE
measure,TRUE
stage,TRUE
rate,TRUE
period,TRUE
sensitivity,FALSE
accuracy,TRUE
attention,FALSE
success,FALSE
exposure,FALSE
effectiveness,FALSE
urgency,FALSE
precision,FALSE
response,TRUE
severity,FALSE
disruption,FALSE
importance,FALSE
spectrum,FALSE
blow,TRUE
active,FALSE
scenario,FALSE
threat,FALSE
situation,TRUE
activity,TRUE
objective,TRUE
event,TRUE
action,TRUE
change,TRUE
strategic,FALSE
disaster,FALSE
emergency,FALSE
battle,FALSE
spatial,FALSE
crisis,FALSE
evacuation,FALSE
tactical,FALSE
relief,FALSE
plan,TRUE
resolution,TRUE
response,TRUE
intervention,TRUE
zone,TRUE
prevention,FALSE
investigation,FALSE
assistance,TRUE
addition,TRUE
cooperation,FALSE
exception,TRUE
knowledge,TRUE
fuel,FALSE
energy,FALSE
asset,TRUE
water,FALSE
waste,FALSE
air,FALSE
source,TRUE
stream,FALSE
layer,TRUE
basis,TRUE
method,TRUE
technique,TRUE
protocol,TRUE
interface,TRUE
engineering,TRUE
report,TRUE
analytical,FALSE
organizational,FALSE
mapping,FALSE
technical,FALSE
share,TRUE
protection,TRUE
follow,TRUE
support,TRUE
select,TRUE
manage,TRUE
editing,TRUE
check,TRUE
save,TRUE
testing,TRUE
correspond,FALSE
select,TRUE
top,FALSE
entry,TRUE
give,TRUE
allow,TRUE
offer,TRUE
provide,TRUE
show,TRUE
grant,TRUE
enable,TRUE
leave,TRUE
let,TRUE
send,TRUE
permit,TRUE
teach,TRUE
ask,TRUE
tell,TRUE
reader,TRUE
browser,TRUE
viewer,TRUE
app,TRUE
customer,TRUE
unique,FALSE
easy,FALSE
free,FALSE
correct,FALSE
sole,FALSE
exclusive,FALSE
direct,FALSE
simple,FALSE
convenient,FALSE
button,FALSE
see,TRUE
compare,TRUE
name,TRUE
profile,TRUE
trace,FALSE
register,TRUE
typical,FALSE
publication,FALSE
dictionary,FALSE
other,FALSE
more,FALSE
common,FALSE
terminology,TRUE
guideline,TRUE
sign,TRUE
print,TRUE
download,TRUE
post,TRUE
type,TRUE
scan,TRUE
compress,TRUE
ship,TRUE
directly,FALSE
back,FALSE
immediately,FALSE
straight,FALSE
separately,FALSE
grammar,TRUE
vocabulary,TRUE
translation,TRUE
speech,FALSE
keyboard,FALSE
programming,TRUE
selection,TRUE
language,TRUE
dialect,FALSE
logic,TRUE
expression,TRUE
input,TRUE
sentence,FALSE
approach,TRUE
relation,TRUE
relation,TRUE
relationship,TRUE
connection,TRUE
relationship,TRUE
#,FALSE
perspective,TRUE
certification,TRUE
qualification,TRUE
competitive,FALSE
entrance,FALSE
admission,FALSE
acceptance,FALSE
testing,TRUE
test,TRUE
step,TRUE
procedure,TRUE
test,TRUE
evaluation,TRUE
compliance,TRUE
license,TRUE
license,TRUE
#,FALSE
#,FALSE
application,FALSE
change,TRUE
key,FALSE
modification,TRUE
service,FALSE
guide,FALSE
index,FALSE
regulation,FALSE
introduction,FALSE
right,FALSE
upgrade,TRUE
discuss,TRUE
reference,TRUE
establish,TRUE
assign,TRUE
appoint,TRUE
make,TRUE
point,TRUE
point,TRUE
site,TRUE
plan,TRUE
port,FALSE
line,TRUE
area,TRUE
person,TRUE
station,FALSE
center,TRUE
certificate,TRUE
spot,FALSE
process,TRUE
inspect,FALSE
protect,TRUE
examine,FALSE
verify,TRUE
connect,TRUE
asset,TRUE
activity,TRUE
traffic,TRUE
require,TRUE
give,TRUE
incorporate,TRUE
also,FALSE
regard,TRUE
concern,TRUE
around,FALSE
team,TRUE
player,TRUE
game,TRUE
vehicle,FALSE
car,FALSE
race,FALSE
people,TRUE
company,TRUE
building,TRUE
manufacture,FALSE
develop,TRUE
supply,TRUE
build,TRUE
issue,TRUE
date,TRUE
present,FALSE
today,TRUE
year,TRUE
day,FALSE
night,FALSE
2014,FALSE
2018,FALSE
all,FALSE
two,FALSE
three,FALSE
some,FALSE
five,FALSE
four,FALSE
squad,FALSE
member,TRUE
candidate,FALSE
roster,FALSE
team,TRUE
member,TRUE
squad,FALSE
d,FALSE
c,FALSE
s,FALSE
b,FALSE
10,FALSE
t,FALSE
indicate,TRUE
both,FALSE
criterion,TRUE
complete,TRUE
finalize,FALSE
prepare,TRUE
add,TRUE
design,TRUE
design,TRUE
construction,TRUE
assembly,FALSE
phase,TRUE
cycle,TRUE
step,TRUE
#,FALSE
#,FALSE
content,TRUE
responsible,FALSE
retain,TRUE
standardize,FALSE
submit,TRUE
take,TRUE
assign,TRUE
regard,TRUE
intend,TRUE
constituent,FALSE
property,TRUE
property,TRUE
involve,TRUE
concern,TRUE
baggage,FALSE
good,TRUE
thing,TRUE
include,TRUE
omit,FALSE
classify,TRUE
count,TRUE
express,TRUE
evidence,TRUE
education,FALSE
research,TRUE
accept,TRUE
accept,TRUE
approve,TRUE
confirm,FALSE
ask,TRUE
make,TRUE
call,TRUE
give,TRUE
withdraw,FALSE
block,TRUE
review,TRUE
retain,TRUE
exclude,TRUE
deny,TRUE
refuse,TRUE
recommend,TRUE
dismiss,FALSE
assume,TRUE
likely,FALSE
important,FALSE
desirable,FALSE
unlikely,FALSE
argue,TRUE
suggest,TRUE
necessary,FALSE
hope,TRUE
researcher,TRUE
judge,FALSE
writer,FALSE
child,TRUE
label,TRUE
treat,TRUE
regard,TRUE
interpret,TRUE
individual,TRUE
person,TRUE
noun,FALSE
character,TRUE
child,TRUE
specie,TRUE
adopt,TRUE
review,TRUE
#,FALSE
goal,TRUE
objective,TRUE
aim,TRUE
intent,FALSE
idea,TRUE
intention,FALSE
vision,FALSE
role,TRUE
goal,TRUE
focus,TRUE
Google,FALSE
HP,FALSE
AI,FALSE
Linux,FALSE
SAS,FALSE
collaboration,TRUE
achieve,TRUE
foster,FALSE
build,TRUE
strengthen,FALSE
interaction,TRUE
compatibility,TRUE
connectivity,TRUE
interaction,TRUE
interchange,FALSE
coordination,FALSE
connection,TRUE
computer,TRUE
hardware,TRUE
driver,TRUE
customer,TRUE
supplier,FALSE
kind,TRUE
interest,TRUE
dimension,TRUE
organization,TRUE
agent,TRUE
os,TRUE
organisation,TRUE
employee,FALSE
analyze,TRUE
export,TRUE
edit,TRUE
manipulate,TRUE
modify,TRUE
setting,FALSE
know,TRUE
establish,TRUE
protect,TRUE
curate,FALSE
integrate,TRUE
support,TRUE
plan,TRUE
proposal,FALSE
explore,TRUE
pursue,TRUE
introduce,TRUE
result,TRUE
adjust,TRUE
generate,TRUE
calculate,TRUE
set,TRUE
shift,TRUE
reduce,TRUE
match,TRUE
store,TRUE
manage,TRUE
improve,TRUE
real,FALSE
packet,FALSE
path,TRUE
#,FALSE
interval,FALSE
pattern,TRUE
schedule,TRUE
#,FALSE
scale,TRUE
depend,TRUE
dependent,FALSE
depend,TRUE
base,TRUE
depend,TRUE
contingent,FALSE
center,TRUE
conditional,FALSE
focus,TRUE
depend,TRUE
rely,TRUE
model,TRUE
condition,TRUE
depend,TRUE
session,TRUE
trend,FALSE
dictate,FALSE
influence,TRUE
govern,FALSE
guide,TRUE
enable,TRUE
measure,TRUE
controller,TRUE
manager,TRUE
architecture,TRUE
layer,TRUE
analyst,FALSE
note,TRUE
example,TRUE
name,TRUE
here,FALSE
then,FALSE
where,FALSE
source,TRUE
translation,TRUE
specifically,FALSE
warning,FALSE
trademark,FALSE
title,TRUE
bit,TRUE
follow,TRUE
return,TRUE
occur,TRUE
generate,TRUE
acquire,TRUE
organize,TRUE
gather,TRUE
gather,TRUE
obtain,TRUE
place,TRUE
seek,TRUE
request,TRUE
aid,TRUE
essential,FALSE
interest,TRUE
advance,TRUE
understand,TRUE
preservation,FALSE
interpretation,TRUE
distribution,TRUE
retention,FALSE
pdf,TRUE
basis,TRUE
develop,TRUE
create,TRUE
analyze,TRUE
describe,TRUE
moment,FALSE
hour,FALSE
meet,TRUE
evidence,TRUE
detail,TRUE
smart,FALSE
advanced,FALSE
power,TRUE
many,FALSE
various,FALSE
improvement,TRUE
manufacturer,TRUE
design,TRUE
designer,FALSE
manager,TRUE
add,TRUE
overhead,FALSE
consumer,TRUE
#,FALSE
#,FALSE
controller,TRUE
boost,TRUE
upgrade,TRUE
well,FALSE
reliability,TRUE
productivity,FALSE
extent,FALSE
sample,TRUE
locate,TRUE
keep,TRUE
house,TRUE
host,TRUE
hold,TRUE
situate,FALSE
know,TRUE
own,TRUE
collect,TRUE
maintain,TRUE
#,FALSE
write,TRUE
#,FALSE
manage,TRUE
copyright,FALSE
regulatory,FALSE
executive,FALSE
overall,FALSE
legislative,FALSE
control,TRUE
right,TRUE
policy,TRUE
option,TRUE
policy,TRUE
respect,TRUE
regard,TRUE
amendment,FALSE
portal,FALSE
GO,FALSE
who,FALSE
LA,FALSE
#,FALSE
#,FALSE
#,FALSE
these,FALSE
mathematical,FALSE
decision,TRUE
such,FALSE
design,TRUE
rule,TRUE
logic,FALSE
classification,TRUE
its,FALSE
#,FALSE
concept,TRUE
ethic,FALSE
theory,TRUE
philosophy,FALSE
behavior,TRUE
practice,TRUE
divide,TRUE
group,TRUE
categorize,FALSE
sort,TRUE
subdivide,FALSE
split,TRUE
put,TRUE
arrange,FALSE
separate,TRUE
way,TRUE
principle,TRUE
fact,TRUE
assumption,TRUE
norm,FALSE
interpretation,TRUE
idea,TRUE
law,TRUE
report,FALSE
certificate,TRUE
class,TRUE
#,FALSE
#,FALSE
series,TRUE
license,TRUE
certify,FALSE
accordance,TRUE
conjunction,TRUE
partnership,FALSE
association,TRUE
combination,TRUE
agreement,TRUE
consultation,FALSE
concert,FALSE
contract,FALSE
,FALSE
practice,TRUE
general,FALSE
essence,FALSE
summary,FALSE
short,FALSE
fact,TRUE
turn,TRUE
contrast,TRUE
principle,TRUE
write,TRUE
regulation,TRUE
restriction,TRUE
patent,FALSE
sanction,FALSE
license,TRUE
exception,TRUE
amount,TRUE
relate,TRUE
proceed,FALSE
continue,TRUE
extend,TRUE
contribute,TRUE
go,TRUE
commit,TRUE
move,TRUE
stable,FALSE
complete,TRUE
safe,FALSE
compatible,FALSE
#,FALSE
grid,FALSE
repair,TRUE
repair,TRUE
update,TRUE
replacement,TRUE
sale,FALSE
call,TRUE
overhaul,FALSE
improvement,TRUE
renewal,FALSE
addition,TRUE
patch,TRUE
alteration,FALSE
acquisition,TRUE
matter,TRUE
organization,FALSE
executive,FALSE
one,FALSE
operation,TRUE
business,TRUE
administrative,FALSE
corporate,FALSE
building,TRUE
outline,TRUE
narrative,FALSE
discussion,TRUE
overview,FALSE
strategy,TRUE
industry,TRUE
agency,TRUE
it,FALSE
this,FALSE
Intel,FALSE
ieee,FALSE
apache,FALSE
guarantee,TRUE
difference,TRUE
comparison,TRUE
11,FALSE
15,FALSE
13,FALSE
ii,FALSE
12,FALSE
p,FALSE
continuous,FALSE
multiple,FALSE
automatic,FALSE
any,FALSE
movement,FALSE
perform,TRUE
instruction,TRUE
input,TRUE
apply,TRUE
contribute,TRUE
communicate,FALSE
feed,TRUE
adapt,FALSE
processor,TRUE
support,TRUE
connect,TRUE
implement,TRUE
make,TRUE
contribution,TRUE
contributor,FALSE
title,TRUE
aspect,TRUE
mining,TRUE
meet,TRUE
satisfy,TRUE
fulfill,FALSE
impose,TRUE
role,TRUE
duty,FALSE
responsibility,TRUE
obligation,FALSE
fulfil,TRUE
incorporate,TRUE
meet,TRUE
address,TRUE
lifetime,FALSE
provision,TRUE
#,FALSE
artifact,FALSE
compose,FALSE
variant,TRUE
comprise,TRUE
define,TRUE
alongside,FALSE
six,FALSE
major,FALSE
2008,FALSE
2000,FALSE
2010,FALSE
2016,FALSE
1996,FALSE
2002,FALSE
2007,FALSE
2012,FALSE
2013,FALSE
2005,FALSE
2015,FALSE
2009,FALSE
2011,FALSE
text,TRUE
memory,TRUE
gender,FALSE
language,TRUE
structure,TRUE
grammar,FALSE
image,TRUE
name,TRUE
group,TRUE
face,FALSE
able,FALSE
analyze,TRUE
helpful,FALSE
examine,FALSE
employ,TRUE
discover,TRUE
suggest,TRUE
obtain,TRUE
gain,TRUE
whether,FALSE
opportunity,TRUE
alternative,TRUE
mechanism,TRUE
shift,TRUE
expand,TRUE
attitude,FALSE
meaning,FALSE
representation,TRUE
group,TRUE
family,TRUE
pair,TRUE
subset,TRUE
contexts,TRUE
user,FALSE
external,FALSE
product,TRUE
knowledge,TRUE
manager,FALSE
give,TRUE
server,FALSE
agent,FALSE
platform,FALSE
centre,FALSE
exchange,FALSE
#,FALSE
architect,FALSE
engine,FALSE
library,FALSE
designer,FALSE
section,TRUE
page,TRUE
title,TRUE
outline,TRUE
cover,TRUE
establish,TRUE
discuss,TRUE
provision,TRUE
article,TRUE
circumstance,FALSE
cover,TRUE
permit,TRUE
comprise,TRUE
piece,TRUE
integrate,TRUE
power,TRUE
award,TRUE
grant,TRUE
control,TRUE
court,TRUE
arrangement,FALSE
belief,FALSE
assumption,TRUE
hope,FALSE
manner,TRUE
party,TRUE
channel,TRUE
special,FALSE
parental,FALSE
prior,FALSE
restrict,FALSE
statutory,FALSE
formal,FALSE
qualified,FALSE
permission,TRUE
licence,FALSE
clearance,FALSE
#,FALSE
fee,FALSE
#,FALSE
pass,TRUE
turn,TRUE
transfer,TRUE
hand,TRUE
extend,TRUE
apply,TRUE
pass,TRUE
move,TRUE
sign,TRUE
take,TRUE
consent,FALSE
approval,FALSE
along,FALSE
along,FALSE
combine,TRUE
together,FALSE
together,FALSE
map,TRUE
notation,TRUE
#,FALSE
order,TRUE
field,TRUE
domain,TRUE
case,TRUE
height,FALSE
length,TRUE
volume,TRUE
shape,TRUE
dimension,TRUE
color,TRUE
magnitude,FALSE
rank,FALSE
composition,FALSE
depth,FALSE
density,FALSE
geometry,FALSE
performance,TRUE
good,FALSE
award,TRUE
class,FALSE
interact,TRUE
communicate,FALSE
cooperate,FALSE
comply,FALSE
deal,TRUE
compete,FALSE
coordinate,FALSE
collaborate,FALSE
interfere,FALSE
observer,FALSE
designer,FALSE
internal,FALSE
functional,FALSE
configuration,TRUE
new,FALSE
special,FALSE
#,FALSE
authorization,FALSE
fund,TRUE
character,FALSE
key,FALSE
Geographic,FALSE
domain,FALSE
#,FALSE
#,FALSE
#,FALSE
#,FALSE
#,FALSE
#,FALSE
#,FALSE
#,FALSE
port,TRUE
method,TRUE
statement,TRUE
ip,FALSE
instance,TRUE
destination,FALSE
priority,TRUE
pass,TRUE
programming,TRUE
#,FALSE
#,FALSE
get,TRUE
attain,TRUE
similarity,TRUE
diversity,FALSE
validity,FALSE
clarity,FALSE
transparency,FALSE
specification,TRUE
appear,TRUE
exist,TRUE
appear,TRUE
reside,TRUE
fit,TRUE
present,TRUE
happen,TRUE
lie,TRUE
come,TRUE
academic,FALSE
educational,FALSE
english,FALSE
administrative,FALSE
write,TRUE
read,TRUE
from,FALSE
support,TRUE
hierarchy,TRUE
directory,TRUE
command,TRUE
mesh,FALSE
array,TRUE
string,TRUE
diagram,TRUE
#,FALSE
program,FALSE
relation,FALSE
part,FALSE
system,FALSE
property,FALSE
equivalent,FALSE
applicable,FALSE
bind,TRUE
analogous,FALSE
single,FALSE
suitable,FALSE
encode,TRUE
display,TRUE
mark,TRUE
represent,TRUE
obtain,TRUE
presentation,TRUE
template,TRUE
accumulation,TRUE
extension,TRUE
archive,TRUE
assessment,TRUE
extraction,FALSE
inventory,FALSE
qualify,FALSE
collect,TRUE
training,TRUE
incomplete,FALSE
intelligence,TRUE
qualification,TRUE
learn,TRUE
comparison,TRUE
compilation,TRUE
sum,FALSE
percentage,FALSE
score,FALSE
derive,TRUE
extract,TRUE
gain,TRUE
draw,TRUE
source,TRUE
compile,TRUE
measurement,TRUE
computational,FALSE
sample,TRUE
experimental,FALSE
scientific,FALSE
diagnostic,FALSE
medical,FALSE
measure,TRUE
laboratory,FALSE
examination,TRUE
exam,TRUE
procedure,TRUE
inspection,TRUE
carry,TRUE
rule,TRUE
work,TRUE
bear,TRUE
carry,TRUE
act,TRUE
fill,TRUE
mark,TRUE
roll,TRUE
pull,TRUE
lay,TRUE
#,FALSE
observation,TRUE
manipulation,TRUE
stimulation,FALSE
image,TRUE
examination,TRUE
survey,FALSE
measurement,TRUE
investigation,FALSE
surgery,FALSE
screen,TRUE
show,TRUE
assure,TRUE
prove,TRUE
demonstrate,TRUE
symptom,FALSE
rating,TRUE
as,FALSE
create,TRUE
study,TRUE
create,TRUE
enter,TRUE
utilize,TRUE
choose,TRUE
open,TRUE
chip,FALSE
registry,TRUE
#,FALSE
#,FALSE
inclusion,FALSE
placement,FALSE
registration,TRUE
participate,FALSE
country,TRUE
jurisdiction,FALSE
accord,TRUE
due,FALSE
relative,FALSE
pertain,TRUE
maintenance,FALSE
transfer,TRUE
protection,FALSE
typically,FALSE
involve,TRUE
perform,TRUE
handle,TRUE
add,TRUE
load,TRUE
insertion,FALSE
relocation,FALSE
conversion,FALSE
destruction,FALSE
redundant,FALSE
#,FALSE
issue,TRUE
add,TRUE
require,TRUE
privilege,TRUE
credential,FALSE
optimization,FALSE
extra,FALSE
respectively,FALSE
as,FALSE
they,FALSE
visitor,FALSE
individual,TRUE
People,FALSE
citizen,FALSE
student,TRUE
company,TRUE
state,TRUE
we,FALSE
volunteer,FALSE
you,FALSE
researcher,TRUE
encourage,TRUE
advise,TRUE
invite,TRUE
allow,TRUE
ask,TRUE
urge,TRUE
permit,TRUE
ready,FALSE
recommend,TRUE
propose,TRUE
late,FALSE
listen,FALSE
reply,FALSE
alert,FALSE
agree,TRUE
attend,FALSE
advice,FALSE
warning,FALSE
release,TRUE
discussion,TRUE
comment,TRUE
encourage,TRUE
invite,TRUE
ask,TRUE
assist,TRUE
direct,TRUE
visitor,FALSE
student,TRUE
citizen,FALSE
participant,TRUE
website,TRUE
meet,TRUE
fit,TRUE
match,TRUE
suit,TRUE
match,TRUE
exceed,FALSE
suit,TRUE
need,TRUE
forum,FALSE
detect,TRUE
plan,TRUE
build,TRUE
fundamental,FALSE
privacy,TRUE
mathematical,FALSE
factor,TRUE
keep,TRUE
bind,TRUE
protect,TRUE
govern,TRUE
keep,TRUE
participant,TRUE
#,FALSE
collection,TRUE
review,TRUE
Dictionary,FALSE
analysis,TRUE
creation,TRUE
number,TRUE
establishment,FALSE
date,TRUE
classification,TRUE
variation,FALSE
variety,TRUE
style,TRUE
configuration,TRUE
detection,TRUE
namely,FALSE
notably,FALSE
however,FALSE
call,TRUE
currently,FALSE
usually,FALSE
mainly,FALSE
specifically,FALSE
generally,FALSE
therefore,FALSE
Model,FALSE
volume,TRUE
pack,FALSE
know,TRUE
refer,TRUE
characterize,FALSE
denote,TRUE
term,TRUE
disc,TRUE
partition,TRUE
drive,TRUE
tape,TRUE
magnetic,FALSE
kernel,TRUE
flash,TRUE
ram,TRUE
shadow,FALSE
encryption,TRUE
lock,TRUE
block,TRUE
roll,TRUE
notorious,FALSE
rip,FALSE
compression,TRUE
crack,FALSE
wrap,FALSE
recycle,FALSE
reduction,FALSE
strip,FALSE
garbage,FALSE
disperse,FALSE
spread,FALSE
scatter,FALSE
move,TRUE
circulate,FALSE
chunk,TRUE
fragment,FALSE
segment,TRUE
packet,FALSE
package,TRUE
drive,TRUE
disc,TRUE
sector,TRUE
bank,TRUE
send,TRUE
transfer,TRUE
assign,TRUE
pass,TRUE
apply,TRUE
take,TRUE
move,TRUE
random,FALSE
constant,FALSE
buffer,FALSE
cell,FALSE
vector,TRUE
cache,FALSE
correction,TRUE
check,TRUE
compensation,FALSE
fail,TRUE
die,TRUE
can,FALSE
crash,FALSE
quantity,FALSE
burst,FALSE
volume,TRUE
margin,FALSE
serve,TRUE
act,TRUE
serve,TRUE
counter,FALSE
bring,TRUE
producer,FALSE
recipient,TRUE
holder,FALSE
sign,TRUE
custom,FALSE
human,FALSE
#,FALSE
log,TRUE
virtual,FALSE
mobile,FALSE
recovery,TRUE
development,TRUE
administration,FALSE
regular,FALSE
periodic,FALSE
consistent,FALSE
control,TRUE
permanent,FALSE
routine,FALSE
fix,TRUE
sake,FALSE
duration,FALSE
treatment,FALSE
failure,TRUE
restoration,FALSE
discovery,FALSE
loss,TRUE
defect,FALSE
damage,TRUE
fault,FALSE
null,FALSE
fraud,FALSE
need,TRUE
achieve,TRUE
whose,FALSE
introduce,TRUE
there,FALSE
below,FALSE
those,FALSE
theorem,FALSE
universe,FALSE
equation,FALSE
#,FALSE
rely,TRUE
rely,TRUE
rely,TRUE
emphasis,FALSE
focus,TRUE
reliance,FALSE
defect,FALSE
involve,TRUE
need,TRUE
merely,FALSE
existence,FALSE
instrument,TRUE
apparatus,FALSE
instrumentation,FALSE
mechanical,FALSE
technological,FALSE
use,TRUE
financial,FALSE
community,TRUE
unlock,FALSE
launch,FALSE
install,FALSE
community,TRUE
calculation,TRUE
hand,TRUE
play,TRUE
carry,TRUE
f,FALSE
o,FALSE
e,FALSE
r,FALSE
v,FALSE
w,FALSE
variant,TRUE
sort,TRUE
respective,FALSE
#,FALSE
link,TRUE
connect,TRUE
convert,TRUE
contribute,TRUE
tree,TRUE
generation,TRUE
string,TRUE
flag,FALSE
dynamic,FALSE
issue,TRUE
determine,TRUE
law,TRUE
legislation,FALSE
deal,TRUE
start,TRUE
connect,TRUE
align,FALSE
deal,TRUE
#,FALSE
#,FALSE
their,FALSE
technical,FALSE
outcome,FALSE
priority,TRUE
approve,TRUE
satisfy,TRUE
review,TRUE
formulate,FALSE
country,TRUE
#,FALSE
compiler,FALSE
translator,FALSE
institution,FALSE
prepare,TRUE
produce,TRUE
develop,TRUE
store,TRUE
incorporation,FALSE
australian,FALSE
International,FALSE
identity,FALSE
Encyclopedia,FALSE
achieve,TRUE
ensure,TRUE
gain,TRUE
reach,TRUE
establish,TRUE
maintain,TRUE
appear,TRUE
fall,TRUE
belong,TRUE
convert,TRUE
insert,TRUE
extract,TRUE
translate,TRUE
plant,FALSE
biological,FALSE
genetic,FALSE
path,TRUE
understanding,FALSE
change,TRUE
break,TRUE
hide,FALSE
different,FALSE
feed,TRUE
reader,TRUE
choice,FALSE
search,TRUE
screen,TRUE
choice,TRUE
button,FALSE
global,FALSE
area,FALSE
model,FALSE
product,FALSE
apart,FALSE
monitor,FALSE
place,FALSE
entity,TRUE
ease,TRUE
encourage,TRUE
gather,FALSE
sort,TRUE
view,TRUE
relate,TRUE
compare,TRUE
map,TRUE
belong,TRUE
basic,FALSE
universal,FALSE
build,TRUE
active,FALSE
write,TRUE
design,TRUE
other,TRUE
unit,TRUE
have,TRUE
chance,FALSE
parent,TRUE
mother,FALSE
adult,FALSE
wife,FALSE
spouse,FALSE
parent,TRUE
mother,FALSE
father,FALSE
infant,FALSE
husband,FALSE
child,TRUE
adult,FALSE
daughter,FALSE
son,FALSE
offspring,FALSE
sible,FALSE
kid,FALSE
sister,FALSE
guardian,FALSE
baby,FALSE
he,FALSE
she,FALSE
deliver,TRUE
offer,TRUE
adaptation,FALSE
introduction,FALSE
amendment,FALSE
signal,TRUE
Signal,FALSE
percent,FALSE
million,FALSE
multi,TRUE
assurance,FALSE
#,FALSE
route,FALSE
#,FALSE
#,FALSE
#,FALSE
#,FALSE
#,FALSE
#,FALSE
region,TRUE
terminal,TRUE
tend,TRUE
want,TRUE
be,FALSE
denote,TRUE
formula,FALSE
represent,TRUE
incorporate,TRUE
suffix,FALSE
prefix,FALSE
citation,FALSE
mistake,FALSE
agent,TRUE
association,TRUE
similarity,TRUE
contact,FALSE
tie,FALSE
phenomenon,FALSE
organism,FALSE
another,FALSE
something,FALSE
set,TRUE
yellow,FALSE
red,FALSE
color,FALSE
python,FALSE
window,FALSE
show,TRUE
list,TRUE
suite,FALSE
sequence,TRUE
public,FALSE
visual,FALSE
#,FALSE
#,FALSE
#,FALSE
#,FALSE
#,FALSE
#,FALSE
#,FALSE
#,FALSE
#,FALSE
#,FALSE
video,TRUE
graph,TRUE
help,TRUE
construction,FALSE
driver,FALSE
architecture,FALSE
#,FALSE
employee,FALSE
national,FALSE
federal,FALSE
membership,FALSE
disclosure,FALSE
#,FALSE
#,FALSE
#,FALSE
#,FALSE
#,FALSE
#,FALSE
premise,FALSE
axi,FALSE
feedback,FALSE
often,FALSE
commonly,FALSE
normally,FALSE
sometimes,FALSE
lead,TRUE
meta,FALSE
non,FALSE
pre,FALSE
sub,FALSE
pseudo,FALSE
x,TRUE
co,TRUE
alpha,FALSE
#,FALSE
certificate,TRUE
far,FALSE
#,FALSE
that,FALSE
prevent,TRUE
transformation,FALSE
like,FALSE
rank,TRUE
chart,TRUE
weather,FALSE
score,FALSE
previous,FALSE
last,FALSE
precede,FALSE
sport,FALSE
well,FALSE
far,FALSE
substantially,FALSE
significantly,FALSE
slightly,FALSE
somewhat,FALSE
raise,FALSE
considerably,FALSE
regulation,TRUE
exercise,FALSE
impose,TRUE
enjoy,FALSE
grant,TRUE
afford,FALSE
Congress,FALSE
parliament,FALSE
government,TRUE
government,FALSE
parliament,FALSE
keyne,FALSE
note,TRUE
illustration,FALSE
hire,FALSE
woman,FALSE
Germany,FALSE
sport,FALSE
student,TRUE
man,FALSE
chapter,TRUE
manual,FALSE
explain,TRUE
highlight,FALSE
manufacture,FALSE
#,FALSE
comprise,TRUE
encompasse,FALSE
generation,FALSE
symbol,TRUE
expression,TRUE
multimedia,FALSE
#,FALSE
search,TRUE
quick,FALSE
comprehensive,FALSE
thorough,FALSE
fast,FALSE
rapid,FALSE
visual,FALSE
dedicate,FALSE
wide,FALSE
robust,FALSE
support,TRUE
lot,FALSE
multitude,FALSE
couple,FALSE
handful,FALSE
topic,FALSE
collaborative,FALSE
space,TRUE
theme,FALSE
multi,FALSE
#,FALSE
#,FALSE
handle,TRUE
deploy,TRUE
undertake,FALSE
stakeholder,FALSE
organisation,FALSE
professional,TRUE
analyst,FALSE
administrator,TRUE
carrier,FALSE
consumer,TRUE
specialist,FALSE
mobile,FALSE
corporate,FALSE
global,FALSE
administration,TRUE
register,FALSE
agency,TRUE
response,TRUE
session,TRUE
incident,FALSE
unit,FALSE
need,TRUE
order,TRUE
environment,FALSE
ground,FALSE
infrastructure,FALSE
time,FALSE
technique,TRUE
someone,FALSE
NSA,FALSE
check,TRUE
wait,FALSE
respond,TRUE
look,TRUE
occurrence,TRUE
violation,FALSE
violation,FALSE
breach,FALSE
encounter,FALSE
observe,FALSE
cause,TRUE
accredit,FALSE
inform,FALSE
implement,TRUE
host,TRUE
terminate,FALSE
receive,TRUE
answer,FALSE
depart,FALSE
visit,FALSE
respond,TRUE
outgoing,FALSE
refer,TRUE
lead,TRUE
contribute,TRUE
correspond,TRUE
relate,TRUE
reduce,TRUE
translate,TRUE
extend,TRUE
bind,TRUE
sound,TRUE
pressure,FALSE
sound,TRUE
record,TRUE
intensity,FALSE
instrument,FALSE
play,TRUE
absolute,FALSE
receiver,FALSE
target,TRUE
outlet,FALSE
downstream,FALSE
sink,FALSE
filter,FALSE
root,FALSE
emission,FALSE
tail,FALSE
put,TRUE
interest,FALSE
individual,FALSE
image,FALSE
action,FALSE
refer,TRUE
geographic,FALSE
generic,FALSE
to,FALSE
or,FALSE
launch,FALSE
phrase,TRUE
form,TRUE
native,FALSE
proper,FALSE
normal,FALSE
realm,FALSE
readiness,FALSE
balance,FALSE
bring,TRUE
phase,TRUE
preparation,FALSE
raw,FALSE
similar,FALSE
compare,TRUE
similarly,FALSE
next,FALSE
prior,FALSE
apply,TRUE
Wikipedia,FALSE
movie,FALSE
film,TRUE
book,TRUE
comic_strip,FALSE
film,TRUE
music,TRUE
youtube,FALSE
video,TRUE
audio,TRUE
viewpoint,FALSE
view,TRUE
combine,TRUE
compare,TRUE
view,TRUE
place,TRUE
lack,TRUE
increase,TRUE
exhibit,FALSE
lose,TRUE
promote,TRUE
great,FALSE
partial,FALSE
great,FALSE
discrimination,FALSE
creator,FALSE
seem,TRUE
wish,TRUE
claim,TRUE
expect,TRUE
happen,TRUE
begin,TRUE
intend,TRUE
pretend,FALSE
remember,FALSE
learn,TRUE
guess,TRUE
explain,TRUE
come,TRUE
originate,TRUE
originate,TRUE
arrive,FALSE
arrive,FALSE
start,TRUE
derive,TRUE
stem,TRUE
come,TRUE
want,TRUE
try,TRUE
seek,TRUE
desire,TRUE
attempt,TRUE
prefer,TRUE
stop,TRUE
curb,FALSE
halt,TRUE
restrict,TRUE
quantity,FALSE
virus,FALSE
app,TRUE
urge,TRUE
advise,TRUE
caution,FALSE
we,FALSE
everyone,FALSE
dog,FALSE
sustainability,FALSE
continuity,FALSE
authenticity,FALSE
initiative,FALSE
uniform,FALSE
unify,FALSE
broad,FALSE
consensus,FALSE
negotiation,FALSE
dialogue,FALSE
collaboration,TRUE
card,FALSE
status,FALSE
possess,TRUE
without,FALSE
possess,TRUE
possess,TRUE
alter,TRUE
arrange,FALSE
lobby,FALSE
visitor,FALSE
paradigm,FALSE
consist,TRUE
representative,FALSE
name,TRUE
self,FALSE
auto,FALSE
i,FALSE
optional,FALSE
row,TRUE
column,TRUE
social,FALSE
editor,FALSE
officer,FALSE
director,FALSE
membership,FALSE
specialist,FALSE
chair,FALSE
leader,FALSE
administrator,FALSE
Commission,FALSE
#,FALSE
station,FALSE
destination,TRUE
publish,TRUE
desktop,TRUE
foundation,FALSE
commercial,FALSE
identical,FALSE
method,FALSE
limit,TRUE
regulate,FALSE
prevent,TRUE
secure,TRUE
promote,TRUE
ownership,FALSE
possession,FALSE
found,TRUE
nationality,FALSE
preference,FALSE
population,FALSE
age,TRUE
institution,FALSE
subject,TRUE
belong,TRUE
belong,TRUE
attach,FALSE
reside,TRUE
speak,TRUE
allocation,FALSE
natural,FALSE
personal,FALSE
no,FALSE
major,FALSE
small,FALSE
anyone,FALSE
Minister,FALSE
agency,FALSE
dealer,FALSE
read,TRUE
reflect,FALSE
sing,TRUE
imply,TRUE
represent,TRUE
passive,FALSE
contact,FALSE
voice,FALSE
receive,TRUE
get,TRUE
preserve,TRUE
hold,TRUE
share,TRUE
nothing,FALSE
hence,FALSE
among,FALSE
direction,FALSE
initiative,FALSE
effort,TRUE
acquire,TRUE
organize,TRUE
make,TRUE
prepare,TRUE
window,FALSE
value,TRUE
freedom,FALSE
instruction,TRUE
kind,FALSE
lieu,FALSE
charge,FALSE
conduct,FALSE
absence,FALSE
industrial,FALSE
programme,FALSE
course,FALSE
factory,FALSE
operate,TRUE
serve,TRUE
exist,TRUE
feasible,FALSE
classroom,FALSE
professional,FALSE
workplace,FALSE
combat,FALSE
marketing,FALSE
deliver,TRUE
shipping,FALSE
sale,FALSE
much,FALSE
most,FALSE
result,TRUE
problem,TRUE
effect,TRUE
activity,TRUE
historical,FALSE
linguistic,FALSE
observation,FALSE
estimate,FALSE
projection,FALSE
analysis,TRUE
transformation,FALSE
adjustment,FALSE
translation,TRUE
claim,FALSE
prediction,FALSE
arise,TRUE
construct,TRUE
another,FALSE
an,FALSE
cut,FALSE
correlation,FALSE
#,FALSE
introduce,TRUE
introduce,TRUE
rule,TRUE
replace,TRUE
put,TRUE
place,TRUE
instal,FALSE
keep,TRUE
early,FALSE
old,FALSE
incorrect,FALSE
arbitrary,FALSE
marker,FALSE
rating,FALSE
relegation,FALSE
precedence,FALSE
exit,FALSE
position,FALSE
distance,FALSE
score,FALSE
consideration,FALSE
question,TRUE
follow,FALSE
usual,FALSE
category,TRUE
#,FALSE
#,FALSE
#,FALSE
#,FALSE
#,FALSE
#,FALSE
#,FALSE
internet,TRUE
integer,TRUE
#,FALSE
box,TRUE
clue,FALSE
orientation,FALSE
topology,FALSE
alarm,FALSE
sms,FALSE
interrupt,TRUE
attack,FALSE
antenna,FALSE
amplifi,FALSE
scheme,TRUE
independent,FALSE
clock,FALSE
calendar,FALSE
pulse,FALSE
voice,FALSE
intensive,FALSE
rich,FALSE
circuit,FALSE
sensor,TRUE
visit,FALSE
programme,FALSE
attach,FALSE
NASA,FALSE
current,FALSE
#,FALSE
#,FALSE
London,FALSE
generally,FALSE
every,FALSE
each,FALSE
name,TRUE
spelling,FALSE
number,TRUE
designation,FALSE
pronunciation,FALSE
abbreviation,FALSE
convention,TRUE
convention,TRUE
accord,TRUE
tune,FALSE
disagreement,FALSE
dispute,FALSE
successor,FALSE
resemblance,FALSE
counterpart,FALSE
separation,FALSE
code,TRUE
international,FALSE
authority,TRUE
take,TRUE
lay,TRUE
cut,TRUE
turn,TRUE
working,TRUE
pull,TRUE
requirement,TRUE
tendency,FALSE
necessity,FALSE
concern,TRUE
incentive,FALSE
researcher,TRUE
calculate,TRUE
estimate,TRUE
even,FALSE
ignore,FALSE
compromise,FALSE
disrupt,FALSE
target,TRUE
affect,TRUE
distract,FALSE
inform,FALSE
aware,FALSE
attract,FALSE
interested,FALSE
inspire,FALSE
Manual,FALSE
easy,FALSE
flexible,FALSE
capable,FALSE
guarantee,TRUE
difficult,FALSE
stay,TRUE
remain,TRUE
exercise,FALSE
assume,TRUE
enjoy,FALSE
discretion,FALSE
jurisdiction,FALSE
competence,FALSE
force,TRUE
resolve,TRUE
settle,TRUE
investigate,FALSE
solve,TRUE
hear,TRUE
answer,FALSE
dispute,TRUE
conflict,TRUE
matter,TRUE
issue,TRUE
disagreement,FALSE
litigation,FALSE
law,TRUE
number,TRUE
distinguish,TRUE
differentiate,FALSE
construct,TRUE
derive,TRUE
divide,TRUE
differ,TRUE
info,FALSE
money,FALSE
sort,TRUE
mathematic,FALSE
static,FALSE
atmosphere,FALSE
small,FALSE
vary,FALSE
efficient,FALSE
complicated,FALSE
diverse,FALSE
substantial,FALSE
expensive,FALSE
demand,FALSE
assume,TRUE
suggest,TRUE
indicate,TRUE
reflect,FALSE
budget,FALSE
equal,FALSE
few,FALSE
close,FALSE
senior,FALSE
#,FALSE
elsewhere,FALSE
weight,FALSE
weight,FALSE
competition,TRUE
guarantee,TRUE
ensure,TRUE
attachment,FALSE
contact,TRUE
artifact,FALSE
awareness,FALSE
cognitive,FALSE
comfort,FALSE
MAC,FALSE
CA,FALSE
MP,FALSE
PA,FALSE
profile,TRUE
#,FALSE
#,FALSE
#,FALSE
not,FALSE
argument,FALSE
sentence,FALSE
recent,FALSE
make,TRUE
climate,FALSE
#,FALSE
climate,FALSE
economic,FALSE
make,TRUE
difference,TRUE
advance,TRUE
every,FALSE
me,FALSE
up,FALSE
be,FALSE
eligibility,FALSE
alliance,FALSE
affiliation,FALSE
tandem,FALSE
RA,FALSE
era,FALSE
CE,FALSE
wa,FALSE
er,FALSE
ARIA,FALSE
cdp,FALSE
ga,FALSE
cr,FALSE
boundary,FALSE
migration,FALSE
facebook,FALSE
chat,FALSE
home,TRUE
#,FALSE
#,FALSE
invite,TRUE
news,FALSE
resource,FALSE
high,FALSE
low,FALSE
paper,TRUE
mandatory,FALSE
nominate,FALSE
deny,TRUE
choose,TRUE
adopt,TRUE
eligible,FALSE
retire,FALSE
resident,FALSE
appoint,FALSE
nominee,FALSE
disable,FALSE
reserve,FALSE
semi,FALSE
quasi,FALSE
Non,FALSE
brand,FALSE
otherwise,FALSE
optical,FALSE
wireless,FALSE
measure,TRUE
avoid,TRUE
address,TRUE
dependence,FALSE
attack,FALSE
restriction,TRUE
test,TRUE
course,FALSE
Institute,FALSE
undergo,FALSE
demonstration,FALSE
flash,FALSE
core,TRUE
dos,FALSE
run,TRUE
bridge,FALSE
decrease,TRUE
vary,TRUE
disappear,FALSE
end,TRUE
differ,TRUE
win,FALSE
remain,TRUE
gate,FALSE
register,TRUE
proximity,FALSE
succession,FALSE
preference,FALSE
eight,FALSE
instal,FALSE
merge,TRUE
insert,TRUE
replace,TRUE
effort,TRUE
experiment,FALSE
arrangement,FALSE
collection,TRUE
hundred,FALSE
source,TRUE
thousand,FALSE
typical,FALSE
line,TRUE
vector,TRUE
span,FALSE
integer,TRUE
digit,TRUE
letter,TRUE
phrase,TRUE
second,FALSE
arrow,FALSE
edge,FALSE
picture,FALSE
switch,TRUE
lead,TRUE
television,FALSE
graphic,FALSE
laser,FALSE
screen,TRUE
tape,TRUE
board,FALSE
camera,FALSE
wire,FALSE
clock,FALSE
cable,FALSE
battery,FALSE
watch,FALSE
mouse,FALSE
tablet,FALSE
phone,FALSE
say,TRUE
predict,TRUE
anticipate,FALSE
think,TRUE
grow,TRUE
arise,TRUE
vary,TRUE
gallery,FALSE
demonstrate,TRUE
reflect,FALSE
evolution,FALSE
assignment,FALSE
contribution,FALSE
progression,FALSE
aspect,TRUE
time,TRUE
mail,TRUE
Clear,FALSE
go,TRUE
#,FALSE
letter,TRUE
commerce,FALSE
#,FALSE
reader,FALSE
passport,FALSE
get,TRUE
bring,TRUE
development,TRUE
assess,TRUE
proposal,FALSE
renovation,FALSE
unlike,FALSE
on,FALSE
under,FALSE
through,FALSE
by,FALSE
at,FALSE
after,FALSE
favourite,FALSE
favorite,FALSE
article,TRUE
principle,TRUE
descriptive,FALSE
universal,FALSE
empirical,FALSE
notion,FALSE
log,TRUE
discipline,FALSE
science,TRUE
industry,TRUE
firm,FALSE
employ,TRUE
incorporate,TRUE
publish,TRUE
integrate,TRUE
editor,TRUE
writer,FALSE
capital,FALSE
practitioner,FALSE
applicant,FALSE
think,TRUE
perceive,FALSE
say,TRUE
literature,FALSE
express,TRUE
