system,TRUE
transmitter,TRUE
signal,TRUE
receiver,TRUE
user,TRUE
operator,TRUE
device,TRUE
station,TRUE
program,TRUE
channel,TRUE
computer,TRUE
network,TRUE
pilot,FALSE
driver,TRUE
application,TRUE
fail,TRUE
want,TRUE
try,TRUE
attempt,TRUE
fail,TRUE
wish,TRUE
choose,TRUE
decide,TRUE
refuse,TRUE
manage,TRUE
need,TRUE
continue,TRUE
fail,TRUE
connect,TRUE
respond,TRUE
switch,TRUE
react,TRUE
convert,TRUE
link,TRUE
transmit,TRUE
communicate,TRUE
listen,TRUE
return,TRUE
reply,FALSE
report,TRUE
commit,FALSE
tune,TRUE
conform,FALSE
cut,TRUE
turn,TRUE
shut,TRUE
knock,TRUE
write,TRUE
break,TRUE
seal,TRUE
kill,TRUE
set,TRUE
lock,TRUE
drop,TRUE
fire,TRUE
bounce,FALSE
take,TRUE
terminate,FALSE
leave,TRUE
block,TRUE
destroy,TRUE
prevent,TRUE
make,TRUE
eliminate,TRUE
violate,FALSE
cause,TRUE
create,TRUE
free,TRUE
call,TRUE
affect,TRUE
route,TRUE
end,TRUE
datum,TRUE
database,TRUE
file,TRUE
item,TRUE
software,TRUE
property,TRUE
copy,TRUE
information,TRUE
page,TRUE
license,FALSE
card,TRUE
option,TRUE
code,TRUE
memory,TRUE
change,TRUE
update,TRUE
restore,FALSE
remove,TRUE
load,TRUE
scan,TRUE
complete,TRUE
select,TRUE
read,TRUE
use,TRUE
clear,TRUE
move,TRUE
sort,TRUE
transform,TRUE
machine,TRUE
server,TRUE
display,TRUE
printer,FALSE
screen,TRUE
camera,TRUE
viewer,FALSE
algorithm,FALSE
generate,TRUE
store,TRUE
collect,TRUE
download,TRUE
remove,TRUE
create,TRUE
read,TRUE
process,TRUE
build,TRUE
find,TRUE
maintain,TRUE
return,TRUE
display,TRUE
receive,TRUE
take,TRUE
produce,TRUE
update,TRUE
use,TRUE
change,TRUE
add,TRUE
show,TRUE
apply,TRUE
release,TRUE
provide,TRUE
next,FALSE
top,FALSE
leave,FALSE
remain,TRUE
new,FALSE
result,TRUE
current,FALSE
correspond,TRUE
follow,TRUE
entire,FALSE
last,FALSE
front,FALSE
frame,TRUE
image,TRUE
search,TRUE
time,TRUE
window,TRUE
reverse,FALSE
view,TRUE
forward,FALSE
view,TRUE
control,TRUE
error,TRUE
color,TRUE
index,TRUE
size,TRUE
_,TRUE
map,TRUE
table,TRUE
#,FALSE
abbreviate,TRUE
aka,FALSE
formerly,FALSE
call,TRUE
also,FALSE
originally,FALSE
like,FALSE
formally,FALSE
name,TRUE
previously,FALSE
define,TRUE
describe,TRUE
offer,TRUE
include,TRUE
contain,TRUE
comprise,TRUE
represent,TRUE
allow,TRUE
hardware,TRUE
standard,FALSE
network,TRUE
usb,FALSE
security,TRUE
protocol,TRUE
common,FALSE
bus,TRUE
communication,TRUE
wireless,FALSE
interface,TRUE
layer,TRUE
controller,TRUE
architecture,TRUE
module,TRUE
topology,FALSE
component,TRUE
tool,TRUE
connection,TRUE
technology,TRUE
model,TRUE
modify,TRUE
deploy,TRUE
program,TRUE
adapt,TRUE
design,TRUE
extend,TRUE
instal,TRUE
tailor,FALSE
upgrade,FALSE
run,TRUE
utilize,TRUE
build,TRUE
manage,TRUE
perform,TRUE
provide,TRUE
implement,TRUE
enable,TRUE
drive,TRUE
accelerate,TRUE
improve,TRUE
support,TRUE
make,TRUE
deliver,TRUE
maintain,TRUE
start,TRUE
network,TRUE
application,TRUE
switch,TRUE
traffic,TRUE
communication,TRUE
switch,TRUE
operation,TRUE
telecommunication,FALSE
deployment,TRUE
service,TRUE
transmission,TRUE
installation,TRUE
digital,FALSE
consumer,TRUE
sensor,TRUE
audio,FALSE
video,TRUE
electronic,FALSE
internal,FALSE
external,FALSE
integrate,FALSE
personal,FALSE
satellite,TRUE
package,TRUE
suite,TRUE
product,TRUE
equipment,TRUE
kit,TRUE
system,FALSE
Suite,FALSE
camera,FALSE
collection,FALSE
unit,TRUE
divide,TRUE
split,TRUE
separate,TRUE
organize,TRUE
break,TRUE
classify,TRUE
categorize,FALSE
group,TRUE
subdivide,FALSE
organise,FALSE
structure,TRUE
form,TRUE
arrange,FALSE
part,TRUE
component,TRUE
package,TRUE
section,TRUE
module,TRUE
version,TRUE
piece,TRUE
layer,TRUE
pack,TRUE
segment,TRUE
category,TRUE
product,TRUE
type,TRUE
half,TRUE
set,TRUE
attach,TRUE
feed,TRUE
send,TRUE
add,TRUE
relay,TRUE
broadcast,TRUE
clock,TRUE
watch,FALSE
radio,TRUE
service,TRUE
earth,FALSE
denote,TRUE
designate,TRUE
code,TRUE
connect,TRUE
provide,TRUE
implement,TRUE
deliver,TRUE
give,TRUE
support,TRUE
alternative,FALSE
interactive,FALSE
indirect,FALSE
additional,FALSE
automate,TRUE
intermediate,FALSE
optional,FALSE
efficient,FALSE
explicit,FALSE
alternate,FALSE
improve,FALSE
similar,FALSE
equivalent,FALSE
parallel,TRUE
response,TRUE
extension,TRUE
port,TRUE
solution,TRUE
integration,TRUE
API,FALSE
pdf,FALSE
2008,FALSE
1994,FALSE
2003,FALSE
1995,FALSE
2004,FALSE
2000,FALSE
2006,FALSE
2002,FALSE
repair,FALSE
recovery,TRUE
optimization,TRUE
whole,FALSE
design,TRUE
manufacture,TRUE
conversion,TRUE
latter,FALSE
technique,TRUE
process,TRUE
method,TRUE
procedure,TRUE
strategy,TRUE
approach,TRUE
function,TRUE
aim,TRUE
help,TRUE
require,TRUE
seek,TRUE
work,TRUE
tend,TRUE
need,TRUE
eliminate,TRUE
detect,TRUE
remove,TRUE
correct,TRUE
identify,TRUE
reduce,TRUE
avoid,TRUE
prevent,TRUE
minimize,FALSE
find,TRUE
resolve,TRUE
fix,TRUE
clear,TRUE
address,TRUE
erase,FALSE
bit,TRUE
bit,TRUE
word,TRUE
point,TRUE
digit,TRUE
chip,TRUE
bit,TRUE
line,TRUE
piece,TRUE
value,TRUE
part,TRUE
element,FALSE
character,TRUE
error,TRUE
failure,TRUE
problem,TRUE
defect,FALSE
value,TRUE
fault,TRUE
line,TRUE
loss,TRUE
gap,FALSE
pattern,TRUE
device,TRUE
sequence,TRUE
system,TRUE
become,TRUE
produce,TRUE
create,TRUE
cause,TRUE
yield,TRUE
generate,TRUE
expose,TRUE
form,TRUE
render,FALSE
reveal,TRUE
include,TRUE
number,TRUE
#,FALSE
#,FALSE
time,TRUE
term,TRUE
note,TRUE
note,TRUE
source,TRUE
reference,TRUE
note,TRUE
example,TRUE
translation,FALSE
application,TRUE
file,TRUE
application,TRUE
source,TRUE
review,TRUE
see,TRUE
read,TRUE
write,TRUE
publish,TRUE
use,TRUE
edit,TRUE
publish,TRUE
access,TRUE
file,TRUE
download,TRUE
present,TRUE
view,TRUE
access,TRUE
document,TRUE
project,TRUE
article,TRUE
work,TRUE
documentation,TRUE
technical,FALSE
content,TRUE
reference,TRUE
functional,FALSE
development,TRUE
entry,TRUE
detail,TRUE
specification,TRUE
instruction,TRUE
requirement,TRUE
description,TRUE
report,TRUE
review,TRUE
document,TRUE
result,TRUE
issue,TRUE
store,TRUE
available,FALSE
present,TRUE
contain,TRUE
record,TRUE
list,TRUE
summarize,TRUE
find,TRUE
give,TRUE
print,TRUE
include,TRUE
display,TRUE
write,TRUE
word,FALSE
window,FALSE
office,FALSE
Microsoft,FALSE
visual,FALSE
exchange,FALSE
language,FALSE
project,FALSE
java,FALSE
research,FALSE
xml,TRUE
header,TRUE
text,TRUE
download,TRUE
source,TRUE
folder,TRUE
version,TRUE
format,TRUE
section,TRUE
directory,TRUE
12,FALSE
achieve,TRUE
obtain,TRUE
get,TRUE
reach,TRUE
give,TRUE
gain,TRUE
ensure,TRUE
attain,TRUE
resolution,TRUE
width,FALSE
result,TRUE
height,TRUE
shape,TRUE
representation,TRUE
quality,TRUE
density,TRUE
precision,TRUE
count,TRUE
space,TRUE
level,TRUE
range,TRUE
limit,TRUE
different,FALSE
compression,FALSE
simple,FALSE
simplify,FALSE
linear,FALSE
simple,FALSE
greedy,FALSE
filter,TRUE
match,TRUE
hybrid,FALSE
matrix,TRUE
filter,TRUE
array,TRUE
graph,TRUE
implement,TRUE
apply,TRUE
choose,TRUE
introduce,TRUE
solve,TRUE
require,TRUE
employ,TRUE
rate,TRUE
stage,TRUE
moment,TRUE
altitude,FALSE
distance,TRUE
speed,TRUE
frequency,TRUE
location,TRUE
volume,TRUE
facility,TRUE
latitude,FALSE
spacecraft,TRUE
earth,TRUE
telescope,TRUE
sun,TRUE
laser,TRUE
Sun,FALSE
planet,FALSE
laboratory,TRUE
reactor,FALSE
perform,TRUE
transmit,TRUE
conduct,TRUE
generate,TRUE
display,TRUE
provide,TRUE
record,TRUE
produce,TRUE
run,TRUE
receive,TRUE
radiate,FALSE
send,TRUE
microwave,FALSE
continuous,FALSE
artificial,FALSE
coherent,FALSE
static,FALSE
active,FALSE
solar,FALSE
pulse,TRUE
total,FALSE
thermal,FALSE
dynamic,FALSE
output,TRUE
experiment,TRUE
image,TRUE
fiction,FALSE
interest,FALSE
research,TRUE
news,FALSE
advance,TRUE
record,TRUE
study,TRUE
power,TRUE
bandwidth,FALSE
voltage,TRUE
wavelength,TRUE
pressure,TRUE
depth,FALSE
minute,TRUE
hour,TRUE
day,TRUE
second,TRUE
km,FALSE
min,FALSE
condition,TRUE
arrangement,FALSE
rule,TRUE
configuration,TRUE
step,TRUE
feature,TRUE
still,FALSE
follow,TRUE
begin,TRUE
occur,TRUE
end,TRUE
indicate,TRUE
four,FALSE
three,FALSE
main,FALSE
relevant,FALSE
five,FALSE
two,FALSE
final,FALSE
six,FALSE
table,TRUE
article,TRUE
page,TRUE
chapter,TRUE
paper,TRUE
item,TRUE
example,TRUE
chart,TRUE
element,TRUE
list,TRUE
outline,TRUE
describe,TRUE
define,TRUE
cover,TRUE
explain,TRUE
discuss,TRUE
illustrate,TRUE
detail,TRUE
examine,TRUE
outline,TRUE
capability,TRUE
aspect,TRUE
structure,TRUE
function,TRUE
scope,TRUE
activity,TRUE
nature,TRUE
characteristic,TRUE
history,TRUE
feature,TRUE
framework,TRUE
area,TRUE
include,TRUE
particularly,FALSE
describe,TRUE
namely,FALSE
especially,FALSE
specifically,FALSE
notably,FALSE
comprise,TRUE
cover,TRUE
detail,TRUE
define,TRUE
relate,TRUE
interface,TRUE
concept,TRUE
principle,TRUE
functionality,TRUE
objective,TRUE
structure,TRUE
procedure,TRUE
mission,TRUE
task,TRUE
operational,FALSE
performance,TRUE
aircraft,TRUE
mission,TRUE
flight,TRUE
operate,TRUE
critical,FALSE
physical,FALSE
management,TRUE
analysis,TRUE
standard,TRUE
model,TRUE
assessment,TRUE
measure,TRUE
indicator,TRUE
monitor,TRUE
evaluation,TRUE
assessment,TRUE
failure,TRUE
threat,FALSE
fault,TRUE
accident,FALSE
problem,TRUE
incident,FALSE
damage,TRUE
leak,FALSE
collision,FALSE
crash,TRUE
disaster,FALSE
defect,FALSE
hazard,FALSE
detection,TRUE
handle,TRUE
prevention,TRUE
correction,TRUE
rate,TRUE
tolerance,FALSE
track,TRUE
protection,TRUE
report,TRUE
rescue,FALSE
capture,TRUE
backup,FALSE
launch,TRUE
interception,FALSE
insertion,FALSE
warn,TRUE
audit,FALSE
compliance,TRUE
measurement,TRUE
capability,TRUE
method,TRUE
technique,TRUE
tool,TRUE
mechanism,TRUE
technology,TRUE
relate,FALSE
associate,TRUE
embed,TRUE
underlie,FALSE
#,FALSE
force,TRUE
operation,TRUE
test,TRUE
attack,TRUE
command,TRUE
base,TRUE
,FALSE
problem,TRUE
issue,TRUE
aircraft,TRUE
line,TRUE
those,FALSE
area,TRUE
system,TRUE
change,TRUE
problem,TRUE
currently,FALSE
already,FALSE
do,TRUE
keep,TRUE
detect,TRUE
perform,TRUE
happen,TRUE
successfully,FALSE
test,TRUE
go,TRUE
site,TRUE
board,TRUE
scene,FALSE
disk,TRUE
premise,FALSE
release,TRUE
demand,TRUE
track,TRUE
resolve,TRUE
correct,TRUE
address,TRUE
fix,TRUE
repair,TRUE
treat,TRUE
handle,TRUE
avoid,TRUE
cure,TRUE
cover,TRUE
explain,TRUE
testing,TRUE
simulation,TRUE
computer,TRUE
programming,TRUE
test,TRUE
surgery,FALSE
hand,TRUE
manually,FALSE
training,TRUE
maintenance,TRUE
fuel,FALSE
engine,TRUE
instrument,TRUE
crew,FALSE
manual,FALSE
payload,TRUE
ground,TRUE
#,FALSE
state,TRUE
record,TRUE
portion,TRUE
target,TRUE
binary,FALSE
destination,TRUE
atomic,FALSE
schedule,TRUE
manifest,FALSE
generate,TRUE
produce,TRUE
create,TRUE
obtain,TRUE
collect,TRUE
develop,TRUE
take,TRUE
able,FALSE
allow,TRUE
possible,FALSE
enable,TRUE
necessary,FALSE
send,TRUE
process,TRUE
store,TRUE
distribute,TRUE
analyze,TRUE
receive,TRUE
interpret,TRUE
organize,TRUE
incoming,FALSE
message,TRUE
transmit,TRUE
receive,TRUE
UTC,FALSE
log,FALSE
file,TRUE
#,FALSE
stream,TRUE
point,TRUE
frame,TRUE
sheet,FALSE
packet,TRUE
source,TRUE
feed,TRUE
know,TRUE
release,TRUE
distribute,TRUE
issue,TRUE
define,TRUE
deliver,TRUE
client,TRUE
run,TRUE
compete,TRUE
operate,TRUE
come,TRUE
combine,TRUE
compatible,FALSE
deal,TRUE
capable,FALSE
80,FALSE
support,TRUE
11,FALSE
ip,FALSE
256,FALSE
64,FALSE
host,TRUE
resident,FALSE
native,FALSE
base,TRUE
#,FALSE
platform,TRUE
#,FALSE
environment,TRUE
#,FALSE
open,FALSE
international,FALSE
appropriate,FALSE
optical,FALSE
infect,FALSE
certificate,FALSE
prefix,FALSE
cable,TRUE
interpreter,FALSE
field,TRUE
angle,TRUE
aperture,TRUE
band,TRUE
range,TRUE
body,TRUE
scale,TRUE
region,TRUE
bore,FALSE
beam,TRUE
gamma,TRUE
x,FALSE
x,FALSE
cosmic,FALSE
Gamma,FALSE
uv,FALSE
γ,FALSE
alpha,FALSE
beta,FALSE
L,FALSE
Blu,FALSE
delta,FALSE
beta,FALSE
light,TRUE
extinction,FALSE
ray,FALSE
ray,TRUE
axi,FALSE
scan,FALSE
Ray,FALSE
15,FALSE
spot,FALSE
shape,TRUE
scan,TRUE
type,TRUE
guide,TRUE
wave,TRUE
detector,TRUE
tube,TRUE
len,TRUE
mirror,FALSE
observatory,TRUE
#,FALSE
observe,TRUE
target,TRUE
track,TRUE
map,TRUE
move,TRUE
transfer,TRUE
transport,TRUE
shift,TRUE
transition,TRUE
change,TRUE
bring,TRUE
transform,TRUE
carry,TRUE
event,TRUE
object,TRUE
input,TRUE
artifact,FALSE
instruction,TRUE
issue,TRUE
lead,TRUE
way,TRUE
dimensional,FALSE
phase,TRUE
hour,TRUE
day,TRUE
quarter,FALSE
minute,TRUE
signal,TRUE
clock,TRUE
cycle,TRUE
cycle,TRUE
connect,TRUE
operate,TRUE
engage,FALSE
charge,TRUE
execute,TRUE
combine,TRUE
#,FALSE
#,FALSE
nickname,TRUE
later,FALSE
email,FALSE
it,TRUE
automation,TRUE
implementation,TRUE
manager,FALSE
library,TRUE
stack,TRUE
enable,TRUE
handle,TRUE
perform,TRUE
establish,TRUE
make,TRUE
control,TRUE
interaction,TRUE
interaction,TRUE
connection,TRUE
transaction,TRUE
compatibility,TRUE
link,TRUE
communicating,FALSE
domain,TRUE
protocol,TRUE
single,FALSE
share,TRUE
central,FALSE
basic,FALSE
local,FALSE
primary,FALSE
processing,TRUE
specific,FALSE
center,TRUE
stream,TRUE
terminal,FALSE
storage,TRUE
#,FALSE
serial,FALSE
engineering,TRUE
perspective,TRUE
processor,TRUE
rely,TRUE
act,TRUE
sit,TRUE
drive,TRUE
reside,FALSE
focus,TRUE
turn,TRUE
register,TRUE
load,TRUE
write,TRUE
send,TRUE
capture,TRUE
transport,FALSE
search,TRUE
transfer,TRUE
save,TRUE
translate,TRUE
command,TRUE
object,TRUE
memory,TRUE
program,TRUE
resource,TRUE
message,TRUE
memory,TRUE
mode,FALSE
machine,TRUE
architecture,FALSE
management,FALSE
equipment,FALSE
message,TRUE
environment,TRUE
terminal,FALSE
manager,FALSE
monitor,TRUE
Controller,FALSE
service,FALSE
ship,TRUE
coordinate,TRUE
train,FALSE
interact,TRUE
via,FALSE
aboard,FALSE
#,FALSE
#,FALSE
sign,TRUE
#,FALSE
#,FALSE
#,FALSE
statement,TRUE
#,FALSE
mark,TRUE
symbol,TRUE
state,TRUE
say,TRUE
announce,TRUE
confirm,FALSE
imply,TRUE
reveal,TRUE
declare,FALSE
prove,TRUE
suggest,TRUE
denote,TRUE
complete,FALSE
valid,FALSE
ready,FALSE
work,TRUE
incorrect,FALSE
activate,TRUE
TRUE,FALSE
positive,FALSE
right,FALSE
caller,FALSE
team,TRUE
player,TRUE
start,TRUE
repeat,TRUE
sequence,TRUE
task,TRUE
execution,TRUE
mode,TRUE
call,TRUE
transaction,TRUE
cost,TRUE
end,TRUE
pass,TRUE
load,TRUE
temperature,TRUE
noise,TRUE
drag,FALSE
assembly,TRUE
installation,TRUE
selection,TRUE
certification,TRUE
conduct,TRUE
accomplish,TRUE
achieve,TRUE
undertake,FALSE
initiate,TRUE
within,FALSE
utilize,TRUE
inside,FALSE
without,FALSE
100,FALSE
10,FALSE
c,FALSE
kernel,TRUE
model,TRUE
AI,FALSE
bed,FALSE
monitor,TRUE
compare,TRUE
examine,TRUE
driver,TRUE
vehicle,TRUE
acceleration,FALSE
#,FALSE
drive,TRUE
path,TRUE
short,FALSE
brief,FALSE
direct,FALSE
special,FALSE
separate,FALSE
pass,TRUE
subsequent,FALSE
jump,TRUE
NASA,FALSE
Mars,FALSE
listener,FALSE
user,TRUE
student,FALSE
Congress,FALSE
#,FALSE
#,FALSE
#,FALSE
#,FALSE
#,FALSE
#,FALSE
#,FALSE
#,FALSE
#,FALSE
#,FALSE
restore,FALSE
enhance,TRUE
boost,TRUE
establish,TRUE
promote,TRUE
increase,TRUE
demonstrate,TRUE
convey,FALSE
future,TRUE
effective,FALSE
full,FALSE
specification,TRUE
definition,TRUE
language,TRUE
class,TRUE
class,TRUE
level,TRUE
part,TRUE
version,FALSE
schedule,TRUE
chapter,TRUE
category,TRUE
type,TRUE
publication,TRUE
standard,FALSE
classification,TRUE
describe,TRUE
specify,TRUE
state,TRUE
detail,FALSE
outline,TRUE
express,TRUE
document,TRUE
show,TRUE
reference,TRUE
ieee,FALSE
iso,FALSE
ICAO,FALSE
rfc,FALSE
the,FALSE
IBM,FALSE
list,TRUE
chapter,TRUE
paper,TRUE
book,TRUE
paragraph,FALSE
cover,TRUE
present,TRUE
explain,TRUE
discuss,TRUE
address,TRUE
safety,TRUE
minimum,FALSE
mount,TRUE
locate,TRUE
house,TRUE
situate,FALSE
center,TRUE
place,TRUE
centre,TRUE
carry,TRUE
focus,TRUE
position,TRUE
vacuum,TRUE
glass,FALSE
inner,FALSE
tv,TRUE
steel,FALSE
centre,TRUE
mount,FALSE
wall,FALSE
head,TRUE
roof,FALSE
floor,FALSE
side,TRUE
mast,FALSE
tower,FALSE
shaft,FALSE
compose,TRUE
make,TRUE
consist,TRUE
comprise,TRUE
construct,TRUE
consist,TRUE
consist,TRUE
consist,TRUE
free,FALSE
constitute,TRUE
small,FALSE
infrare,FALSE
photographic,FALSE
small,FALSE
large,FALSE
camera,TRUE
unit,TRUE
screen,TRUE
sensor,TRUE
mount,TRUE
instrument,TRUE
#,FALSE
#,FALSE
#,FALSE
#,FALSE
#,FALSE
#,FALSE
reliability,TRUE
pronounce,FALSE
alia,FALSE
experimental,FALSE
electronic,TRUE
automatic,FALSE
circuit,TRUE
console,FALSE
extend,TRUE
demonstrate,TRUE
efficiency,TRUE
behavior,TRUE
cool,TRUE
motion,TRUE
use,TRUE
movement,TRUE
flow,TRUE
air,TRUE
water,TRUE
heat,TRUE
steam,FALSE
individual,FALSE
pipe,FALSE
electric,FALSE
ceramic,FALSE
convection,FALSE
fan,FALSE
drum,FALSE
wheel,TRUE
valve,TRUE
mechanism,TRUE
coefficient,FALSE
integral,FALSE
action,TRUE
feedback,FALSE
compensation,FALSE
edge,TRUE
effect,TRUE
inverse,TRUE
calculation,TRUE
reduction,TRUE
approximation,FALSE
logic,TRUE
mapping,TRUE
it,FALSE
this,FALSE
climate,FALSE
population,TRUE
life,TRUE
distribution,TRUE
datum,TRUE
history,TRUE
legend,FALSE
everything,FALSE
style,TRUE
what,FALSE
speech,FALSE
computer,FALSE
central,FALSE
automatic,FALSE
software,FALSE
electronic,FALSE
Digital,FALSE
information,FALSE
audio,FALSE
special,FALSE
Signal,FALSE
sound,FALSE
accept,TRUE
get,TRUE
separate,TRUE
filter,TRUE
sample,TRUE
event,TRUE
input,TRUE
call,TRUE
event,FALSE
process,FALSE
incident,FALSE
control,FALSE
mission,FALSE
image,FALSE
event,FALSE
program,FALSE
operation,FALSE
status,FALSE
field,FALSE
performance,FALSE
forwards,FALSE
pass,TRUE
direct,TRUE
convert,TRUE
identification,TRUE
generation,TRUE
recognition,FALSE
reception,FALSE
acquisition,FALSE
interpretation,FALSE
playback,FALSE
export,FALSE
delivery,FALSE
distribution,TRUE
back,FALSE
locomotive,FALSE
major,FALSE
spectral,FALSE
car,TRUE
letter,TRUE
train,TRUE
breed,FALSE
station,TRUE
area,TRUE
hall,FALSE
site,TRUE
platform,TRUE
center,TRUE
group,TRUE
room,TRUE
centre,TRUE
zone,FALSE
level,TRUE
region,TRUE
host,TRUE
virtual,FALSE
permit,TRUE
utilize,TRUE
allow,TRUE
cause,TRUE
protect,TRUE
agent,FALSE
request,TRUE
fetch,TRUE
supply,TRUE
modify,TRUE
import,FALSE
retrieve,TRUE
action,TRUE
web,TRUE
probe,FALSE
satellite,FALSE
station,FALSE
capsule,FALSE
series,TRUE
group,TRUE
string,TRUE
chain,FALSE
succession,FALSE
row,TRUE
constellation,FALSE
trilogy,FALSE
pair,TRUE
atmosphere,FALSE
size,FALSE
sky,FALSE
mass,TRUE
term,TRUE
orbit,TRUE
orbital,FALSE
astronomy,FALSE
reconnaissance,FALSE
image,TRUE
observation,TRUE
navigation,TRUE
Explorer,FALSE
atmospheric,FALSE
rocket,FALSE
satellite,TRUE
project,TRUE
facility,TRUE
building,TRUE
kind,TRUE
sort,TRUE
magnitude,TRUE
era,TRUE
decade,FALSE
century,TRUE
build,TRUE
physic,FALSE
science,TRUE
weather,FALSE
photography,FALSE
game,TRUE
expansion,FALSE
core,TRUE
family,TRUE
typically,FALSE
additionally,FALSE
hold,TRUE
house,TRUE
carry,TRUE
host,TRUE
container,FALSE
replace,TRUE
power,TRUE
support,TRUE
enterprise,FALSE
cpu,FALSE
extension,FALSE
rom,TRUE
engine,FALSE
dos,FALSE
responsible,FALSE
reserve,FALSE
intend,TRUE
suitable,FALSE
dedicate,FALSE
ram,TRUE
cache,TRUE
graphic,TRUE
match,TRUE
coordinate,TRUE
combine,TRUE
integrate,TRUE
compare,TRUE
replace,TRUE
tie,TRUE
distinguish,TRUE
sound,TRUE
time,TRUE
pulse,TRUE
loop,TRUE
s,FALSE
one,TRUE
one,FALSE
watch,FALSE
clock,FALSE
time,FALSE
world,FALSE
answer,FALSE
ship,FALSE
we,FALSE
day,FALSE
end,TRUE
future,FALSE
voice,FALSE
channel,FALSE
code,FALSE
accessible,FALSE
encode,TRUE
supply,TRUE
feed,TRUE
MHz,FALSE
second,FALSE
hour,FALSE
flight,FALSE
flow,FALSE
use,FALSE
point,FALSE
Piece,FALSE
pound,FALSE
record,FALSE
unit,FALSE
a,TRUE
arithmetic,FALSE
#,FALSE
size,TRUE
delay,TRUE
variation,TRUE
combination,TRUE
#,FALSE
field,TRUE
programmer,FALSE
interrupt,TRUE
slow,TRUE
restart,FALSE
stop,TRUE
impact,TRUE
destroy,TRUE
activate,TRUE
affect,TRUE
board,TRUE
panel,TRUE
chip,TRUE
random,FALSE
repeat,TRUE
constant,FALSE
excessive,FALSE
simply,FALSE
rapid,FALSE
periodic,FALSE
slight,FALSE
usage,TRUE
activation,FALSE
old,FALSE
mouse,FALSE
monitor,TRUE
button,TRUE
cause,TRUE
encourage,FALSE
leave,TRUE
prevent,TRUE
lead,TRUE
flash,TRUE
leave,TRUE
hit,TRUE
strike,TRUE
miss,TRUE
freeze,FALSE
exit,TRUE
block,TRUE
rotate,TRUE
empty,FALSE
processor,TRUE
register,TRUE
go,TRUE
burn,TRUE
roll,TRUE
drop,TRUE
move,TRUE
wear,TRUE
cut,TRUE
fall,TRUE
instant,FALSE
position,TRUE
switch,TRUE
transition,TRUE
shift,TRUE
turn,TRUE
revert,FALSE
return,TRUE
convert,TRUE
flip,TRUE
migrate,FALSE
shift,TRUE
isolation,FALSE
suppression,FALSE
emission,TRUE
count,TRUE
high,FALSE
gate,TRUE
peak,FALSE
#,FALSE
#,FALSE
theorem,FALSE
#,FALSE
cell,TRUE
side,FALSE
pc,TRUE
prototype,FALSE
laptop,FALSE
contain,TRUE
housing,FALSE
•,FALSE
#,FALSE
aspect,TRUE
advantage,TRUE
asset,FALSE
ingredient,FALSE
innovation,FALSE
constituent,FALSE
characteristic,TRUE
instrumentation,FALSE
#,FALSE
couple,TRUE
link,TRUE
bring,TRUE
fit,TRUE
pair,TRUE
#,FALSE
precede,TRUE
follow,TRUE
previous,FALSE
adjacent,FALSE
follow,FALSE
chart,TRUE
diagram,TRUE
summary,TRUE
example,TRUE
name,TRUE
role,TRUE
order,TRUE
composition,TRUE
status,TRUE
property,TRUE
rank,FALSE
breakdown,FALSE
member,TRUE
headquarter,FALSE
office,TRUE
location,TRUE
participant,FALSE
node,TRUE
server,TRUE
municipality,FALSE
district,FALSE
dam,FALSE
former,FALSE
division,TRUE
employ,TRUE
incorporate,TRUE
generator,TRUE
#,FALSE
synthesizer,FALSE
manipulate,FALSE
calculate,TRUE
handle,TRUE
represent,TRUE
#,FALSE
,FALSE
particular,FALSE
certain,FALSE
key,FALSE
foreign,FALSE
blank,FALSE
desire,TRUE
buffer,TRUE
tag,FALSE
bank,FALSE
enter,TRUE
check,TRUE
identify,TRUE
type,TRUE
routine,TRUE
variable,TRUE
packet,TRUE
encounter,FALSE
pass,TRUE
exhibit,FALSE
syllable,FALSE
thread,FALSE
argument,FALSE
integer,TRUE
open,TRUE
stop,TRUE
check,TRUE
solve,TRUE
check,TRUE
mistake,FALSE
situation,TRUE
bug,TRUE
mistake,FALSE
transfer,TRUE
save,TRUE
route,TRUE
report,TRUE
manage,TRUE
administer,FALSE
govern,TRUE
head,TRUE
supervise,FALSE
control,TRUE
determine,TRUE
oversee,TRUE
represent,TRUE
lead,TRUE
regulate,TRUE
accredit,FALSE
maintain,TRUE
typical,FALSE
useful,FALSE
partial,FALSE
description,TRUE
indicator,TRUE
illustrate,TRUE
depict,TRUE
see,TRUE
indicate,TRUE
accompany,FALSE
preliminary,FALSE
comprehensive,FALSE
propose,TRUE
overview,TRUE
figure,TRUE
identify,TRUE
develop,TRUE
organize,TRUE
well,FALSE
essential,FALSE
various,FALSE
recommend,TRUE
resource,TRUE
cluster,TRUE
registration,FALSE
option,TRUE
key,TRUE
controller,TRUE
factor,TRUE
configuration,TRUE
patch,TRUE
priority,TRUE
profile,TRUE
attribute,FALSE
recommendation,FALSE
proprietary,FALSE
requirement,TRUE
automatically,FALSE
password,FALSE
always,FALSE
permanently,FALSE
internally,FALSE
engineer,TRUE
mean,TRUE
Linux,FALSE
derive,TRUE
distinguish,TRUE
distinct,FALSE
draw,TRUE
material,TRUE
autonomous,FALSE
independent,FALSE
educational,FALSE
oversee,TRUE
affect,TRUE
surface,TRUE
hydraulic,FALSE
cylinder,FALSE
outlet,FALSE
pattern,TRUE
unknown,FALSE
close,TRUE
robot,FALSE
conduct,TRUE
put,TRUE
statistical,FALSE
numerical,FALSE
mathematical,FALSE
probability,FALSE
transformation,FALSE
#,FALSE
#,FALSE
#,FALSE
gas,TRUE
charge,TRUE
energy,TRUE
resistance,TRUE
torque,FALSE
direction,TRUE
velocity,TRUE
these,FALSE
such,FALSE
real,FALSE
regular,FALSE
direct,FALSE
its,FALSE
experimental,FALSE
normal,FALSE
his,FALSE
their,FALSE
statistical,FALSE
acoustic,FALSE
transmission,TRUE
broadcast,TRUE
route,FALSE
promotion,FALSE
warning,FALSE
response,TRUE
differ,TRUE
differ,TRUE
differ,TRUE
vary,TRUE
contrast,TRUE
differ,TRUE
differentiate,FALSE
depart,FALSE
observation,TRUE
prediction,FALSE
measurement,TRUE
prediction,FALSE
b,FALSE
main,FALSE
16,FALSE
basic,FALSE
advanced,FALSE
general,FALSE
depict,TRUE
content,TRUE
evolution,FALSE
stage,TRUE
phase,TRUE
branch,FALSE
edition,FALSE
contestant,FALSE
introduce,TRUE
enter,TRUE
add,TRUE
#,FALSE
play,TRUE
#,FALSE
boot,TRUE
Unix,FALSE
operate,TRUE
scheme,TRUE
equip,TRUE
supplement,TRUE
package,TRUE
ship,TRUE
bundle,FALSE
variety,TRUE
collection,TRUE
combination,TRUE
couple,TRUE
specialize,FALSE
library,TRUE
utility,TRUE
routine,TRUE
remote,FALSE
allocation,FALSE
administration,FALSE
creation,TRUE
share,TRUE
finally,FALSE
eventually,FALSE
hence,FALSE
vision,FALSE
reflection,TRUE
rating,FALSE
ratio,TRUE
threshold,TRUE
Protocol,FALSE
core,FALSE
center,FALSE
network,FALSE
platform,FALSE
keyboard,FALSE
antenna,TRUE
connector,TRUE
link,FALSE
radio,TRUE
#,FALSE
#,FALSE
current,FALSE
energy,FALSE
propulsion,FALSE
#,FALSE
#,FALSE
force,FALSE
swift,FALSE
science,FALSE
wave,FALSE
utilize,TRUE
exploit,TRUE
leverage,FALSE
incorporate,TRUE
harness,FALSE
investigate,TRUE
apply,TRUE
evaluate,TRUE
employ,TRUE
study,TRUE
discover,TRUE
establish,TRUE
acquire,TRUE
prove,TRUE
learn,TRUE
demonstrate,TRUE
#,FALSE
#,FALSE
#,FALSE
parameter,TRUE
phenomenon,FALSE
effect,TRUE
theory,TRUE
conduct,TRUE
undertake,FALSE
begin,TRUE
facilitate,TRUE
initiate,TRUE
demonstration,FALSE
trial,FALSE
discovery,FALSE
survey,TRUE
case,TRUE
subject,TRUE
specie,FALSE
galaxy,TRUE
star,TRUE
initial,FALSE
project,TRUE
plan,TRUE
upcoming,FALSE
inaugural,FALSE
nearly,FALSE
ongoing,FALSE
year,TRUE
month,TRUE
week,FALSE
year,TRUE
season,TRUE
fold,FALSE
period,TRUE
duration,TRUE
campaign,FALSE
career,FALSE
journey,FALSE
score,TRUE
sample,TRUE
picture,TRUE
exceed,TRUE
cross,TRUE
meet,TRUE
equal,TRUE
satisfy,TRUE
maximum,TRUE
sum,TRUE
original,FALSE
average,TRUE
amount,TRUE
measure,TRUE
compare,TRUE
replace,TRUE
merge,FALSE
match,TRUE
correlate,FALSE
mixed,TRUE
blend,FALSE
fuse,FALSE
reaction,FALSE
weight,FALSE
coil,FALSE
node,TRUE
multi,FALSE
mid,FALSE
hot,FALSE
door,TRUE
wire,TRUE
end,TRUE
shell,FALSE
zone,TRUE
drive,TRUE
power,TRUE
cool,TRUE
heat,TRUE
follow,TRUE
heating,TRUE
electrical,FALSE
exact,FALSE
melt,FALSE
turn,TRUE
per,FALSE
set,TRUE
zero,FALSE
adjust,TRUE
thus,FALSE
therefore,FALSE
usually,FALSE
measure,TRUE
induce,TRUE
monitor,TRUE
differential,FALSE
discover,TRUE
determine,TRUE
explore,TRUE
understand,TRUE
trace,TRUE
abundance,FALSE
origin,TRUE
presence,TRUE
formation,FALSE
dynamic,TRUE
age,FALSE
predict,TRUE
see,TRUE
assess,TRUE
show,TRUE
#,FALSE
#,FALSE
precursor,FALSE
#,FALSE
electromagnetic,FALSE
#,FALSE
nuclei,FALSE
fragment,FALSE
particle,TRUE
receptor,FALSE
cell,TRUE
burst,TRUE
ring,TRUE
#,FALSE
crystal,FALSE
interfere,FALSE
associate,TRUE
compete,TRUE
merge,FALSE
deal,TRUE
mix,TRUE
coincide,FALSE
cluster,TRUE
radiation,TRUE
plasma,FALSE
cloud,FALSE
dust,FALSE
other,TRUE
kind,TRUE
form,TRUE
frequency,TRUE
class,TRUE
mode,TRUE
shape,TRUE
matter,TRUE
material,TRUE
molecule,FALSE
complex,FALSE
delay,TRUE
violation,FALSE
exist,TRUE
occur,TRUE
happen,TRUE
arise,TRUE
appear,TRUE
strike,FALSE
occur,TRUE
emerge,TRUE
arrive,FALSE
loss,TRUE
terminate,TRUE
proceed,TRUE
continue,TRUE
operate,TRUE
another,FALSE
number,TRUE
number,TRUE
year,TRUE
number,TRUE
letter,TRUE
word,TRUE
digit,TRUE
point,TRUE
unit,TRUE
name,TRUE
track,TRUE
bracket,FALSE
bold,FALSE
red,FALSE
italic,FALSE
yellow,FALSE
blue,FALSE
row,TRUE
green,FALSE
column,TRUE
column,TRUE
question,FALSE
black,FALSE
white,FALSE
indicate,TRUE
denote,TRUE
reflect,TRUE
specify,TRUE
food,FALSE
menu,FALSE
staff,FALSE
personnel,FALSE
household,FALSE
assistant,FALSE
room,TRUE
child,FALSE
count,TRUE
assign,TRUE
sell,TRUE
general,FALSE
graphical,FALSE
discuss,TRUE
upper,FALSE
motor,TRUE
million,FALSE
#,FALSE
contact,TRUE
touch,TRUE
pin,TRUE
#,FALSE
setting,FALSE
#,FALSE
light,TRUE
#,FALSE
#,FALSE
temperature,TRUE
adjust,TRUE
meter,TRUE
use,TRUE
release,TRUE
on,FALSE
take,TRUE
in,FALSE
make,TRUE
change,TRUE
open,TRUE
hold,TRUE
call,TRUE
from,FALSE
launch,TRUE
stop,TRUE
for,FALSE
hierarchy,FALSE
backwards,FALSE
backward,FALSE
non,FALSE
sub,FALSE
os,TRUE
dual,FALSE
meta,FALSE
library,FALSE
publishing,FALSE
master,FALSE
security,FALSE
difference,TRUE
variation,TRUE
decrease,TRUE
change,TRUE
variance,TRUE
adjustment,TRUE
grid,FALSE
brightness,TRUE
orientation,FALSE
focus,TRUE
sensitivity,FALSE
elevation,FALSE
difference,TRUE
intensity,TRUE
alignment,FALSE
length,TRUE
near,FALSE
visible,FALSE
principal,FALSE
actual,FALSE
close,FALSE
large,FALSE
secondary,FALSE
natural,FALSE
#,FALSE
sunlight,FALSE
illumination,FALSE
moonlight,FALSE
light,FALSE
daylight,FALSE
sunshine,FALSE
reflect,TRUE
reflect,TRUE
depend,TRUE
extreme,FALSE
emergency,FALSE
edge,FALSE
action,FALSE
analysis,FALSE
assessment,FALSE
editing,FALSE
evaluation,FALSE
prevention,FALSE
testing,FALSE
find,FALSE
recovery,FALSE
resolution,FALSE
design,FALSE
access,FALSE
growth,FALSE
success,FALSE
attendance,FALSE
literacy,FALSE
heart,FALSE
exchange,TRUE
death,FALSE
birth,FALSE
unemployment,FALSE
population,TRUE
completion,FALSE
mortality,FALSE
graduation,FALSE
date,TRUE
interval,TRUE
valve,TRUE
pump,TRUE
brake,TRUE
low,FALSE
deep,FALSE
oil,FALSE
fluid,FALSE
liquid,FALSE
discharge,FALSE
rear,TRUE
regulator,TRUE
gauge,FALSE
relief,FALSE
sensitive,FALSE
build,TRUE
write,FALSE
run,FALSE
drive,FALSE
plug,TRUE
design,TRUE
build,TRUE
set,FALSE
make,FALSE
read,FALSE
find,FALSE
root,FALSE
put,TRUE
sit,FALSE
algorithm,TRUE
collect,TRUE
extract,TRUE
verify,TRUE
logical,FALSE
calculation,TRUE
building,TRUE
bear,TRUE
use,TRUE
create,TRUE
lock,FALSE
west,FALSE
traditional,FALSE
north,FALSE
western,FALSE
south,FALSE
wide,FALSE
fully,FALSE
recorder,FALSE
tape,TRUE
panel,TRUE
window,TRUE
channel,TRUE
port,TRUE
circuit,TRUE
surface,TRUE
analog,TRUE
analogue,FALSE
mechanical,FALSE
stereo,FALSE
print,TRUE
government,TRUE
copyright,FALSE
human,TRUE
orient,TRUE
dependent,FALSE
wise,FALSE
sheet,TRUE
attach,TRUE
submit,FALSE
subject,FALSE
prior,FALSE
bind,TRUE
accord,TRUE
pertain,FALSE
website,TRUE
determine,TRUE
rest,TRUE
majority,FALSE
bulk,FALSE
entirety,FALSE
rule,TRUE
late,FALSE
recent,FALSE
portion,TRUE
edition,FALSE
plan,TRUE
electricity,TRUE
power,TRUE
AC,FALSE
plant,TRUE
turbine,FALSE
#,FALSE
battery,FALSE
amplifi,FALSE
tank,FALSE
DC,FALSE
capacity,TRUE
rate,TRUE
r,FALSE
battle,FALSE
playable,FALSE
member,TRUE
variant,FALSE
background,TRUE
vertex,FALSE
respective,FALSE
equation,FALSE
sentence,FALSE
graph,TRUE
consider,TRUE
book,TRUE
language,TRUE
game,TRUE
publication,FALSE
regulation,TRUE
law,FALSE
subdivision,FALSE
counterpart,FALSE
average,TRUE
print,TRUE
dot,FALSE
photo,TRUE
month,TRUE
inch,FALSE
cm,FALSE
step,TRUE
word,TRUE
mb,FALSE
dot,TRUE
m²,FALSE
foot,TRUE
color,TRUE
gb,FALSE
knowledge,FALSE
info,FALSE
intelligence,FALSE
directly,FALSE
footage,FALSE
imagery,FALSE
submit,FALSE
context,TRUE
case,TRUE
manner,TRUE
name,TRUE
place,TRUE
result,TRUE
statistic,FALSE
rule,TRUE
model,TRUE
standard,TRUE
solution,TRUE
support,TRUE
test,TRUE
open,TRUE
lock,TRUE
start,TRUE
seal,TRUE
reopen,FALSE
unlocked,FALSE
light,TRUE
screen,TRUE
filter,TRUE
telephone,FALSE
customer,TRUE
person,TRUE
phone,FALSE
company,TRUE
carrier,FALSE
disable,FALSE
trigger,TRUE
normal,FALSE
condition,TRUE
variable,TRUE
fact,TRUE
consideration,FALSE
reason,TRUE
table,TRUE
figure,FALSE
section,TRUE
step,TRUE
clause,FALSE
constraint,TRUE
definition,TRUE
remainder,FALSE
film,TRUE
remain,TRUE
play,TRUE
stay,TRUE
overall,FALSE
reach,TRUE
exceed,TRUE
approach,TRUE
become,TRUE
increase,TRUE
hit,TRUE
percent,FALSE
°,FALSE
§,FALSE
diagnostic,FALSE
risk,TRUE
tolerant,FALSE
prone,FALSE
analysis,TRUE
scenario,FALSE
plan,TRUE
exist,TRUE
encryption,FALSE
pipeline,FALSE
#,FALSE
#,FALSE
respond,TRUE
bind,TRUE
setup,FALSE
instance,TRUE
circumstance,FALSE
survive,FALSE
radar,TRUE
analyst,FALSE
#,FALSE
consecutive,FALSE
extra,FALSE
calendar,FALSE
square,FALSE
#,FALSE
meter,TRUE
#,FALSE
moment,TRUE
lamp,FALSE
distance,TRUE
close,FALSE
relative,FALSE
close,FALSE
correspond,TRUE
optimal,FALSE
variant,FALSE
subset,FALSE
normally,FALSE
completely,FALSE
integrity,FALSE
#,FALSE
#,FALSE
#,FALSE
log,FALSE
evaluate,TRUE
verify,TRUE
calculate,TRUE
assess,TRUE
compile,TRUE
raw,FALSE
real,FALSE
copy,TRUE
evidence,TRUE
half,TRUE
check,TRUE
drop,TRUE
patch,FALSE
punch,FALSE
back,TRUE
start,FALSE
break,FALSE
fly,FALSE
every,FALSE
early,FALSE
retrieve,TRUE
edit,TRUE
compress,FALSE
extract,TRUE
insert,TRUE
copy,TRUE
import,FALSE
put,TRUE
scenario,FALSE
sense,TRUE
experiment,TRUE
assume,TRUE
estimate,TRUE
expect,TRUE
likely,FALSE
say,TRUE
think,TRUE
believe,TRUE
unlikely,FALSE
understand,TRUE
take,TRUE
take,TRUE
take,TRUE
cost,TRUE
last,TRUE
Hz,FALSE
arrive,FALSE
go,TRUE
travel,TRUE
come,TRUE
fly,TRUE
descend,FALSE
enemy,FALSE
objective,TRUE
K,FALSE
BC,FALSE
v,FALSE
#,FALSE
nm,FALSE
degree,TRUE
metre,FALSE
#,FALSE
mean,TRUE
advance,TRUE
get,TRUE
track,TRUE
penetrate,FALSE
reach,TRUE
get,TRUE
travel,TRUE
yield,TRUE
initial,FALSE
active,FALSE
Upper,FALSE
intermediate,FALSE
alpha,FALSE
attack,FALSE
echo,FALSE
above,FALSE
alternative,FALSE
external,FALSE
vector,TRUE
profile,TRUE
accurate,FALSE
enhance,TRUE
report,FALSE
rate,TRUE
case,TRUE
response,FALSE
respectively,FALSE
intelligent,FALSE
interchange,FALSE
room,FALSE
shop,FALSE
studio,FALSE
lounge,FALSE
incident,FALSE
episode,FALSE
require,TRUE
trigger,TRUE
involve,TRUE
constitute,TRUE
need,TRUE
permit,TRUE
temporary,FALSE
default,FALSE
delay,TRUE
minor,FALSE
bad,FALSE
premature,FALSE
breach,FALSE
review,TRUE
disorder,FALSE
decision,FALSE
bias,TRUE
due,FALSE
refer,TRUE
subject,TRUE
limit,TRUE
#,FALSE
plane,TRUE
#,FALSE
circle,FALSE
vertical,FALSE
horizontal,FALSE
focal,FALSE
negative,FALSE
pull,TRUE
flip,TRUE
emergency,TRUE
exceptional,FALSE
uncertain,FALSE
isolate,FALSE
extreme,FALSE
unstable,FALSE
ideal,FALSE
manufacture,TRUE
priority,TRUE
education,FALSE
supervision,FALSE
license,FALSE
coach,FALSE
preparation,FALSE
learn,TRUE
unlike,FALSE
easy,FALSE
online,FALSE
utility,TRUE
select,TRUE
driver,FALSE
search,FALSE
investigation,FALSE
treatment,FALSE
safety,FALSE
rescue,FALSE
protection,FALSE
trial,FALSE
solution,TRUE
#,FALSE
bulb,FALSE
microphone,FALSE
fiber,FALSE
fibre,FALSE
#,FALSE
#,FALSE
press,TRUE
seat,FALSE
#,FALSE
#,FALSE
#,FALSE
press,TRUE
#,FALSE
brand,FALSE
market,TRUE
stylize,FALSE
standardize,FALSE
license,TRUE
internet,TRUE
observe,TRUE
enter,TRUE
temporal,FALSE
spatial,FALSE
global,FALSE
fire,TRUE
chase,FALSE
shoot,FALSE
arc,FALSE
generally,FALSE
often,FALSE
conclude,FALSE
finish,TRUE
proceed,FALSE
star,TRUE
ship,TRUE
asteroid,FALSE
moon,FALSE
moon,FALSE
comet,FALSE
missile,FALSE
strike,FALSE
destroy,FALSE
capture,TRUE
refer,TRUE
jump,TRUE
travel,TRUE
fly,TRUE
may,FALSE
attack,TRUE
induce,TRUE
force,TRUE
administrator,FALSE
lose,TRUE
publish,TRUE
everything,FALSE
anything,FALSE
reach,TRUE
enter,TRUE
give,TRUE
possibly,FALSE
even,FALSE
z,TRUE
xi,FALSE
xi,FALSE
Band,FALSE
stream,FALSE
body,FALSE
ridge,FALSE
gate,FALSE
charge,FALSE
transfer,TRUE
move,TRUE
direct,TRUE
flash,FALSE
effect,FALSE
base,TRUE
ion,FALSE
circuit,FALSE
survey,FALSE
motion,FALSE
image,FALSE
domain,FALSE
vision,FALSE
experiment,FALSE
range,FALSE
structure,FALSE
mass,FALSE
absorption,FALSE
aim,TRUE
aim,TRUE
amplitude,FALSE
signature,FALSE
#,FALSE
curve,TRUE
spectrum,FALSE
ion,FALSE
planet,FALSE
band,TRUE
landscape,FALSE
horizon,FALSE
expanse,FALSE
span,TRUE
measure,TRUE
average,TRUE
extend,TRUE
order,TRUE
axis,TRUE
direction,TRUE
peak,FALSE
kilometre,FALSE
kilometer,FALSE
centimeter,FALSE
separation,FALSE
diameter,FALSE
Europe,FALSE
companion,FALSE
purpose,TRUE
goal,TRUE
aim,TRUE
intent,FALSE
role,TRUE
mandate,FALSE
intention,FALSE
goal,TRUE
burst,TRUE
programme,FALSE
hypothesis,FALSE
locate,TRUE
existence,FALSE
absence,FALSE
gather,FALSE
energy,TRUE
emission,TRUE
universe,TRUE
galaxy,TRUE
infrastructure,FALSE
exist,TRUE
presentation,FALSE
nuclear,FALSE
scientific,FALSE
environment,TRUE
situation,TRUE
combat,FALSE
conflict,FALSE
sufficient,FALSE
usable,FALSE
simulate,FALSE
parameter,TRUE
choice,FALSE
substitute,FALSE
#,FALSE
consider,TRUE
entity,TRUE
matrix,TRUE
man,FALSE
kilometre,TRUE
mile,TRUE
lane,FALSE
tension,FALSE
gap,TRUE
cord,FALSE
plate,TRUE
tunnel,FALSE
bar,TRUE
connect,TRUE
link,TRUE
20,FALSE
50,FALSE
#,FALSE
#,FALSE
#,FALSE
#,FALSE
#,FALSE
#,FALSE
#,FALSE
#,FALSE
#,FALSE
#,FALSE
gate,TRUE
button,TRUE
influence,TRUE
regulate,TRUE
dial,FALSE
bell,FALSE
start,TRUE
lever,FALSE
stage,TRUE
Chart,FALSE
phase,TRUE
page,TRUE
high,FALSE
high,FALSE
approximate,FALSE
decay,FALSE
speciman,FALSE
t,FALSE
q,FALSE
flux,FALSE
strength,FALSE
drop,TRUE
fall,TRUE
decrease,TRUE
decline,TRUE
dip,TRUE
lower,TRUE
go,TRUE
rise,TRUE
increase,TRUE
sink,TRUE
descend,FALSE
slow,TRUE
slip,TRUE
low,TRUE
raise,TRUE
extend,TRUE
expand,TRUE
radius,FALSE
e,FALSE
n,FALSE
long,FALSE
d,TRUE
tall,FALSE
music,FALSE
art,FALSE
education,FALSE
colour,FALSE
award,FALSE
Games,FALSE
art,FALSE
direction,TRUE
record,FALSE
language,TRUE
translation,FALSE
extension,TRUE
blind,FALSE
check,TRUE
strand,FALSE
cross,TRUE
code,TRUE
send,TRUE
get,TRUE
Clear,FALSE
voice,FALSE
live,FALSE
secure,FALSE
#,FALSE
#,FALSE
#,FALSE
#,FALSE
#,FALSE
#,FALSE
#,FALSE
master,FALSE
restriction,FALSE
limitation,TRUE
criterion,FALSE
limit,TRUE
assumption,FALSE
guideline,FALSE
obligation,FALSE
norm,FALSE
impose,TRUE
contingent,FALSE
bind,TRUE
enforce,TRUE
construction,FALSE
plan,TRUE
organization,TRUE
practice,TRUE
differentiate,FALSE
exclude,FALSE
inherit,FALSE
source,TRUE
tier,FALSE
grade,FALSE
stability,FALSE
unique,FALSE
vector,TRUE
correspond,TRUE
relate,TRUE
belong,FALSE
refer,TRUE
adapt,TRUE
way,TRUE
25,FALSE
24,FALSE
cd,TRUE
week,FALSE
#,FALSE
oxygen,TRUE
heroin,FALSE
waste,FALSE
gold,FALSE
circulation,FALSE
co₂,FALSE
glucose,FALSE
accuracy,TRUE
factor,TRUE
all,FALSE
place,TRUE
rotation,FALSE
movement,TRUE
vibration,FALSE
exhaust,FALSE
intake,FALSE
side,TRUE
lense,FALSE
wall,FALSE
door,TRUE
head,TRUE
apparatus,FALSE
centre,FALSE
depot,FALSE
depot,FALSE
facility,FALSE
wait,TRUE
continue,TRUE
#,FALSE
#,FALSE
penalty,FALSE
exceed,TRUE
meet,TRUE
raise,TRUE
attain,TRUE
satisfy,FALSE
surpass,FALSE
exhaust,FALSE
validity,FALSE
vote,FALSE
wait,TRUE
criterion,FALSE
fulfil,FALSE
complexity,FALSE
availability,TRUE
compute,TRUE
scheduling,FALSE
compilation,FALSE
machine,TRUE
box,TRUE
rank,TRUE
commercial,FALSE
equation,FALSE
particle,TRUE
possess,FALSE
disturbance,FALSE
interference,FALSE
wave,TRUE
collector,FALSE
request,TRUE
pick,TRUE
speed,TRUE
look,TRUE
back,TRUE
pull,TRUE
current,TRUE
count,TRUE
counter,TRUE
#,FALSE
exposure,TRUE
photo,TRUE
contact,TRUE
colour,FALSE
shot,FALSE
block,TRUE
speech,FALSE
transform,TRUE
reduce,TRUE
television,TRUE
multimedia,FALSE
music,TRUE
#,FALSE
#,FALSE
#,FALSE
code,TRUE
although,FALSE
though,FALSE
32,FALSE
kHz,FALSE
rpm,FALSE
clockwise,FALSE
approximately,FALSE
daily,FALSE
simultaneously,FALSE
nominally,FALSE
tree,FALSE
subsequently,FALSE
remotely,FALSE
quickly,FALSE
efficiently,FALSE
physically,FALSE
thereby,FALSE
onto,FALSE
icon,FALSE
gallery,FALSE
box,TRUE
bay,FALSE
multiple,FALSE
they,FALSE
he,FALSE
one,FALSE
player,TRUE
you,FALSE
user,TRUE
she,FALSE
ramp,FALSE
route,FALSE
gradient,FALSE
rise,FALSE
burn,FALSE
potential,FALSE
worthy,FALSE
highly,FALSE
otherwise,FALSE
primarily,FALSE
deem,TRUE
strongly,FALSE
importance,FALSE
relevance,FALSE
significance,FALSE
convenience,FALSE
concern,TRUE
course,FALSE
simplicity,FALSE
quantity,FALSE
proportion,FALSE
card,TRUE
vote,FALSE
violation,FALSE
contain,TRUE
remain,TRUE
resemble,FALSE
appear,TRUE
secure,FALSE
trap,FALSE
slide,TRUE
outer,FALSE
outside,FALSE
bathroom,FALSE
lid,FALSE
hatch,FALSE
eye,TRUE
damage,TRUE
touch,TRUE
open,TRUE
curtain,FALSE
style,TRUE
encompasse,FALSE
multitude,FALSE
bundle,FALSE
aid,TRUE
assist,TRUE
guide,TRUE
extraction,FALSE
sort,TRUE
opening,FALSE
first,FALSE
final,FALSE
single,FALSE
dance,FALSE
film,FALSE
piano,FALSE
third,FALSE
original,FALSE
volume,TRUE
disc,FALSE
track,FALSE
disc,TRUE
episode,FALSE
Act,FALSE
episode,FALSE
season,TRUE
book,FALSE
accordance,FALSE
conjunction,FALSE
tandem,FALSE
association,FALSE
concert,FALSE
redundant,FALSE
fly,TRUE
jump,TRUE
accelerate,TRUE
arrive,TRUE
climb,TRUE
progress,FALSE
hundred,FALSE
leap,FALSE
mile,TRUE
yard,FALSE
#,FALSE
immediate,FALSE
upgrade,FALSE
alert,FALSE
colour,FALSE
proportional,FALSE
identical,FALSE
perpendicular,FALSE
map,TRUE
earthquake,FALSE
eclipse,FALSE
engagement,FALSE
wind,TRUE
electron,TRUE
weigh,TRUE
lose,TRUE
fall,TRUE
climb,FALSE
wind,TRUE
rain,FALSE
Cloud,FALSE
sky,FALSE
water,TRUE
fire,TRUE
air,TRUE
night,FALSE
sand,FALSE
snow,FALSE
heat,TRUE
adult,FALSE
child,FALSE
woman,FALSE
some,FALSE
variation,TRUE
most,FALSE
many,FALSE
student,FALSE
rare,FALSE
uncommon,FALSE
involve,TRUE
inherent,FALSE
note,TRUE
#,FALSE
coordination,FALSE
guidance,FALSE
surveillance,FALSE
land,FALSE
patch,TRUE
update,TRUE
session,FALSE
upload,FALSE
execute,TRUE
tell,FALSE
discrete,FALSE
rotate,TRUE
tiny,FALSE
spherical,FALSE
circular,FALSE
transport,TRUE
direct,TRUE
absorb,FALSE
scatter,FALSE
mirror,TRUE
electron,TRUE
gravity,FALSE
wire,TRUE
bottom,FALSE
lead,TRUE
offer,TRUE
position,TRUE
membership,FALSE
determination,FALSE
removal,FALSE
purpose,TRUE
sake,FALSE
#,FALSE
tight,FALSE
predict,TRUE
#,FALSE
archive,TRUE
lab,FALSE
visual,FALSE
astronomical,FALSE
finding,FALSE
format,TRUE
photograph,FALSE
picture,TRUE
curve,TRUE
signature,FALSE
pollution,FALSE
pair,TRUE
beam,TRUE
observe,TRUE
Galileo,FALSE
Venus,FALSE
saturn,FALSE
nautical,FALSE
lunar,FALSE
thousand,FALSE
metric,FALSE
involve,TRUE
period,TRUE
flight,TRUE
orbit,TRUE
accompany,TRUE
comprise,TRUE
constitute,TRUE
motor,TRUE
divide,TRUE
texture,FALSE
character,TRUE
lack,TRUE
scale,TRUE
equality,FALSE
economy,FALSE
calculus,FALSE
survey,TRUE
question,FALSE
much,FALSE
something,FALSE
nothing,FALSE
opportunity,FALSE
chance,FALSE
activity,TRUE
intervention,FALSE
view,FALSE
sight,FALSE
view,TRUE
mind,FALSE
experience,FALSE
agency,FALSE
observer,FALSE
residual,FALSE
rank,FALSE
researcher,FALSE
researcher,FALSE
author,FALSE
stroke,FALSE
round,FALSE
draw,TRUE
repetition,FALSE
sample,TRUE
consistency,TRUE
estimate,TRUE
derive,TRUE
meaning,FALSE
office,TRUE
meeting,FALSE
headquarter,FALSE
eight,FALSE
seven,FALSE
nine,FALSE
ten,FALSE
division,TRUE
grade,FALSE
weapon,FALSE
command,FALSE
program,TRUE
communication,TRUE
communicate,TRUE
f,FALSE
cc,FALSE
u,TRUE
p,TRUE
o,FALSE
m,FALSE
bus,FALSE
request,TRUE
translate,TRUE
loop,TRUE
bus,TRUE
keep,TRUE
agreement,FALSE
#,FALSE
#,FALSE
#,FALSE
#,FALSE
#,FALSE
#,FALSE
#,FALSE
#,FALSE
#,FALSE
#,FALSE
passenger,FALSE
entrance,FALSE
gps,FALSE
cable,TRUE
lock,TRUE
gear,FALSE
speaker,FALSE
electric,FALSE
electrical,FALSE
solar,FALSE
magnetic,FALSE
mechanical,FALSE
electricity,FALSE
industrial,FALSE
electro,FALSE
bio,FALSE
micro,FALSE
diesel,FALSE
semi,FALSE
gasoline,FALSE
quasi,FALSE
refrigerator,FALSE
cool,TRUE
battery,FALSE
#,FALSE
#,FALSE
robotic,FALSE
viewpoint,FALSE
thrust,FALSE
#,FALSE
bank,FALSE
instead,FALSE
thousand,FALSE
collection,TRUE
hundred,TRUE
edge,TRUE
would,FALSE
must,FALSE
pin,TRUE
rotate,TRUE
tap,TRUE
punch,FALSE
sample,TRUE
cancel,FALSE
fill,TRUE
fit,TRUE
wipe,TRUE
keep,TRUE
interval,TRUE
daytime,FALSE
weekday,FALSE
engine,TRUE
hand,TRUE
wheel,TRUE
leg,FALSE
car,TRUE
elevator,FALSE
locomotive,FALSE
relationship,TRUE
attachment,FALSE
protect,TRUE
close,TRUE
destroy,TRUE
preserve,FALSE
guide,TRUE
accord,TRUE
barrier,FALSE
successful,FALSE
interrupt,TRUE
warning,FALSE
dispatch,FALSE
pilot,FALSE
public,TRUE
recipient,FALSE
patient,TRUE
FCC,FALSE
FAA,FALSE
succeed,FALSE
lose,TRUE
load,TRUE
editor,FALSE
migration,FALSE
python,FALSE
many,FALSE
several,FALSE
framework,FALSE
an,FALSE
no,FALSE
pump,TRUE
appliance,FALSE
control,TRUE
limit,TRUE
encode,TRUE
hole,TRUE
path,TRUE
miss,FALSE
compiler,FALSE
result,TRUE
culminate,FALSE
aid,TRUE
persist,FALSE
participate,FALSE
accumulate,FALSE
participate,FALSE
assist,FALSE
recall,TRUE
readiness,FALSE
production,TRUE
consideration,FALSE
ID,FALSE
text,FALSE
logic,FALSE
follow,TRUE
any,FALSE
additional,FALSE
select,FALSE
confirm,FALSE
Manual,FALSE
guide,FALSE
handbook,FALSE
Database,FALSE
technical,FALSE
1,FALSE
17,FALSE
r,FALSE
treat,TRUE
#,FALSE
english,FALSE
panel,FALSE
gallery,FALSE
line,TRUE
drawing,FALSE
picture,TRUE
group,FALSE
figure,TRUE
sketch,FALSE
explanation,FALSE
timeline,FALSE
basis,FALSE
account,FALSE
auto,FALSE
self,TRUE
pre,FALSE
post,TRUE
ability,TRUE
flip,FALSE
shut,TRUE
lock,TRUE
click,FALSE
knock,FALSE
move,TRUE
world,TRUE
life,TRUE
#,FALSE
#,FALSE
#,FALSE
#,FALSE
proximity,FALSE
range,TRUE
regulation,TRUE
reading,FALSE
aft,FALSE
downstream,FALSE
downward,FALSE
behind,FALSE
sideways,FALSE
surround,FALSE
join,TRUE
metal,TRUE
#,FALSE
state,FALSE
aluminum,FALSE
#,FALSE
oxide,FALSE
#,FALSE
generator,TRUE
pump,FALSE
reactor,FALSE
compensate,FALSE
cater,TRUE
prepare,TRUE
accommodate,FALSE
care,TRUE
wait,TRUE
turbine,FALSE
arrival,FALSE
land,FALSE
occasion,FALSE
steer,FALSE
spin,FALSE
tilt,FALSE
fly,TRUE
vicinity,FALSE
bring,TRUE
force,TRUE
place,TRUE
put,TRUE
allow,TRUE
push,TRUE
draw,TRUE
pull,TRUE
throw,TRUE
direct,TRUE
integrate,TRUE
category,TRUE
slit,FALSE
get,TRUE
lead,FALSE
game,FALSE
stand,FALSE
scale,FALSE
style,TRUE
inspire,FALSE
root,FALSE
arbitrary,FALSE
across,FALSE
represent,TRUE
throughout,FALSE
draft,FALSE
discussion,FALSE
manuscript,FALSE
poem,FALSE
treatise,FALSE
story,FALSE
verse,FALSE
commentary,FALSE
enclose,FALSE
0,FALSE
500,FALSE
revise,FALSE
expand,TRUE
battery,FALSE
official,FALSE
date,TRUE
country,TRUE
nationality,FALSE
#,FALSE
prepare,TRUE
well,FALSE
reference,TRUE
print,TRUE
fashion,FALSE
photograph,FALSE
render,FALSE
search,TRUE
analyze,TRUE
exchange,TRUE
trade,FALSE
model,TRUE
model,TRUE
inclusive,FALSE
and,FALSE
but,FALSE
need,TRUE
work,TRUE
working,FALSE
usually,FALSE
sometimes,FALSE
maintenance,FALSE
test,TRUE
integration,FALSE
trial,FALSE
development,FALSE
assembly,FALSE
install,FALSE
inspect,FALSE
high,FALSE
rating,FALSE
instal,TRUE
apply,TRUE
develop,TRUE
implement,TRUE
evaluate,TRUE
obtain,TRUE
achieve,TRUE
relation,FALSE
principle,TRUE
along,FALSE
consistent,FALSE
begin,TRUE
mark,TRUE
clearly,FALSE
explicitly,FALSE
immediately,FALSE
exactly,FALSE
whether,FALSE
entity,TRUE
violate,FALSE
mention,FALSE
declaration,FALSE
assertion,FALSE
claim,TRUE
authority,FALSE
middle,FALSE
face,TRUE
midst,FALSE
occurrence,FALSE
aftermath,FALSE
wake,FALSE
select,TRUE
remove,TRUE
launch,TRUE
separate,TRUE
compile,TRUE
script,FALSE
execute,TRUE
store,TRUE
vehicle,TRUE
Model,FALSE
car,TRUE
accomplish,TRUE
fulfill,TRUE
pursue,TRUE
serve,TRUE
realize,TRUE
ambitious,FALSE
challenge,FALSE
assignment,FALSE
launch,TRUE
launch,TRUE
medical,FALSE
two,FALSE
new,FALSE
several,FALSE
various,FALSE
different,FALSE
both,FALSE
three,FALSE
appearance,FALSE
match,TRUE
ground,TRUE
boundary,FALSE
arrangement,FALSE
official,FALSE
aforementione,FALSE
duty,FALSE
statistic,FALSE
revenue,FALSE
economic,FALSE
trade,FALSE
cash,FALSE
business,TRUE
financial,FALSE
income,FALSE
employment,FALSE
investment,FALSE
share,TRUE
turnover,FALSE
national,FALSE
county,FALSE
prefecture,FALSE
behaviour,FALSE
illustration,FALSE
show,TRUE
show,TRUE
interested,FALSE
occupy,FALSE
engage,TRUE
assist,FALSE
observe,TRUE
complete,TRUE
issue,TRUE
prepare,TRUE
own,FALSE
#,FALSE
#,FALSE
#,FALSE
fast,FALSE
knob,FALSE
depend,TRUE
pay,TRUE
shoot,FALSE
enforcement,FALSE
quality,TRUE
contribute,TRUE
lead,TRUE
look,TRUE
appeal,FALSE
tend,TRUE
flexibility,FALSE
comfort,FALSE
origin,TRUE
implication,FALSE
advantage,TRUE
responsibility,FALSE
regard,TRUE
graphic,FALSE
reality,FALSE
counter,FALSE
slot,FALSE
slot,FALSE
face,TRUE
opposite,FALSE
affect,TRUE
medium,TRUE
compare,TRUE
video,TRUE
department,FALSE
own,FALSE
programme,FALSE
patient,TRUE
occasion,FALSE
sell,TRUE
market,TRUE
supply,TRUE
estimate,TRUE
half,TRUE
element,TRUE
study,TRUE
extent,FALSE
amount,TRUE
fraction,FALSE
effort,FALSE
concentration,FALSE
attention,FALSE
allocate,TRUE
enough,FALSE
construct,TRUE
repeat,TRUE
expression,FALSE
similarly,FALSE
computational,FALSE
formula,FALSE
moderate,FALSE
vary,TRUE
exercise,FALSE
play,TRUE
stop,TRUE
finish,TRUE
score,TRUE
travel,TRUE
spend,TRUE
gain,TRUE
article,TRUE
title,FALSE
rule,TRUE
help,TRUE
seek,TRUE
act,TRUE
attempt,TRUE
advance,TRUE
inform,FALSE
govern,TRUE
oversee,TRUE
conception,FALSE
formulation,FALSE
share,TRUE
easy,FALSE
driver,TRUE
freedom,FALSE
pursuit,FALSE
area,FALSE
advancement,FALSE
goal,TRUE
certificate,FALSE
equality,FALSE
quality,FALSE
People,FALSE
right,FALSE
degree,TRUE
defense,FALSE
॥,FALSE
#,FALSE
list,TRUE
reflect,TRUE
app,FALSE
serve,TRUE
rise,TRUE
grow,TRUE
descend,FALSE
#,FALSE
#,FALSE
#,FALSE
stick,TRUE
#,FALSE
#,FALSE
#,FALSE
#,FALSE
#,FALSE
#,FALSE
#,FALSE
#,FALSE
#,FALSE
#,FALSE
#,FALSE
of,FALSE
DE,FALSE
in,FALSE
the,FALSE
IV,FALSE
assumption,FALSE
trip,FALSE
attacker,FALSE
fragment,FALSE
safe,FALSE
return,TRUE
app,FALSE
launcher,FALSE
#,FALSE
#,FALSE
sic,FALSE
1998,FALSE
1997,FALSE
1992,FALSE
1990,FALSE
1996,FALSE
1991,FALSE
1999,FALSE
1993,FALSE
catalog,FALSE
95,FALSE
relationship,TRUE
correspondence,FALSE
distinction,FALSE
relation,FALSE
administrative,FALSE
policy,FALSE
schedule,TRUE
assign,FALSE
save,TRUE
ease,TRUE
offset,FALSE
progress,FALSE
function,TRUE
dimension,FALSE
inventory,FALSE
understand,TRUE
abstract,FALSE
examination,FALSE
encompass,FALSE
historical,FALSE
geographic,FALSE
broad,FALSE
conceptual,FALSE
policy,FALSE
theoretical,FALSE
concept,TRUE
strategy,FALSE
expectation,FALSE
outcome,FALSE
comparison,FALSE
catalogue,FALSE
#,FALSE
complex,TRUE
organization,TRUE
compose,TRUE
client,TRUE
backbone,FALSE
hub,FALSE
reduce,TRUE
fade,TRUE
prize,FALSE
win,TRUE
department,FALSE
team,TRUE
officer,FALSE
close,FALSE
head,TRUE
face,TRUE
phone,FALSE
second,TRUE
#,FALSE
likelihood,FALSE
arrow,FALSE
inch,FALSE
explosion,FALSE
survival,FALSE
acceptance,FALSE
grow,TRUE
diminish,FALSE
house,TRUE
minute,FALSE
computing,FALSE
wealth,FALSE
lot,FALSE
pool,FALSE
animation,FALSE
keep,TRUE
begin,TRUE
collect,TRUE
examine,TRUE
analyze,TRUE
search,TRUE
#,FALSE
adaptive,FALSE
render,FALSE
slope,FALSE
FALSE,FALSE
shadow,FALSE
square,TRUE
square,TRUE
#,FALSE
journal,FALSE
revision,FALSE
instrument,TRUE
project,TRUE
report,TRUE
technology,TRUE
investigation,FALSE
consortium,FALSE
institute,FALSE
collaboration,FALSE
inherit,FALSE
retain,FALSE
radar,FALSE
Glass,FALSE
space,FALSE
carbon,FALSE
physics,FALSE
tel,FALSE
at,FALSE
CT,FALSE
bt,FALSE
ST,FALSE
SAT,FALSE
reproduce,FALSE
dash,FALSE
spell,FALSE
danger,FALSE
fly,TRUE
#,FALSE
recognize,TRUE
include,TRUE
3d,FALSE
composite,FALSE
derive,TRUE
draw,TRUE
echo,FALSE
prepare,FALSE
pressure,TRUE
0,FALSE
40,FALSE
30,FALSE
lamp,FALSE
spring,FALSE
cap,FALSE
ambient,FALSE
interior,FALSE
chamber,FALSE
vapor,FALSE
museum,FALSE
elevator,FALSE
dome,FALSE
exit,TRUE
opening,FALSE
entrance,FALSE
accessory,FALSE
bay,FALSE
cabinet,FALSE
compartment,FALSE
pod,FALSE
slide,FALSE
boat,FALSE
brake,TRUE
design,TRUE
vessel,FALSE
receiver,TRUE
or,FALSE
as,FALSE
EP,FALSE
ET,FALSE
ABC,FALSE
AP,FALSE
rca,FALSE
EMI,FALSE
be,FALSE