law,TRUE
decision,TRUE
regulation,TRUE
regulation,TRUE
law,TRUE
rule,TRUE
decision,TRUE
legislation,FALSE
agreement,TRUE
determination,FALSE
policy,TRUE
provision,TRUE
information,TRUE
standard,TRUE
rule,TRUE
concern,TRUE
regard,TRUE
like,FALSE
the,FALSE
except,FALSE
registration,TRUE
right,TRUE
classification,TRUE
appointment,FALSE
election,FALSE
activity,TRUE
education,TRUE
administration,TRUE
admission,FALSE
residence,FALSE
citizenship,FALSE
representation,TRUE
employment,FALSE
identification,TRUE
eligibility,FALSE
water,TRUE
vessel,FALSE
patient,TRUE
vehicle,TRUE
transport,TRUE
passenger,FALSE
personnel,TRUE
ship,FALSE
air,TRUE
aircraft,TRUE
animal,FALSE
life,TRUE
worker,FALSE
environment,TRUE
person,TRUE
perform,TRUE
place,TRUE
exercise,FALSE
confer,FALSE
take,TRUE
impose,TRUE
conduct,TRUE
hold,TRUE
do,TRUE
carry,TRUE
assign,TRUE
undertake,TRUE
make,TRUE
give,TRUE
define,TRUE
regional,FALSE
national,FALSE
communal,FALSE
judicial,FALSE
administrative,FALSE
statistical,FALSE
legal,FALSE
system,TRUE
regulatory,FALSE
#,FALSE
technical,FALSE
institutional,FALSE
educational,FALSE
functional,FALSE
financial,FALSE
#,FALSE
thereof,FALSE
this,FALSE
private,FALSE
electronic,FALSE
active,FALSE
Digital,FALSE
mutual,FALSE
internal,FALSE
identity,TRUE
Custom,FALSE
personal,FALSE
automatic,FALSE
network,TRUE
standard,FALSE
direct,FALSE
management,TRUE
security,TRUE
status,TRUE
control,TRUE
support,TRUE
monitor,TRUE
certification,FALSE
protection,TRUE
software,TRUE
service,TRUE
supervision,TRUE
safety,TRUE
compliance,FALSE
access,TRUE
indicate,TRUE
require,TRUE
ensure,TRUE
mean,TRUE
state,TRUE
assume,TRUE
imply,TRUE
guarantee,TRUE
confirm,TRUE
show,TRUE
establish,TRUE
provide,TRUE
say,TRUE
person,TRUE
customer,TRUE
user,TRUE
agent,TRUE
operator,TRUE
owner,TRUE
client,TRUE
broker,FALSE
buyer,TRUE
provider,TRUE
contractor,TRUE
driver,FALSE
manager,TRUE
company,TRUE
party,TRUE
server,TRUE
receiver,TRUE
employee,TRUE
supplier,TRUE
network,TRUE
solicitor,FALSE
use,TRUE
provide,TRUE
check,TRUE
inside,FALSE
behind,FALSE
operate,TRUE
within,FALSE
protect,TRUE
run,TRUE
device,TRUE
application,TRUE
service,TRUE
website,TRUE
account,TRUE
app,FALSE
phone,TRUE
project,TRUE
b,FALSE
c,FALSE
a,FALSE
grant,FALSE
ii,FALSE
m,FALSE
co,TRUE
co,FALSE
vice,FALSE
joint,FALSE
pre,FALSE
self,TRUE
con,FALSE
inter,FALSE
multi,FALSE
cross,TRUE
sub,TRUE
per,FALSE
double,FALSE
tran,FALSE
ordination,TRUE
operation,TRUE
commission,TRUE
installation,TRUE
generation,TRUE
production,TRUE
construction,TRUE
development,TRUE
assembly,FALSE
build,TRUE
ownership,FALSE
deployment,TRUE
position,TRUE
erection,FALSE
wind,TRUE
gas,TRUE
steam,TRUE
efficient,FALSE
power,TRUE
powerful,FALSE
modern,FALSE
new,FALSE
diesel,TRUE
AC,FALSE
hydroelectric,FALSE
conventional,FALSE
electric,FALSE
large,FALSE
turbine,TRUE
energy,TRUE
tunnel,TRUE
farm,TRUE
turbine,TRUE
generator,TRUE
line,TRUE
machine,TRUE
station,TRUE
system,TRUE
tunnel,TRUE
#,FALSE
non,FALSE
com,FALSE
coordination,TRUE
operation,TRUE
promotion,FALSE
organisation,TRUE
operative,FALSE
operation,FALSE
grid,TRUE
motor,TRUE
generator,TRUE
one,TRUE
plant,TRUE
sector,TRUE
motor,TRUE
electricity,TRUE
datum,TRUE
equipment,TRUE
input,TRUE
signal,TRUE
component,TRUE
material,TRUE
unit,TRUE
part,TRUE
fuel,TRUE
load,TRUE
instal,TRUE
locate,TRUE
record,TRUE
set,TRUE
sound,TRUE
activate,TRUE
register,TRUE
hear,TRUE
program,TRUE
present,FALSE
issue,TRUE
store,TRUE
use,TRUE
remote,FALSE
central,FALSE
transmission,TRUE
alarm,TRUE
local,FALSE
radio,TRUE
main,FALSE
wireless,FALSE
channel,TRUE
train,TRUE
safe,FALSE
responsible,FALSE
proper,FALSE
ready,FALSE
well,FALSE
room,TRUE
area,TRUE
unit,TRUE
use,TRUE
time,TRUE
action,TRUE
change,TRUE
work,TRUE
maintenance,TRUE
site,TRUE
variation,TRUE
change,TRUE
constraint,TRUE
limitation,TRUE
depend,TRUE
effect,TRUE
focus,TRUE
base,TRUE
study,TRUE
issue,TRUE
restriction,TRUE
datum,TRUE
problem,TRUE
service,TRUE
information,TRUE
file,TRUE
medium,TRUE
content,TRUE
disk,TRUE
cloud,TRUE
video,TRUE
container,FALSE
volume,TRUE
garbage,FALSE
resource,TRUE
collection,TRUE
processing,TRUE
storage,TRUE
handle,TRUE
transfer,TRUE
acquisition,TRUE
exchange,TRUE
gather,TRUE
share,TRUE
entry,TRUE
distribution,TRUE
communication,TRUE
connectivity,TRUE
route,TRUE
communication,TRUE
encryption,TRUE
filter,TRUE
integration,TRUE
affect,TRUE
improve,TRUE
include,TRUE
impact,TRUE
influence,TRUE
help,TRUE
require,TRUE
provide,TRUE
facilitate,TRUE
cover,TRUE
alter,TRUE
enable,TRUE
guarantee,TRUE
optimal,FALSE
well,FALSE
overall,FALSE
desire,TRUE
prefer,FALSE
final,FALSE
current,FALSE
recommend,FALSE
exact,FALSE
propose,TRUE
cost,TRUE
correct,FALSE
original,FALSE
,FALSE
maximum,FALSE
minimum,FALSE
average,FALSE
total,FALSE
actual,FALSE
require,TRUE
expect,TRUE
full,FALSE
effective,FALSE
operational,FALSE
work,TRUE
period,TRUE
#,FALSE
length,TRUE
value,TRUE
size,TRUE
duration,TRUE
term,TRUE
state,TRUE
year,TRUE
amount,TRUE
portion,FALSE
part,TRUE
buffer,TRUE
stream,TRUE
entire,FALSE
river,FALSE
log,TRUE
flow,TRUE
reserve,FALSE
draft,FALSE
flood,FALSE
event,TRUE
zone,TRUE
field,TRUE
horizon,FALSE
schedule,FALSE
participant,TRUE
space,TRUE
building,TRUE
plant,FALSE
equipment,FALSE
engine,FALSE
power,FALSE
construction,FALSE
land,FALSE
waste,FALSE
rail,FALSE
track,FALSE
water,FALSE
bridge,FALSE
ship,FALSE
Dam,FALSE
supply,FALSE
•,FALSE
॥,FALSE
wind,TRUE
state,FALSE
home,FALSE
butterfly,FALSE
cooperative,FALSE
community,FALSE
food,FALSE
bird,FALSE
dog,FALSE
Sugar,FALSE
fire,FALSE
tree,FALSE
animal,FALSE
available,FALSE
maintain,TRUE
situate,FALSE
provide,TRUE
post,TRUE
accessible,FALSE
station,TRUE
also,FALSE
visible,FALSE
base,TRUE
nearby,FALSE
phase,TRUE
level,TRUE
stage,TRUE
part,TRUE
step,TRUE
table,TRUE
section,TRUE
type,TRUE
mode,FALSE
note,TRUE
group,FALSE
mission,FALSE
task,TRUE
system,TRUE
communication,TRUE
cooperation,TRUE
relation,TRUE
agreement,TRUE
contact,TRUE
interaction,TRUE
interface,TRUE
integration,TRUE
interaction,TRUE
link,TRUE
conflict,TRUE
change,TRUE
connection,TRUE
army,FALSE
military,FALSE
combat,FALSE
infantry,FALSE
artillery,FALSE
aa,FALSE
reconnaissance,FALSE
police,FALSE
army,FALSE
NATO,FALSE
UN,FALSE
marine,FALSE
center,TRUE
controller,TRUE
group,TRUE
surface,TRUE
station,TRUE
panel,TRUE
command,TRUE
panel,TRUE
small,FALSE
many,FALSE
solar,FALSE
model,TRUE
heat,TRUE
industrial,FALSE
engineering,TRUE
technology,TRUE
condition,TRUE
theory,TRUE
research,TRUE
science,TRUE
controller,TRUE
plan,TRUE
feedback,TRUE
#,FALSE
coordinate,TRUE
computer,TRUE
hub,TRUE
point,TRUE
centre,TRUE
element,TRUE
center,TRUE
mechanism,TRUE
connection,TRUE
node,TRUE
layer,TRUE
link,TRUE
relationship,TRUE
relay,TRUE
difference,TRUE
separation,FALSE
generate,TRUE
farm,TRUE
cycle,TRUE
authority,TRUE
structure,TRUE
point,TRUE
area,TRUE
function,TRUE
facility,TRUE
individual,FALSE
single,FALSE
traffic,TRUE
#,FALSE
direction,TRUE
wheel,TRUE
weight,TRUE
compass,FALSE
gear,TRUE
engine,TRUE
armor,FALSE
wheel,TRUE
gear,TRUE
weapon,FALSE
weapon,FALSE
sail,FALSE
ammunition,FALSE
example,TRUE
instance,TRUE
simplicity,FALSE
short,FALSE
convenience,TRUE
sure,FALSE
certain,FALSE
human,TRUE
grant,TRUE
language,TRUE
publication,TRUE
database,TRUE
standard,TRUE
newspaper,FALSE
country,TRUE
Wikipedia,FALSE
specie,TRUE
document,TRUE
initiative,FALSE
translation,TRUE
follow,TRUE
detail,FALSE
english,FALSE
two,FALSE
swedish,FALSE
publish,TRUE
text,TRUE
#,FALSE
entry,TRUE
sheet,TRUE
source,TRUE
type,TRUE
file,TRUE
item,TRUE
set,TRUE
element,TRUE
value,TRUE
field,TRUE
analysis,TRUE
transfer,TRUE
management,TRUE
collection,TRUE
selection,TRUE
control,TRUE
recording,TRUE
editing,FALSE
distribution,TRUE
maintenance,TRUE
mining,FALSE
translation,TRUE
development,TRUE
recovery,TRUE
administration,TRUE
resource,TRUE
event,TRUE
process,TRUE
variable,TRUE
future,TRUE
internet,TRUE
laboratory,FALSE
library,TRUE
internet,TRUE
archive,TRUE
lab,FALSE
domain,TRUE
work,TRUE
carry,TRUE
spread,TRUE
map,TRUE
sort,TRUE
send,TRUE
check,TRUE
rule,TRUE
carry,TRUE
filter,TRUE
balance,TRUE
play,TRUE
smooth,FALSE
read,TRUE
special,FALSE
direct,FALSE
excessive,FALSE
additional,FALSE
explicit,FALSE
add,TRUE
strict,FALSE
switch,TRUE
code,TRUE
mode,TRUE
partition,FALSE
mapping,FALSE
conversion,TRUE
check,TRUE
world,TRUE
value,TRUE
form,TRUE
definition,TRUE
contrast,TRUE
convention,TRUE
extension,TRUE
analogy,FALSE
comparison,TRUE
default,TRUE
symmetry,FALSE
design,TRUE
induction,FALSE
assumption,TRUE
concept,TRUE
coincidence,FALSE
particular,FALSE
specific,FALSE
logical,FALSE
continuous,FALSE
specify,FALSE
common,FALSE
fix,TRUE
valid,FALSE
simple,FALSE
discrete,FALSE
different,FALSE
logic,TRUE
semantic,FALSE
code,TRUE
path,TRUE
random,FALSE
complexity,TRUE
conceptual,FALSE
structure,TRUE
#,FALSE
type,TRUE
object,TRUE
item,TRUE
entity,TRUE
share,TRUE
know,TRUE
distribute,TRUE
finite,FALSE
basis,TRUE
hierarchy,TRUE
chain,FALSE
graph,TRUE
block,TRUE
tree,TRUE
level,TRUE
lattice,FALSE
associate,FALSE
correspond,TRUE
distinct,FALSE
appropriate,FALSE
various,FALSE
possible,FALSE
conditional,FALSE
input,TRUE
physical,FALSE
probability,TRUE
output,TRUE
binary,FALSE
function,TRUE
they,FALSE
these,FALSE
station,TRUE
result,TRUE
report,TRUE
application,TRUE
energy,TRUE
resource,TRUE
system,TRUE
those,FALSE
receive,TRUE
transmit,TRUE
collect,TRUE
generate,TRUE
process,TRUE
broadcast,TRUE
deposit,TRUE
produce,TRUE
deliver,TRUE
gather,TRUE
source,TRUE
node,TRUE
base,TRUE
transmitter,FALSE
core,TRUE
terminal,TRUE
pole,FALSE
primary,FALSE
pilot,TRUE
master,FALSE
#,FALSE
#,FALSE
loop,TRUE
#,FALSE
shear,FALSE
signal,TRUE
send,TRUE
transfer,TRUE
stream,TRUE
fly,TRUE
copy,TRUE
radiate,FALSE
cut,TRUE
pass,TRUE
satellite,TRUE
process,TRUE
poll,FALSE
vote,FALSE
rotation,FALSE
remotely,FALSE
automatically,FALSE
antenna,FALSE
info,FALSE
list,TRUE
feed,TRUE
report,TRUE
transmission,TRUE
report,TRUE
broadcast,TRUE
feed,TRUE
program,TRUE
stream,TRUE
book,TRUE
door,TRUE
case,TRUE
subject,TRUE
portal,FALSE
record,TRUE
library,FALSE
question,TRUE
hope,FALSE
sense,TRUE
belief,FALSE
expectation,FALSE
knowledge,TRUE
hope,FALSE
understand,TRUE
way,TRUE
fact,TRUE
condition,TRUE
order,TRUE
view,TRUE
opinion,TRUE
obtain,TRUE
get,TRUE
find,TRUE
acquire,FALSE
receive,TRUE
gain,TRUE
collect,TRUE
gather,TRUE
extract,TRUE
retrieve,TRUE
request,TRUE
seek,TRUE
start,TRUE
intelligence,FALSE
hand,TRUE
advice,FALSE
apply,TRUE
submit,TRUE
write,TRUE
complete,TRUE
add,TRUE
fit,TRUE
attach,TRUE
connect,TRUE
come,TRUE
identify,TRUE
sign,TRUE
link,TRUE
reach,TRUE
#,FALSE
suit,FALSE
fit,FALSE
whole,TRUE
public,TRUE
keep,TRUE
include,TRUE
display,TRUE
encode,TRUE
enter,TRUE
bus,TRUE
cable,TRUE
facility,TRUE
load,TRUE
or,FALSE
not,FALSE
whether,FALSE
use,TRUE
obtain,TRUE
only,FALSE
top,TRUE
behalf,FALSE
completion,FALSE
hundred,FALSE
result,TRUE
basis,TRUE
patent,TRUE
product,TRUE
material,TRUE
document,TRUE
characteristic,TRUE
application,TRUE
method,TRUE
collective,FALSE
tenant,FALSE
dairy,FALSE
cooperative,FALSE
machine,TRUE
tower,TRUE
instrument,TRUE
#,FALSE
mill,TRUE
clock,TRUE
role,TRUE
component,TRUE
purpose,TRUE
location,TRUE
platform,TRUE
responsibility,TRUE
activity,TRUE
voltage,TRUE
negative,FALSE
remain,TRUE
quantity,TRUE
calculate,TRUE
express,TRUE
measure,TRUE
memory,TRUE
housing,FALSE
tank,FALSE
performance,TRUE
effect,TRUE
ability,TRUE
failure,TRUE
capacity,TRUE
inability,FALSE
capability,TRUE
tendency,FALSE
need,TRUE
requirement,TRUE
potential,TRUE
possibility,TRUE
efficiency,TRUE
willingness,FALSE
effort,TRUE
telecommunication,TRUE
navigation,TRUE
delivery,TRUE
transit,FALSE
telephone,TRUE
protocol,TRUE
line,TRUE
medium,TRUE
thread,FALSE
transmit,TRUE
pass,TRUE
move,TRUE
deliver,TRUE
convey,TRUE
return,TRUE
route,TRUE
bring,TRUE
message,TRUE
message,TRUE
packet,TRUE
origin,TRUE
destination,TRUE
carrier,FALSE
target,TRUE
host,TRUE
start,TRUE
home,TRUE
arrival,FALSE
recipient,FALSE
error,TRUE
success,TRUE
bit,TRUE
response,TRUE
loss,TRUE
frame,TRUE
impact,TRUE
effect,TRUE
importance,TRUE
problem,TRUE
dependence,TRUE
responsibility,TRUE
role,TRUE
position,TRUE
social,FALSE
television,TRUE
tv,FALSE
mobile,FALSE
global,FALSE
cellular,FALSE
detection,TRUE
surveillance,TRUE
sense,TRUE
track,TRUE
inspection,TRUE
infrastructure,TRUE
network,TRUE
satellite,TRUE
airport,TRUE
building,TRUE
road,FALSE
include,TRUE
involve,TRUE
protective,FALSE
#,FALSE
#,FALSE
environmental,FALSE
enforcement,FALSE
measure,TRUE
requirement,TRUE
check,TRUE
control,TRUE
protocol,TRUE
level,TRUE
criterion,TRUE
procedure,TRUE
guideline,TRUE
code,TRUE
hundred,FALSE
thousand,FALSE
million,FALSE
human,FALSE
young,FALSE
dozen,FALSE
people,TRUE
affect,FALSE
year,TRUE
day,TRUE
term,TRUE
ieee,FALSE
specification,TRUE
implementation,TRUE
program,TRUE
allow,TRUE
search,TRUE
call,TRUE
operate,TRUE
exist,TRUE
cater,TRUE
look,TRUE
wait,TRUE
qualify,FALSE
device,TRUE
task,TRUE
user,TRUE
operator,TRUE
connection,TRUE
interface,TRUE
page,TRUE
hardware,TRUE
processor,FALSE
involve,TRUE
constitute,FALSE
prove,TRUE
make,TRUE
prove,TRUE
contain,TRUE
behaviour,FALSE
behavior,TRUE
quality,TRUE
#,FALSE
functionality,TRUE
reliability,TRUE
circuit,TRUE
battery,TRUE
reactor,TRUE
coil,FALSE
nature,TRUE
concern,TRUE
degree,TRUE
variety,TRUE
kind,TRUE
magnitude,FALSE
interest,TRUE
consequence,FALSE
difficulty,FALSE
significance,FALSE
treat,TRUE
meet,TRUE
replace,TRUE
address,TRUE
satisfy,FALSE
achieve,TRUE
improve,TRUE
change,TRUE
equip,FALSE
repair,TRUE
evaluation,TRUE
assessment,TRUE
testing,TRUE
consideration,TRUE
analysis,TRUE
concern,TRUE
investment,FALSE
include,TRUE
electrical,FALSE
sound,FALSE
high,FALSE
consumption,FALSE
supply,TRUE
supply,TRUE
density,TRUE
usage,TRUE
charge,TRUE
force,TRUE
oxygen,FALSE
result,TRUE
basic,FALSE
underlie,TRUE
complex,FALSE
modular,FALSE
mathematical,FALSE
algebraic,FALSE
fundamental,FALSE
linear,FALSE
differential,FALSE
topology,TRUE
parameter,TRUE
equation,TRUE
architecture,TRUE
property,TRUE
dynamic,TRUE
easily,FALSE
broadly,FALSE
directly,FALSE
roughly,FALSE
formally,FALSE
efficiently,FALSE
fully,FALSE
visually,FALSE
thus,FALSE
effectively,FALSE
loosely,FALSE
physically,FALSE
weight,TRUE
derive,TRUE
structure,TRUE
grade,TRUE
size,FALSE
fill,FALSE
shape,TRUE
divide,TRUE
symmetric,FALSE
scale,TRUE
board,TRUE
demand,TRUE
go,TRUE
ship,TRUE
premise,TRUE
track,TRUE
ground,TRUE
screen,TRUE
phase,TRUE
plan,TRUE
adjust,FALSE
code,TRUE
certify,FALSE
manage,TRUE
need,TRUE
enable,TRUE
necessary,FALSE
critical,FALSE
scope,TRUE
purpose,TRUE
rest,FALSE
day,TRUE
end,TRUE
such,FALSE
its,FALSE
other,FALSE
all,FALSE
most,FALSE
their,FALSE
some,FALSE
many,FALSE
solution,TRUE
method,TRUE
measurement,TRUE
focus,TRUE
implement,TRUE
dependent,FALSE
employ,TRUE
execute,TRUE
concentrate,FALSE
build,TRUE
interpretation,TRUE
manipulation,TRUE
compilation,TRUE
extraction,TRUE
range,TRUE
series,TRUE
number,TRUE
sequence,TRUE
quantity,TRUE
subset,FALSE
lot,FALSE
variable,FALSE
spectral,FALSE
frequency,TRUE
interval,TRUE
parameter,TRUE
wave,TRUE
electronic,FALSE
laser,FALSE
digital,FALSE
automatic,FALSE
radar,FALSE
image,TRUE
nuclear,FALSE
dna,FALSE
thermal,FALSE
sensor,TRUE
chemical,FALSE
plant,TRUE
ingredient,FALSE
substance,FALSE
good,TRUE
seed,FALSE
mineral,FALSE
monitor,TRUE
see,TRUE
accomplish,FALSE
map,TRUE
game,TRUE
challenge,TRUE
benefit,TRUE
problem,TRUE
solution,TRUE
priority,TRUE
disadvantage,FALSE
choice,TRUE
risk,TRUE
surprise,FALSE
tool,TRUE
government,TRUE
engineer,TRUE
developer,TRUE
company,TRUE
customer,TRUE
owner,TRUE
investor,FALSE
EU,FALSE
authority,TRUE
manufacturer,TRUE
government,FALSE
lack,TRUE
want,TRUE
see,TRUE
enjoy,TRUE
prefer,TRUE
desire,TRUE
consider,TRUE
feel,TRUE
install,TRUE
build,TRUE
run,TRUE
develop,TRUE
create,TRUE
connect,TRUE
deploy,TRUE
utilize,TRUE
construct,TRUE
internal,FALSE
renewable,FALSE
external,FALSE
auxiliary,FALSE
pump,TRUE
pump,TRUE
traction,FALSE
brake,FALSE
project,TRUE
installation,TRUE
technology,TRUE
sector,TRUE
market,TRUE
city,TRUE
other,TRUE
detail,TRUE
vertex,FALSE
dimension,TRUE
feature,TRUE
principle,TRUE
origin,TRUE
implication,FALSE
approach,TRUE
algorithm,TRUE
equation,TRUE
technique,TRUE
theorem,FALSE
scheme,TRUE
procedure,TRUE
show,TRUE
illustrate,TRUE
present,TRUE
describe,TRUE
depict,TRUE
summarize,TRUE
represent,TRUE
find,TRUE
outline,TRUE
list,TRUE
discuss,TRUE
aspect,TRUE
explain,TRUE
format,TRUE
consist,TRUE
consist,TRUE
consist,TRUE
consist,TRUE
comprise,TRUE
compose,TRUE
coverage,FALSE
dial,TRUE
pop,FALSE
back,TRUE
follow,TRUE
step,TRUE
scale,TRUE
back,TRUE
hook,TRUE
straight,FALSE
tune,FALSE
speed,TRUE
channel,TRUE
time,TRUE
traffic,TRUE
process,FALSE
event,TRUE
memory,TRUE
service,TRUE
knowledge,TRUE
weight,TRUE
security,FALSE
#,FALSE
#,FALSE
#,FALSE
keep,TRUE
division,TRUE
keep,FALSE
#,FALSE
#,FALSE
pattern,TRUE
record,TRUE
organization,TRUE
improvement,TRUE
network,TRUE
it,FALSE
technique,TRUE
specification,TRUE
flexibility,TRUE
clarity,FALSE
provision,TRUE
capability,TRUE
property,TRUE
version,TRUE
access,TRUE
import,TRUE
exchange,TRUE
update,TRUE
change,TRUE
replace,TRUE
affect,TRUE
introduce,TRUE
alter,TRUE
require,TRUE
expose,FALSE
remove,TRUE
compare,TRUE
piece,TRUE
kind,TRUE
section,TRUE
copy,TRUE
class,TRUE
Protocol,FALSE
ip,FALSE
rfc,FALSE
conform,TRUE
belong,TRUE
relate,TRUE
refer,TRUE
contribute,TRUE
correspond,TRUE
apply,TRUE
add,TRUE
respond,TRUE
comply,TRUE
bind,TRUE
commit,TRUE
adapt,TRUE
section,TRUE
aspect,TRUE
version,TRUE
article,TRUE
category,TRUE
mission,FALSE
flight,TRUE
spacecraft,FALSE
annually,FALSE
shipment,FALSE
load,TRUE
earth,FALSE
measurement,TRUE
sample,TRUE
measure,TRUE
reaction,FALSE
average,TRUE
record,TRUE
preparation,FALSE
calculation,TRUE
observation,TRUE
mean,FALSE
test,TRUE
methodology,FALSE
principle,TRUE
time,TRUE
count,TRUE
score,TRUE
selection,TRUE
rate,TRUE
report,TRUE
simulation,FALSE
time,TRUE
phase,TRUE
distance,TRUE
consider,TRUE
follow,TRUE
suitable,FALSE
sufficient,FALSE
combine,TRUE
applicable,FALSE
adequate,FALSE
useful,FALSE
equal,FALSE
trigger,TRUE
detect,TRUE
call,TRUE
test,TRUE
raise,TRUE
initiate,TRUE
introduce,TRUE
FALSE,FALSE
member,TRUE
attacker,FALSE
caller,FALSE
produce,TRUE
represent,TRUE
receive,TRUE
take,TRUE
hold,TRUE
reach,TRUE
get,TRUE
generate,TRUE
return,TRUE
possess,FALSE
position,TRUE
place,TRUE
turn,TRUE
register,TRUE
shape,TRUE
ing,FALSE
mark,TRUE
en,FALSE
de,FALSE
release,TRUE
channel,TRUE
layer,TRUE
platform,TRUE
version,TRUE
terminal,FALSE
define,TRUE
offer,TRUE
describe,TRUE
cover,TRUE
contain,TRUE
implement,TRUE
module,TRUE
port,TRUE
number,FALSE
volume,TRUE
segment,FALSE
map,TRUE
secure,FALSE
command,TRUE
voice,TRUE
web,TRUE
mechanism,TRUE
Paris,FALSE
former,FALSE
german,FALSE
Brussels,FALSE
Berlin,FALSE
Luxembourg,FALSE
french,FALSE
Netherlands,FALSE
command,FALSE
voice,FALSE
option,TRUE
it,FALSE
image,TRUE
file,TRUE
content,TRUE
display,TRUE
print,TRUE
every,FALSE
either,FALSE
download,TRUE
database,TRUE
reference,TRUE
online,FALSE
computer,TRUE
pc,FALSE
optional,FALSE
pdf,FALSE
,FALSE
dvd,FALSE
incidence,FALSE
exposure,FALSE
repetition,FALSE
occurrence,FALSE
rate,TRUE
sensitivity,FALSE
accuracy,TRUE
ratio,TRUE
coefficient,FALSE
pressure,TRUE
up,FALSE
in,TRUE
out,FALSE
#,FALSE
cell,TRUE
pad,FALSE
pair,TRUE
light,TRUE
tree,TRUE
detect,TRUE
identify,TRUE
measure,TRUE
predict,TRUE
determine,TRUE
monitor,TRUE
describe,TRUE
observe,FALSE
trace,TRUE
distinguish,TRUE
understand,TRUE
analyze,TRUE
compare,TRUE
fault,TRUE
cause,TRUE
disease,FALSE
symptom,FALSE
damage,TRUE
defect,FALSE
error,TRUE
disease,FALSE
assess,TRUE
examine,TRUE
explain,TRUE
evaluate,TRUE
establish,TRUE
know,TRUE
indicate,TRUE
presence,TRUE
severity,FALSE
extent,TRUE
cause,TRUE
location,TRUE
death,FALSE
three,FALSE
four,FALSE
five,FALSE
previously,FALSE
newly,FALSE
carefully,FALSE
previous,FALSE
resolution,TRUE
scan,FALSE
filter,TRUE
image,TRUE
sample,TRUE
instrument,TRUE
attribute,TRUE
factor,TRUE
quality,TRUE
indicator,TRUE
intensity,TRUE
strength,TRUE
amplitude,FALSE
width,FALSE
propagation,FALSE
distortion,FALSE
sample,TRUE
growth,TRUE
pulse,TRUE
text,TRUE
book,TRUE
word,TRUE
Non,FALSE
mind,TRUE
character,TRUE
use,TRUE
law,TRUE
God,FALSE
letter,TRUE
time,FALSE
holy,FALSE
ancient,FALSE
great,FALSE
seven,FALSE
wise,FALSE
ten,FALSE
hindu,FALSE
eight,FALSE
twelve,FALSE
net,TRUE
meter,TRUE
news,FALSE
bin,FALSE
pad,FALSE
prepare,TRUE
consult,FALSE
assemble,FALSE
appoint,FALSE
margin,FALSE
matter,TRUE
little,FALSE
veil,FALSE
burden,FALSE
price,TRUE
limit,TRUE
delay,TRUE
r,FALSE
tool,TRUE
request,TRUE
need,TRUE
demand,TRUE
utilize,TRUE
support,TRUE
party,TRUE
community,TRUE
contain,TRUE
perform,TRUE
handle,TRUE
implement,TRUE
want,TRUE
supply,TRUE
edition,FALSE
part,TRUE
note,TRUE
source,TRUE
volume,TRUE
page,TRUE
minute,FALSE
album,FALSE
game,TRUE
series,TRUE
show,TRUE
good,FALSE
music,FALSE
show,FALSE
world,TRUE
year,TRUE
#,FALSE
#,FALSE
#,FALSE
#,FALSE
next,FALSE
adjacent,FALSE
lead,TRUE
close,FALSE
close,FALSE
relate,TRUE
lead,TRUE
go,TRUE
near,FALSE
atomic,FALSE
underground,FALSE
hydrogen,FALSE
conditioning,FALSE
treatment,TRUE
overview,FALSE
explanation,TRUE
illustration,FALSE
outline,TRUE
expression,TRUE
indication,FALSE
scenario,TRUE
situation,TRUE
study,TRUE
involve,TRUE
privacy,FALSE
availability,TRUE
search,TRUE
accounting,FALSE
payment,TRUE
disclosure,FALSE
search,TRUE
train,TRUE
reason,TRUE
situation,TRUE
follow,TRUE
follow,TRUE
value,TRUE
that,FALSE
price,TRUE
classify,TRUE
regard,TRUE
categorize,TRUE
designate,FALSE
count,TRUE
evidence,FALSE
inherent,FALSE
acquire,FALSE
gain,TRUE
create,TRUE
object,TRUE
transaction,TRUE
spend,FALSE
period,TRUE
interval,TRUE
factory,FALSE
counter,TRUE
past,TRUE
marketplace,FALSE
sale,TRUE
inventory,FALSE
counter,TRUE
table,TRUE
clock,TRUE
reading,FALSE
sign,TRUE
meter,TRUE
plate,FALSE
number,TRUE
marker,FALSE
scale,TRUE
hour,TRUE
watch,FALSE
night,FALSE
hour,TRUE
minute,TRUE
minute,TRUE
weather,TRUE
time,TRUE
register,TRUE
feed,TRUE
composite,FALSE
tissue,FALSE
#,FALSE
therefore,FALSE
always,FALSE
temperature,TRUE
depth,TRUE
depend,TRUE
depend,TRUE
depend,TRUE
depend,TRUE
contingent,FALSE
accord,TRUE
condition,TRUE
rely,TRUE
pH,FALSE
concentration,FALSE
strain,FALSE
stage,TRUE
manner,FALSE
context,TRUE
regard,TRUE
limit,TRUE
statistic,TRUE
instruction,TRUE
relation,TRUE
relationship,TRUE
difference,TRUE
relation,TRUE
compatibility,FALSE
cooperation,TRUE
distance,TRUE
entity,TRUE
terminal,TRUE
country,TRUE
pro,FALSE
10,FALSE
class,TRUE
group,TRUE
module,TRUE
band,TRUE
framework,TRUE
description,TRUE
architectural,FALSE
business,TRUE
architecture,TRUE
height,FALSE
bandwidth,FALSE
precision,TRUE
camera,FALSE
telescope,FALSE
sensor,TRUE
beam,TRUE
percent,FALSE
#,FALSE
°,FALSE
option,TRUE
rule,TRUE
support,TRUE
method,FALSE
validity,FALSE
see,TRUE
table,TRUE
note,TRUE
real,FALSE
normal,FALSE
normal,FALSE
real,FALSE
TRUE,FALSE
null,FALSE
net,FALSE
#,FALSE
airport,TRUE
exist,TRUE
comprise,TRUE
24,FALSE
several,FALSE
six,FALSE
introduction,TRUE
access,TRUE
move,TRUE
application,TRUE
movement,TRUE
location,TRUE
household,FALSE
population,TRUE
vehicle,TRUE
soil,TRUE
product,TRUE
house,FALSE
reference,TRUE
product,FALSE
technical,FALSE
project,FALSE
design,FALSE
draft,FALSE
concept,FALSE
business,FALSE
strategic,FALSE
Model,FALSE
general,FALSE
software,FALSE
develop,TRUE
draft,TRUE
adopt,TRUE
approve,TRUE
formulate,FALSE
review,TRUE
endorse,FALSE
collaboration,TRUE
parliamentary,FALSE
task,TRUE
professional,FALSE
steering,FALSE
discussion,TRUE
consultation,FALSE
working,FALSE
team,TRUE
committee,FALSE
delegation,FALSE
council,FALSE
session,TRUE
#,FALSE
body,TRUE
meet,TRUE
representative,TRUE
expert,FALSE
member,TRUE
partner,TRUE
specialist,FALSE
leader,FALSE
staff,TRUE
participation,FALSE
stakeholder,TRUE
colleague,FALSE
expertise,FALSE
industry,TRUE
ab,FALSE
subsidiary,FALSE
region,TRUE
organization,TRUE
organisation,TRUE
association,TRUE
representative,TRUE
representative,FALSE
head,TRUE
ambassador,FALSE
representative,FALSE
partner,TRUE
spokesperson,FALSE
employee,TRUE
subsidiary,FALSE
spokesman,FALSE
market,TRUE
industry,TRUE
SA,FALSE
agent,TRUE
representation,TRUE
client,TRUE
shareholder,FALSE
global,FALSE
total,FALSE
International,FALSE
technology,FALSE
nordic,FALSE
medium,FALSE
advanced,FALSE
open,FALSE
package,TRUE
may,FALSE
enable,TRUE
allow,TRUE
centralize,FALSE
automate,TRUE
creation,TRUE
#,FALSE
find,TRUE
release,TRUE
recovery,TRUE
import,FALSE
repair,TRUE
modification,TRUE
sale,TRUE
execution,TRUE
window,FALSE
nuclear,FALSE
coal,TRUE
manufacturer,TRUE
determine,TRUE
allocate,FALSE
sum,TRUE
date,TRUE
offset,FALSE
#,FALSE
#,FALSE
facto,FALSE
emission,FALSE
reference,TRUE
metric,FALSE
#,FALSE
relate,TRUE
accord,TRUE
relevant,FALSE
subject,TRUE
refer,TRUE
article,TRUE
raw,FALSE
experimental,FALSE
empirical,FALSE
analytical,FALSE
background,FALSE
paper,TRUE
statement,TRUE
compress,FALSE
consolidated,FALSE
simplify,FALSE
integrate,TRUE
abstract,FALSE
quantitative,FALSE
dynamic,FALSE
shift,TRUE
key,FALSE
give,TRUE
allow,TRUE
arbitrary,FALSE
initial,FALSE
integer,TRUE
easy,FALSE
independent,FALSE
instruction,TRUE
select,TRUE
define,TRUE
set,TRUE
write,TRUE
comment,TRUE
take,TRUE
switch,TRUE
act,TRUE
click,TRUE
let,TRUE
choose,TRUE
without,FALSE
important,FALSE
limitation,TRUE
restriction,TRUE
Act,FALSE
Anti,FALSE
anti,FALSE
post,TRUE
de,TRUE
x,FALSE
no,FALSE
re,FALSE
replication,FALSE
fund,TRUE
asset,TRUE
money,FALSE
land,TRUE
author,TRUE
creator,FALSE
designer,FALSE
advocate,FALSE
editor,FALSE
author,TRUE
supporter,FALSE
reader,TRUE
claim,TRUE
argue,TRUE
maintain,TRUE
agree,TRUE
believe,TRUE
say,TRUE
suggest,TRUE
assert,TRUE
argue,TRUE
acknowledge,FALSE
mean,TRUE
helpful,FALSE
essential,FALSE
insufficient,FALSE
determine,TRUE
describe,TRUE
define,TRUE
establish,TRUE
explain,TRUE
make,TRUE
consider,TRUE
give,TRUE
satisfy,TRUE
express,TRUE
apply,TRUE
meaning,TRUE
content,TRUE
#,FALSE
#,FALSE
#,FALSE
#,FALSE
#,FALSE
win,FALSE
break,TRUE
category,TRUE
sort,TRUE
form,TRUE
bit,TRUE
algorithm,TRUE
language,TRUE
game,TRUE
card,TRUE
continue,TRUE
appear,TRUE
tend,TRUE
seem,TRUE
analyze,TRUE
study,TRUE
examine,TRUE
compile,FALSE
verify,TRUE
transport,TRUE
#,FALSE
print,TRUE
interference,TRUE
interfere,TRUE
issue,TRUE
contact,TRUE
conflict,TRUE
conflict,TRUE
address,TRUE
town,FALSE
rice,FALSE
milk,FALSE
sugar,FALSE
steel,FALSE
food,FALSE
oil,TRUE
iron,FALSE
wine,FALSE
wheat,FALSE
charcoal,FALSE
ethanol,FALSE
grain,FALSE
#,FALSE
produce,TRUE
vessel,FALSE
machinery,TRUE
case,TRUE
instance,TRUE
circumstance,FALSE
way,TRUE
scenario,TRUE
place,TRUE
jurisdiction,FALSE
animal,FALSE
parent,FALSE
organic,FALSE
family,TRUE
#,FALSE
participate,TRUE
engage,TRUE
remain,TRUE
intervene,FALSE
invest,FALSE
assist,TRUE
compete,FALSE
stay,TRUE
cooperate,FALSE
serve,TRUE
formation,FALSE
structural,FALSE
climate,FALSE
atmospheric,FALSE
ecological,FALSE
ecosystem,FALSE
setting,TRUE
domain,TRUE
allocation,TRUE
match,TRUE
whether,FALSE
#,FALSE
_,TRUE
change,TRUE
configuration,TRUE
instead,FALSE
exception,FALSE
top,FALSE
performance,TRUE
senior,FALSE
student,TRUE
career,FALSE
youth,FALSE
membership,FALSE
club,FALSE
championship,FALSE
entry,TRUE
current,FALSE
professional,FALSE
profile,FALSE
research,FALSE
center,FALSE
Database,FALSE
individual,TRUE
engage,TRUE
interested,FALSE
participate,TRUE
active,FALSE
concern,TRUE
invest,FALSE
allow,TRUE
maintain,TRUE
restoration,FALSE
repair,TRUE
function,TRUE
hydraulic,FALSE
finish,FALSE
#,FALSE
builder,FALSE
developer,TRUE
engineer,TRUE
director,FALSE
contract,TRUE
respect,TRUE
realm,FALSE
bound,FALSE
specify,TRUE
recognize,TRUE
represent,TRUE
verify,TRUE
s,FALSE
r,FALSE
CA,FALSE
t,FALSE
III,FALSE
AI,FALSE
computational,FALSE
learn,TRUE
optimization,FALSE
numerical,FALSE
circuit,TRUE
mechanical,FALSE
appliance,FALSE
manufacture,TRUE
exist,TRUE
consideration,TRUE
un,FALSE
I,FALSE
auto,FALSE
direct,TRUE
regulate,TRUE
organize,TRUE
evident,FALSE
execute,TRUE
coordinate,TRUE
regulate,TRUE
administer,FALSE
region,TRUE
can,FALSE
fail,TRUE
stop,TRUE
overlap,FALSE
must,FALSE
travel,TRUE
interact,TRUE
behave,FALSE
execute,TRUE
occur,TRUE
react,FALSE
communicate,TRUE
demand,TRUE
cost,TRUE
opportunity,FALSE
budget,FALSE
increase,TRUE
vary,TRUE
coincide,FALSE
differ,TRUE
decrease,TRUE
interfere,TRUE
combine,TRUE
grow,TRUE
increase,TRUE
increase,TRUE
grow,TRUE
capacity,TRUE
lifetime,FALSE
reason,TRUE
objective,TRUE
goal,TRUE
aim,TRUE
idea,TRUE
automation,TRUE
shaft,FALSE
screw,FALSE
Kaplan,FALSE
arc,FALSE
rotor,TRUE
dam,TRUE
multiple,FALSE
twin,FALSE
triple,FALSE
power,TRUE
·,FALSE
layout,FALSE
ability,TRUE
gravity,FALSE
storm,TRUE
light,FALSE
peaking,FALSE
offshore,FALSE
propulsion,FALSE
number,TRUE
loss,TRUE
choice,TRUE
resolution,TRUE
range,FALSE
list,TRUE
select,TRUE
chip,TRUE
disc,TRUE
tape,TRUE
tap,FALSE
audio,TRUE
factor,TRUE
bar,FALSE
port,TRUE
issue,TRUE
characterize,TRUE
distinguish,TRUE
differentiate,FALSE
group,TRUE
denote,TRUE
indicate,TRUE
#,FALSE
#,FALSE
#,FALSE
#,FALSE
#,FALSE
#,FALSE
#,FALSE
#,FALSE
#,FALSE
#,FALSE
#,FALSE
#,FALSE
dimension,TRUE
last,FALSE
precede,FALSE
simple,FALSE
latter,FALSE
early,FALSE
example,TRUE
chart,TRUE
character,TRUE
write,TRUE
chinese,FALSE
character,TRUE
number,TRUE
notation,TRUE
color,TRUE
rhyme,FALSE
square,FALSE
formula,TRUE
circle,FALSE
dictionary,FALSE
letter,TRUE
syllable,FALSE
digit,TRUE
consonant,FALSE
word,TRUE
vowel,FALSE
name,TRUE
symbol,TRUE
two,FALSE
clock,TRUE
cpu,FALSE
old,FALSE
change,TRUE
fast,FALSE
new,FALSE
travel,TRUE
high,FALSE
space,FALSE
prime,FALSE
xml,TRUE
#,FALSE
understand,TRUE
compare,TRUE
consistent,FALSE
attribute,TRUE
array,TRUE
intend,TRUE
continue,TRUE
load,TRUE
stage,TRUE
negotiation,FALSE
authorization,FALSE
declaration,FALSE
transaction,TRUE
subscription,FALSE
purchase,FALSE
advertising,FALSE
email,TRUE
fee,FALSE
concept,TRUE
manual,FALSE
refer,TRUE
apply,TRUE
relate,TRUE
split,FALSE
negotiate,FALSE
trade,TRUE
enterprise,FALSE
central,FALSE
airport,FALSE
station,FALSE
farm,FALSE
city,FALSE
gateway,FALSE
tower,FALSE
forest,FALSE
garden,FALSE
Cloud,FALSE
mountain,FALSE
bell,FALSE
fire,TRUE
#,FALSE
#,FALSE
call,TRUE
retrieve,TRUE
download,TRUE
release,TRUE
start,TRUE
cell,TRUE
gauge,TRUE
campus,FALSE
#,FALSE
consciousness,FALSE
calculus,TRUE
clause,FALSE
sight,FALSE
make,TRUE
give,TRUE
offer,TRUE
publish,TRUE
recommend,FALSE
produce,TRUE
statement,TRUE
judgment,FALSE
recommendation,TRUE
judgement,FALSE
ruling,FALSE
consensus,FALSE
suggestion,FALSE
patent,TRUE
distinction,FALSE
topic,TRUE
theme,FALSE
#,FALSE
#,FALSE
bind,FALSE
#,FALSE
free,FALSE
#,FALSE
exclusive,FALSE
#,FALSE
#,FALSE
calculation,TRUE
zone,TRUE
test,TRUE
article,TRUE
conclusion,FALSE
question,TRUE
score,FALSE
study,TRUE
prediction,FALSE
chapter,TRUE
paragraph,FALSE
paper,TRUE
edition,TRUE
column,TRUE
brief,FALSE
comment,TRUE
clear,FALSE
quote,FALSE
fact,TRUE
finding,FALSE
comment,FALSE
observation,TRUE
recommendation,FALSE
investigation,FALSE
disposition,FALSE
composition,TRUE
sentence,FALSE
reveal,TRUE
form,TRUE
orient,TRUE
#,FALSE
deal,TRUE
et,FALSE
name,TRUE
title,FALSE
store,TRUE
book,TRUE
definition,TRUE
programme,FALSE
development,TRUE
trend,TRUE
challenge,TRUE
generation,TRUE
initiative,FALSE
plan,TRUE
proposal,FALSE
bill,FALSE
route,TRUE
offer,TRUE
call,TRUE
sign,TRUE
pick,TRUE
wake,FALSE
reach,TRUE
catch,FALSE
similar,FALSE
connect,TRUE
belong,TRUE
unique,FALSE
transportation,FALSE
switch,TRUE
list,TRUE
index,TRUE
review,TRUE
result,TRUE
online,FALSE
free,FALSE
computer,TRUE
public,FALSE
capture,FALSE
retention,FALSE
mass,TRUE
commodity,FALSE
optical,FALSE
combustion,TRUE
jet,FALSE
vacuum,TRUE
#,FALSE
control,TRUE
operate,TRUE
drive,TRUE
design,TRUE
guide,TRUE
suggest,TRUE
mean,TRUE
ensure,TRUE
demonstrate,TRUE
health,TRUE
guidance,FALSE
control,TRUE
ill,FALSE
outside,FALSE
insert,FALSE
header,FALSE
documentation,FALSE
contain,TRUE
format,TRUE
encode,FALSE
absence,FALSE
singer,FALSE
speaker,FALSE
player,FALSE
focus,TRUE
intent,FALSE
emphasis,FALSE
intention,FALSE
convention,FALSE
committee,FALSE
declaration,FALSE
#,FALSE
model,TRUE
introduce,TRUE
interchange,FALSE
exchange,TRUE
transfer,TRUE
transfer,TRUE
stationary,FALSE
#,FALSE
market,TRUE
environment,TRUE
necessity,FALSE
incentive,FALSE
heating,FALSE
cool,TRUE
job,TRUE
generate,TRUE
consume,TRUE
distribute,TRUE
torque,FALSE
thrust,FALSE
logic,TRUE
message,TRUE
scheduling,TRUE
3d,FALSE
ad,FALSE
sd,FALSE
cw,FALSE
er,FALSE
stream,TRUE
rpg,FALSE
momentum,FALSE
officer,FALSE
#,FALSE
#,FALSE
survey,FALSE
audit,FALSE
order,TRUE
department,TRUE
#,FALSE
emergency,FALSE
radio,FALSE
rescue,FALSE
safety,FALSE
emergency,TRUE
air,FALSE
civil,FALSE
surface,TRUE
sea,TRUE
earth,TRUE
sky,FALSE
terrestrial,FALSE
shore,FALSE
inland,FALSE
atmosphere,FALSE
airborne,FALSE
mountain,FALSE
environmental,FALSE
disaster,TRUE
flight,TRUE
Signal,FALSE
flood,FALSE
aircraft,TRUE
ground,TRUE
weather,TRUE
force,TRUE
airborne,FALSE
border,FALSE
warn,TRUE
alert,TRUE
warning,TRUE
#,FALSE
suppression,FALSE
evacuation,FALSE
lighting,FALSE
signal,TRUE
electric,FALSE
medical,FALSE
gas,TRUE
light,TRUE
Police,FALSE
electricity,TRUE
backup,TRUE
domestic,FALSE
overhead,FALSE
medical,FALSE
cable,TRUE
net,TRUE
tower,TRUE
board,TRUE
warning,TRUE
help,TRUE
protection,FALSE
communication,TRUE
aviation,FALSE
firefighter,FALSE
life,TRUE
health,TRUE
Personnel,FALSE
#,FALSE
#,FALSE
#,FALSE
disaster,TRUE
#,FALSE
plant,TRUE
People,FALSE
building,TRUE
material,TRUE
person,TRUE
instrument,TRUE
thing,TRUE
property,TRUE
product,TRUE
element,TRUE
material,TRUE
#,FALSE
blow,TRUE
locally,FALSE
#,FALSE
#,FALSE
each,FALSE
everything,FALSE
he,FALSE
she,FALSE
separate,TRUE
matrix,FALSE
pair,TRUE
combination,TRUE
reference,TRUE
property,TRUE
index,TRUE
fragment,FALSE
sequence,TRUE
interpret,TRUE
construct,TRUE
model,TRUE
choose,TRUE
together,FALSE
anywhere,FALSE
correspondence,FALSE
comparison,TRUE
order,TRUE
similarity,FALSE
boundary,TRUE
similarity,FALSE
list,TRUE
column,TRUE
row,FALSE
request,TRUE
use,TRUE
candidate,FALSE
exceed,TRUE
imply,TRUE
exclude,FALSE
mobile,FALSE
military,FALSE
joint,FALSE
field,TRUE
#,FALSE
footage,FALSE
#,FALSE
#,FALSE
chat,FALSE
enhance,TRUE
involve,TRUE
demonstrate,TRUE
highlight,FALSE
reflect,TRUE
encourage,FALSE
promote,FALSE
inter,FALSE
existence,FALSE
liaison,FALSE
headquarter,FALSE
commander,FALSE
officer,FALSE
hospital,FALSE
commander,FALSE
training,TRUE
reception,FALSE
preservation,FALSE
trust,TRUE
just,FALSE
respect,TRUE
something,FALSE
recover,TRUE
preserve,FALSE
save,TRUE
modify,TRUE
destroy,TRUE
lose,TRUE
alter,TRUE
erase,FALSE
reconstruct,FALSE
delete,FALSE
recycle,FALSE
discard,FALSE
restore,TRUE
return,TRUE
correct,TRUE
unavailable,FALSE
incomplete,FALSE
unnecessary,FALSE
redundant,FALSE
impossible,FALSE
damage,TRUE
isolate,FALSE
difficult,FALSE
irrelevant,FALSE
sort,TRUE
th,FALSE
percentage,FALSE
chain,FALSE
point,FALSE
partial,FALSE
complete,FALSE
box,TRUE
display,TRUE
incorporate,TRUE
reveal,TRUE
dry,FALSE
valve,TRUE
liquid,FALSE
#,FALSE
#,FALSE
press,FALSE
#,FALSE
injection,FALSE
#,FALSE
cool,TRUE
indicator,TRUE
regulator,FALSE
seal,FALSE
cap,FALSE
knob,FALSE
fan,FALSE
detector,TRUE
wear,FALSE
ignition,FALSE
clutch,FALSE
gearbox,FALSE
valve,TRUE
cylinder,FALSE
car,FALSE
exhaust,FALSE
intake,FALSE
inlet,FALSE
balance,TRUE
discharge,FALSE
collector,FALSE
impulse,FALSE
motion,TRUE
mind,TRUE
feature,TRUE
characteristic,TRUE
criterion,TRUE
diagram,FALSE
summary,FALSE
breakdown,FALSE
compression,FALSE
general,FALSE
assumption,TRUE
theory,TRUE
idea,TRUE
objective,TRUE
policy,TRUE
establish,TRUE
argument,TRUE
belief,FALSE
card,TRUE
letter,TRUE
stamp,FALSE
stamp,TRUE
label,TRUE
rank,FALSE
month,TRUE
late,FALSE
practical,FALSE
ultimate,FALSE
alternative,FALSE
benefit,TRUE
improvement,TRUE
occur,TRUE
via,FALSE
tailor,FALSE
open,FALSE
adapt,TRUE
transparent,FALSE
limit,TRUE
extend,TRUE
restrict,FALSE
target,TRUE
subsequently,FALSE
accordingly,FALSE
generally,FALSE
render,FALSE
combination,TRUE
virtue,FALSE
promotion,TRUE
programme,FALSE
advertisement,FALSE
review,TRUE
programming,TRUE
app,TRUE
workshop,FALSE
marketing,FALSE
mock,FALSE
mark,TRUE
back,TRUE
off,FALSE
design,TRUE
#,FALSE
#,FALSE
#,FALSE
#,FALSE
#,FALSE
#,FALSE
#,FALSE
#,FALSE
figure,TRUE
literature,FALSE
present,TRUE
side,TRUE
organizational,FALSE
evolutionary,FALSE
unusual,FALSE
interesting,FALSE
mark,TRUE
verb,FALSE
word,TRUE
speech,TRUE
handle,TRUE
due,FALSE
thank,FALSE
owe,TRUE
accordance,FALSE
step,TRUE
preference,FALSE
strategy,TRUE
pay,TRUE
immediate,FALSE
bring,TRUE
careful,FALSE
attract,TRUE
draw,TRUE
close,FALSE
attention,TRUE
we,FALSE
child,TRUE
visitor,FALSE
student,TRUE
digit,TRUE
send,TRUE
give,TRUE
coordinate,TRUE
deliver,TRUE
connect,TRUE
lead,TRUE
upgrade,FALSE
go,TRUE
permit,TRUE
reserve,TRUE
mainly,FALSE
primarily,FALSE
plan,TRUE
municipal,FALSE
incident,FALSE
risk,TRUE
anger,FALSE
operational,FALSE
recognition,FALSE
awareness,FALSE
permit,TRUE
enable,TRUE
investigator,FALSE
expert,FALSE
administrator,TRUE
inspector,FALSE
hear,TRUE
confirm,TRUE
locate,TRUE
initiate,TRUE
recover,TRUE
everything,FALSE
anything,FALSE
especially,FALSE
particularly,FALSE
namely,FALSE
specifically,FALSE
even,FALSE
notably,FALSE
history,TRUE
date,TRUE
course,FALSE
#,FALSE
#,FALSE
trial,FALSE
#,FALSE
zone,FALSE
date,FALSE
stamp,FALSE
accompany,FALSE
official,FALSE
calendar,FALSE
UTC,FALSE
#,FALSE
0,FALSE
1,FALSE
5,FALSE
12,FALSE
11,FALSE
#,FALSE
#,FALSE
communicating,FALSE
dialogue,FALSE
coordinate,TRUE
technician,FALSE
rescue,TRUE
crew,FALSE
team,TRUE
department,TRUE
manager,TRUE
crew,FALSE
#,FALSE
dispatch,FALSE
desk,FALSE
heart,FALSE
any,FALSE
certain,FALSE
additional,FALSE
several,FALSE
already,FALSE
quickly,FALSE
often,FALSE
still,FALSE
however,FALSE
attempt,TRUE
remove,TRUE
scan,TRUE
protect,TRUE
prevent,TRUE
avoid,TRUE
reveal,TRUE
prove,TRUE
expose,TRUE
protect,TRUE
fi,FALSE
tell,FALSE
ring,FALSE
singer,FALSE
end,TRUE
modification,TRUE
extension,TRUE
update,TRUE
introduction,TRUE
intelligent,FALSE
platform,TRUE
library,TRUE
incorporate,TRUE
share,TRUE
preview,FALSE
feature,TRUE
cover,TRUE
keep,TRUE
shield,TRUE
save,TRUE
preserve,TRUE
defend,TRUE
prohibit,FALSE
guard,TRUE
protect,TRUE
steal,TRUE
distort,FALSE
leak,TRUE
manipulate,TRUE
compromise,FALSE
exploit,FALSE
intercept,FALSE
capture,TRUE
abuse,FALSE
expose,FALSE
suppress,FALSE
remove,TRUE
exempt,TRUE
hide,TRUE
conceal,FALSE
interception,FALSE
violate,FALSE
threaten,FALSE
advance,TRUE
compromise,FALSE
integrity,TRUE
effectiveness,FALSE
continuity,FALSE
authenticity,FALSE
secrecy,FALSE
sensitive,FALSE
personal,FALSE
sms,FALSE
visitor,FALSE
conference,FALSE
script,FALSE
Francis,FALSE
parson,FALSE
maxwell,FALSE
gear,TRUE
mw,TRUE
freight,FALSE
bulk,FALSE
waste,FALSE
cargo,FALSE
#,FALSE
couple,TRUE
compatible,FALSE
govern,TRUE
expectation,FALSE
metal,FALSE
#,FALSE
#,FALSE
bottom,FALSE
lock,TRUE
candidate,FALSE
one,TRUE
standardize,FALSE
recognize,TRUE
packet,TRUE
#,FALSE
#,FALSE
angle,TRUE
view,TRUE
view,FALSE
perspective,FALSE
experience,TRUE
vision,FALSE
say,TRUE
assume,TRUE
observe,FALSE
conclude,FALSE
state,TRUE
prove,TRUE
demonstrate,TRUE
note,TRUE
rely,TRUE
happen,TRUE
concentrate,FALSE
universal,FALSE
coherent,FALSE
since,FALSE
prepare,TRUE
discuss,TRUE
publish,TRUE
issue,TRUE
propose,TRUE
state,TRUE
present,TRUE
terminology,FALSE
manufacture,TRUE
loan,FALSE
packaging,FALSE
competition,FALSE
bid,FALSE
contract,TRUE
submission,FALSE
contract,TRUE
approval,FALSE
award,FALSE
auction,FALSE
license,TRUE
tender,FALSE
duty,TRUE
discretion,FALSE
right,TRUE
custom,FALSE
obligation,TRUE
practice,TRUE
architect,FALSE
applicant,FALSE
investor,FALSE
advocate,FALSE
employer,FALSE
corporation,FALSE
society,TRUE
agency,TRUE
union,TRUE
prepare,TRUE
propose,TRUE
decide,TRUE
detail,TRUE
separate,FALSE
parallel,FALSE
addition,TRUE
portion,FALSE
half,TRUE
variation,TRUE
serve,TRUE
formulation,FALSE
innovative,FALSE
sustainable,FALSE
hand,TRUE
manually,FALSE
hard,FALSE
simultaneously,FALSE
copy,TRUE
rubber,FALSE
digitally,FALSE
accurately,FALSE
reverse,TRUE
permanently,FALSE
continuously,FALSE
forward,FALSE
#,FALSE
correlate,FALSE
confuse,FALSE
subsequent,FALSE
student,TRUE
major,FALSE
principal,FALSE
comprise,TRUE
collect,TRUE
store,TRUE
raise,TRUE
removal,TRUE
edit,TRUE
preservation,FALSE
exclusion,FALSE
log,TRUE
chapter,TRUE
framework,TRUE
category,TRUE
API,FALSE
pricing,FALSE
precise,FALSE
absolute,FALSE
accurate,FALSE
high,FALSE
accept,TRUE
view,TRUE
look,TRUE
aim,TRUE
look,TRUE
evaluate,TRUE
Institute,FALSE
institute,FALSE
Commission,FALSE
institution,FALSE
board,FALSE
organize,TRUE
manage,TRUE
govern,TRUE
integrate,TRUE
guide,TRUE
thousand,FALSE
thing,TRUE
corpus,FALSE
name,TRUE
style,TRUE
for,FALSE
organ,FALSE
#,FALSE
death,FALSE
disease,FALSE
arise,TRUE
fall,TRUE
originate,TRUE
lie,TRUE
delay,TRUE
difficulty,FALSE
failure,TRUE
loss,TRUE
noise,TRUE
bias,FALSE
receive,TRUE
transmit,TRUE
mode,TRUE
branch,TRUE
bus,TRUE
live,TRUE
neural,FALSE
#,FALSE
#,FALSE
both,FALSE
film,FALSE
recording,FALSE
track,TRUE
episode,FALSE
retain,TRUE
railway,FALSE
contribution,FALSE
front,FALSE
rear,FALSE
#,FALSE
arrangement,FALSE
analogue,FALSE
analog,TRUE
u,FALSE
z,FALSE
e,FALSE
various,FALSE
special,FALSE
multiple,FALSE
typically,FALSE
sometimes,FALSE
routine,FALSE
clean,TRUE
boot,FALSE
ramp,FALSE
upgrade,TRUE
update,TRUE
restore,TRUE
sustain,FALSE
modify,TRUE
fix,TRUE
rebuild,FALSE
os,FALSE
deepest,FALSE
great,FALSE
month,TRUE
season,FALSE
here,FALSE
identify,TRUE
express,TRUE
explain,TRUE
researcher,FALSE
denote,TRUE
kw,FALSE
car,FALSE
convert,TRUE
mix,TRUE
manipulate,TRUE
integer,TRUE
virtual,FALSE
repeat,TRUE
extensive,FALSE
name,TRUE
#,FALSE
chemical,FALSE
small,FALSE
resistant,FALSE
blow,TRUE
climb,FALSE
#,FALSE
fleet,FALSE
rating,FALSE
publish,TRUE
maintain,TRUE
conduct,TRUE
perform,TRUE
prepare,TRUE
forecast,FALSE
progress,FALSE
assistance,FALSE
resident,FALSE
an,FALSE
simple,FALSE
visual,FALSE
save,TRUE
saving,FALSE
traditional,FALSE
sentence,FALSE
phrase,FALSE
subject,TRUE
yes,FALSE
zero,FALSE
pause,FALSE
slight,FALSE
minor,FALSE
mistake,FALSE
positive,FALSE
answer,TRUE
think,TRUE
thing,TRUE
read,TRUE
talk,FALSE
reason,TRUE
x,TRUE
q,FALSE
diagnostic,FALSE
determine,TRUE
ask,TRUE
happen,TRUE
asset,TRUE
robot,FALSE
substance,FALSE
#,FALSE
#,FALSE
utility,TRUE
able,FALSE
administer,FALSE
usually,FALSE
typically,FALSE
simply,FALSE
executive,FALSE
enterprise,TRUE
teach,TRUE
assign,TRUE
tell,TRUE
inform,TRUE
deny,TRUE
lend,TRUE
essence,FALSE
commission,TRUE
council,FALSE
association,TRUE
ministry,FALSE
norm,FALSE
convention,TRUE
wind,TRUE
claim,TRUE
weigh,FALSE
defend,FALSE
hypothesis,FALSE
reflect,TRUE
document,TRUE
tech,FALSE
h,FALSE
d,FALSE
class,TRUE
#,FALSE
report,FALSE
#,FALSE
regard,TRUE
algebra,FALSE
experiment,FALSE
amplifi,FALSE
declare,FALSE
i,FALSE
#,FALSE
#,FALSE
mention,TRUE
conceive,FALSE
author,TRUE
teach,FALSE
establishment,FALSE
invention,FALSE
work,FALSE
room,FALSE
paper,FALSE
art,TRUE
Glass,FALSE
noise,FALSE
progress,FALSE
speed,TRUE
success,TRUE
length,TRUE
maximum,FALSE
hour,TRUE
improvement,TRUE
once,FALSE
excess,FALSE
#,FALSE
group,TRUE
set,TRUE
production,TRUE
schedule,FALSE
seat,FALSE
allowance,FALSE
estimate,TRUE
meeting,FALSE
amend,FALSE
season,FALSE
figure,FALSE
Vol,FALSE
episode,FALSE
§,FALSE
source,TRUE
in,FALSE
comprehensive,FALSE
please,FALSE
template,FALSE
#,FALSE
least,FALSE
burst,FALSE
pulse,FALSE
range,TRUE
#,FALSE
include,TRUE
historical,FALSE
arithmetic,FALSE
nominal,FALSE
estimate,TRUE
figure,TRUE
amount,TRUE
temperature,TRUE
name,FALSE
title,FALSE
rank,FALSE
structure,FALSE
name,FALSE
code,FALSE
#,FALSE
#,FALSE
conflict,TRUE
dispute,FALSE
disagreement,FALSE
trouble,FALSE
complaint,FALSE
complication,FALSE
confusion,FALSE
uncertainty,TRUE
shortage,FALSE
practice,TRUE
address,TRUE
introduce,TRUE
payload,FALSE
audio,FALSE
alpha,FALSE
associate,FALSE
acoustic,FALSE
Auxiliary,FALSE
action,TRUE
an,FALSE
advance,FALSE
g,FALSE
#,FALSE
file,TRUE
language,TRUE
social,FALSE
collection,TRUE
description,TRUE
#,FALSE
vicinity,FALSE
majority,FALSE
middle,TRUE
dam,TRUE
lake,FALSE
directional,FALSE
intensive,FALSE
op,FALSE
connector,FALSE
#,FALSE
drive,TRUE
move,TRUE
carry,TRUE
direct,TRUE
goal,FALSE
one,FALSE
stop,TRUE
hybrid,FALSE
dual,FALSE
vertical,FALSE
double,TRUE
cycle,TRUE
blade,TRUE
mill,TRUE
instrumentation,FALSE
diagnosis,FALSE
prevention,FALSE
fix,TRUE
correction,TRUE
pattern,TRUE
ensure,TRUE
manage,TRUE
improve,TRUE
rapid,FALSE
perform,TRUE
readiness,FALSE
planning,TRUE
plan,TRUE
example,TRUE
standard,TRUE
program,TRUE
solution,TRUE
wrap,FALSE
#,FALSE
attempt,TRUE
try,TRUE
attempt,TRUE
fetch,TRUE
generic,FALSE
weight,TRUE
label,TRUE
vector,FALSE
key,TRUE
derive,TRUE
stem,TRUE
stray,FALSE
originate,TRUE
discuss,TRUE
collect,TRUE
note,TRUE
essay,FALSE
chapter,TRUE
discussion,TRUE
opinion,TRUE
commentary,FALSE
purchase,TRUE
economic,FALSE
labor,FALSE
labour,FALSE
corporate,FALSE
topic,TRUE
#,FALSE
page,TRUE
python,FALSE
basic,FALSE
primary,FALSE
mathematical,FALSE
#,FALSE
solar,FALSE
green,FALSE
lightning,FALSE
smart,FALSE
heat,FALSE
taylor,FALSE
fashion,FALSE
belt,FALSE
utility,TRUE
pipe,FALSE
release,TRUE
convert,TRUE
deliver,TRUE
supply,TRUE
transport,TRUE
pour,TRUE
put,TRUE
tidal,FALSE
pertain,FALSE
arrange,FALSE
certificate,FALSE
license,FALSE
mandatory,FALSE
action,TRUE
movement,TRUE
begin,TRUE
activate,TRUE
slow,TRUE
accelerate,FALSE
push,TRUE
restart,TRUE
aid,TRUE
raise,TRUE
terminate,FALSE
finish,TRUE
interrupt,FALSE
halt,TRUE
exit,TRUE
adjust,TRUE
stability,FALSE
trigger,TRUE
assessment,TRUE
assure,TRUE
fault,TRUE
infringement,FALSE
consequence,FALSE
close,FALSE
commitment,FALSE
transition,FALSE
approach,TRUE
overhaul,FALSE
center,TRUE
centre,TRUE
found,TRUE
focus,TRUE
ground,TRUE
rely,TRUE
modernization,FALSE
#,FALSE
scene,FALSE
tran,FALSE
wire,TRUE
cross,TRUE
link,TRUE
plane,FALSE
pass,TRUE
transport,TRUE
outline,TRUE
consider,TRUE
treat,TRUE
respective,FALSE
FCC,FALSE
authority,FALSE
collaborate,FALSE
election,TRUE
election,TRUE
member,TRUE
party,TRUE
vote,FALSE
branch,TRUE
#,FALSE
#,FALSE
business,TRUE
robot,FALSE
deal,TRUE
deal,TRUE
#,FALSE
#,FALSE
#,FALSE
#,FALSE
#,FALSE
#,FALSE
#,FALSE
#,FALSE
#,FALSE
intervention,FALSE
involvement,TRUE
consent,FALSE
permission,FALSE
activity,TRUE
operation,TRUE
project,TRUE
test,TRUE
analyze,TRUE
decide,FALSE
agree,TRUE
call,TRUE
point,TRUE
key,TRUE
send,TRUE
currency,FALSE
meet,TRUE
fulfill,FALSE
satisfy,TRUE
achieve,TRUE
overcome,FALSE
accommodate,FALSE
accomplish,FALSE
solve,TRUE
meta,FALSE
semi,FALSE
#,FALSE
interpret,TRUE
physical,FALSE
statistical,FALSE
historical,FALSE
low,FALSE
motive,FALSE
alternate,TRUE
#,FALSE
would,FALSE
shall,FALSE
suggestion,FALSE
proposal,FALSE
fulfil,TRUE
suit,FALSE
match,TRUE
goal,TRUE
aim,TRUE
universal,FALSE
administrator,FALSE
administrator,FALSE
convince,FALSE
reassure,FALSE
remind,FALSE
persuade,FALSE
#,FALSE
warn,TRUE
server,TRUE
host,TRUE
know,TRUE
believe,TRUE
understand,TRUE
feel,TRUE
realize,FALSE
aware,FALSE
respond,TRUE
think,TRUE
authentic,FALSE
trust,TRUE
host,TRUE
browser,FALSE
operate,TRUE
Linux,FALSE
#,FALSE
feasible,FALSE
amendment,FALSE
stick,FALSE
appeal,FALSE
put,TRUE
answer,TRUE
wire,TRUE
speech,FALSE
video,TRUE
word,TRUE
translate,TRUE
convey,TRUE
verbal,FALSE
oral,FALSE
print,TRUE
visual,FALSE
speak,FALSE
conversation,FALSE
conversation,FALSE
interview,FALSE
cue,FALSE
multimedia,FALSE
design,TRUE
also,FALSE
and,FALSE
enforce,TRUE
assurance,FALSE
expansion,FALSE
strengthen,FALSE
illegal,FALSE
harmful,FALSE
otherwise,FALSE
induce,FALSE
license,FALSE
enforce,FALSE
aid,TRUE
destruction,FALSE
theft,FALSE
degradation,FALSE
injury,FALSE
disruption,FALSE
attack,FALSE
sabotage,FALSE
attack,FALSE
harm,FALSE
termination,FALSE
diversion,FALSE
denial,FALSE
seizure,FALSE
suspension,FALSE
repression,FALSE
matter,TRUE
competence,FALSE
collection,TRUE
assessment,TRUE
exchange,FALSE
census,FALSE
roll,TRUE
figure,TRUE
contract,TRUE
hand,TRUE
#,FALSE
rank,TRUE
penalty,FALSE
break,TRUE
static,FALSE
submit,TRUE
enter,TRUE
notice,FALSE
#,FALSE
picture,FALSE
photo,FALSE
photograph,FALSE
directory,FALSE
catalogue,FALSE
catalog,FALSE
#,FALSE
park,FALSE
#,FALSE
flaw,FALSE
weakness,FALSE
bug,FALSE
mistake,FALSE
defect,TRUE
CP,FALSE
cr,FALSE
batch,FALSE
view,TRUE
gps,FALSE
drawing,FALSE
block,TRUE
reward,FALSE
substitute,FALSE
community,TRUE
economically,FALSE
frame,TRUE
temporal,FALSE
count,TRUE
#,FALSE
#,FALSE
record,FALSE
there,FALSE
below,FALSE
strike,FALSE
start,FALSE
skip,FALSE
begin,TRUE
stop,TRUE
drop,TRUE
closing,FALSE
run,TRUE
schedule,TRUE
passenger,FALSE
truck,FALSE
road,TRUE
storm,FALSE
flow,TRUE
pass,TRUE
try,TRUE
how,FALSE
easy,FALSE
fail,TRUE
help,TRUE
threshold,FALSE
minimal,FALSE
minimize,FALSE
lose,TRUE
reliance,FALSE
cheat,FALSE
reduction,FALSE
regardless,FALSE
key,FALSE
regular,FALSE
#,FALSE
ID,FALSE
#,FALSE
#,FALSE
#,FALSE
signature,FALSE
long,FALSE
#,FALSE
bank,TRUE
apparatus,FALSE
inadequate,FALSE
extend,TRUE
homeland,FALSE
financial,FALSE
strategy,TRUE
replacement,FALSE
relocation,FALSE
site,TRUE
route,TRUE
technician,FALSE
worker,FALSE
try,TRUE
prevent,TRUE
activation,TRUE
closure,FALSE
stop,TRUE
#,FALSE
#,FALSE
#,FALSE
#,FALSE
#,FALSE
#,FALSE
#,FALSE
length,TRUE
window,FALSE
gap,FALSE
camera,FALSE
signal,TRUE
reduce,TRUE
start,TRUE
begin,TRUE
begin,TRUE
begin,TRUE
begin,TRUE
open,TRUE
start,TRUE
beginning,FALSE
originate,TRUE
moment,TRUE
min,FALSE
second,FALSE
instant,TRUE
metre,TRUE
second,FALSE
mile,TRUE
stimulus,FALSE
fire,TRUE
flash,FALSE
button,FALSE
end,TRUE
finish,TRUE
terminate,FALSE
conclude,FALSE
continue,TRUE
end,TRUE
return,TRUE
culminate,FALSE
complete,TRUE
week,FALSE
repeat,FALSE
user,TRUE
you,FALSE
human,TRUE
we,FALSE
child,FALSE
other,TRUE
player,FALSE
student,TRUE
tend,TRUE
leave,TRUE
hit,TRUE
bypass,FALSE
detention,FALSE
shop,FALSE
console,FALSE
keyboard,FALSE
mail,FALSE
retain,TRUE
possess,FALSE
assume,TRUE
migrate,FALSE
server,TRUE
office,TRUE
cache,FALSE
commencement,FALSE
initiation,FALSE
conclusion,FALSE
mining,FALSE
\\,FALSE
p,TRUE
program,TRUE
encompasse,FALSE
constitute,FALSE
governance,FALSE
#,FALSE
effort,TRUE
ease,TRUE
pump,TRUE
engine,TRUE
blade,TRUE
park,TRUE
mount,TRUE
away,FALSE
#,FALSE
distant,FALSE
enough,FALSE
#,FALSE
#,FALSE
#,FALSE
#,FALSE
nothing,FALSE
interest,TRUE
something,FALSE
anything,FALSE
break,TRUE
advance,FALSE
root,TRUE
induce,TRUE
erosion,FALSE
collapse,FALSE
flooding,FALSE
damage,TRUE
remember,FALSE
replace,TRUE
coin,FALSE
low,FALSE
combine,TRUE
estimate,TRUE
price,TRUE
consulting,FALSE
empty,FALSE
0,FALSE
#,FALSE
bolt,FALSE
with,FALSE
besides,FALSE
by,FALSE
through,FALSE
after,FALSE
since,FALSE
during,FALSE
without,FALSE
as,FALSE
on,FALSE
despite,FALSE
logistic,FALSE
economy,FALSE
brain,TRUE
V8,FALSE
lever,FALSE
single,FALSE
money,FALSE
cash,TRUE
department,FALSE
subdivide,FALSE
division,TRUE
#,FALSE
#,FALSE
#,FALSE
#,FALSE
#,FALSE
#,FALSE
respectively,FALSE
electrical,FALSE
diesel,TRUE
engineering,FALSE
theory,FALSE
model,FALSE
short,FALSE
quick,FALSE
#,FALSE
#,FALSE
#,FALSE
unit,FALSE
power,TRUE
land,TRUE
actress,FALSE
actor,FALSE
director,FALSE
writer,FALSE
scene,FALSE
performer,FALSE
producer,FALSE
personality,FALSE
emphasize,FALSE
sanction,FALSE
cd,FALSE
export,FALSE
playback,FALSE
music,FALSE
dvd,FALSE
photo,FALSE
video,TRUE
player,FALSE
artist,FALSE
participant,TRUE
performance,TRUE
city,TRUE
reduce,TRUE
convert,TRUE
trace,TRUE
attribute,TRUE
upgrade,TRUE
tie,TRUE
#,FALSE
shell,FALSE
rock,FALSE
face,TRUE
stone,FALSE
conduct,TRUE
undertake,TRUE
string,TRUE
row,FALSE
supplier,TRUE
provider,TRUE
vendor,FALSE
contractor,FALSE
consumer,TRUE
citizen,FALSE
whose,FALSE
offer,TRUE
commercial,FALSE
gallery,FALSE
factory,TRUE
pick,FALSE
phone,TRUE
radio,TRUE
v,FALSE
w,FALSE
n,FALSE
commerce,FALSE
mail,FALSE
Commerce,FALSE
learn,FALSE
phone,TRUE
fi,FALSE
office,TRUE
machine,TRUE
test,TRUE
branch,TRUE
manager,FALSE
agent,TRUE
lease,TRUE
sell,TRUE
rent,FALSE
charter,FALSE
affiliate,FALSE
own,TRUE
award,FALSE
IBM,FALSE
Atlantic,FALSE
elevate,FALSE
ATP,FALSE
FM,FALSE
inner,FALSE
quality,FALSE
forward,FALSE
congestion,FALSE
Manual,FALSE
clearance,FALSE
humidity,FALSE
cruise,FALSE
omit,TRUE
imagery,FALSE
estate,FALSE
#,FALSE
chart,TRUE
etc,FALSE
2011,FALSE
2007,FALSE
cd,FALSE
listen,FALSE
2008,FALSE
2010,FALSE
old,FALSE
mention,TRUE
hundred,FALSE
label,TRUE
#,FALSE
#,FALSE
#,FALSE
#,FALSE
#,FALSE
#,FALSE
#,FALSE
vertically,FALSE
equivalent,FALSE
altitude,FALSE
feeder,FALSE
rail,FALSE
along,FALSE
couple,TRUE
handful,FALSE
accident,FALSE
break,TRUE
miss,TRUE
#,FALSE
sculpture,FALSE
pyramid,FALSE
span,TRUE
peak,FALSE
village,FALSE
family,TRUE
color,TRUE
variant,FALSE
company,TRUE
unit,TRUE
organization,TRUE
embed,FALSE
good,FALSE
variance,FALSE
variation,TRUE
race,FALSE
#,FALSE
escape,FALSE
substitution,FALSE
problem,TRUE
issue,TRUE
rule,TRUE
question,TRUE
culture,FALSE
song,FALSE
story,FALSE
lyric,FALSE
theme,FALSE
theoretical,FALSE
graphical,FALSE
scientific,FALSE
geometric,FALSE
philosophical,FALSE
which,FALSE
presentation,TRUE
another,FALSE
website,TRUE
rom,FALSE
NFC,FALSE
NAS,FALSE
SAT,FALSE
be,FALSE
broadband,TRUE
wireless,FALSE
international,FALSE
bt,FALSE
root,TRUE
orbit,FALSE
secondary,FALSE
edit,TRUE
Chart,FALSE
disc,FALSE
episode,FALSE
Map,FALSE
atomic,FALSE
secondary,FALSE
yield,TRUE
feed,TRUE
wire,TRUE
join,TRUE
wavelength,FALSE
regulation,TRUE
electronic,TRUE
income,FALSE
capital,TRUE
cite,TRUE
specimen,FALSE
photograph,FALSE
manuscript,FALSE
rely,TRUE
draw,TRUE
compute,FALSE
peripheral,FALSE
duty,TRUE
go,TRUE
bus,TRUE
fly,TRUE
#,FALSE
private,FALSE
spare,FALSE
idle,FALSE
unlimited,FALSE
#,FALSE
#,FALSE
play,TRUE
eat,TRUE
spend,TRUE
talk,TRUE
deal,TRUE
2012,FALSE
2013,FALSE
2014,FALSE
2015,FALSE
2009,FALSE
2016,FALSE
2017,FALSE
2006,FALSE
2004,FALSE
2005,FALSE
2003,FALSE
deploy,TRUE
fire,TRUE
cluster,FALSE
seed,FALSE
characterise,TRUE
climate,FALSE
carbon,TRUE
flow,TRUE
adjustment,FALSE
ice,TRUE
someone,FALSE
team,TRUE
engineer,TRUE
transform,TRUE
expand,TRUE
accumulate,FALSE
genome,FALSE
stock,FALSE
scan,FALSE
speed,TRUE
regime,FALSE
supervise,FALSE
conductor,TRUE
supervisor,FALSE
#,FALSE
alone,FALSE
#,FALSE
autonomous,FALSE
calculate,TRUE
age,TRUE
inclusive,FALSE
successor,FALSE
unrelated,FALSE
dedicate,FALSE
precursor,FALSE
km,TRUE
metre,TRUE
hectare,FALSE
acre,FALSE
kilometer,FALSE
m²,FALSE
industry,TRUE
instrumental,FALSE
engage,TRUE
financing,FALSE
advantage,TRUE
toll,FALSE
edge,TRUE
creation,TRUE
another,FALSE
far,FALSE
his,FALSE
vendor,FALSE
gateway,FALSE
attach,TRUE
suite,TRUE
credential,FALSE
right,TRUE
extract,TRUE
solely,FALSE
locomotive,FALSE
week,FALSE
credit,TRUE
office,TRUE
slot,FALSE
gate,FALSE
take,TRUE
take,TRUE
take,TRUE
hold,TRUE
precedence,FALSE
nine,FALSE
scheme,TRUE
graph,TRUE
survey,FALSE
census,FALSE
demographic,FALSE
spatial,FALSE
#,FALSE
analysis,TRUE
rating,FALSE
#,FALSE
trend,TRUE
derivative,TRUE
argument,TRUE
identity,TRUE
inverse,FALSE
symbol,TRUE
match,TRUE
#,FALSE
#,FALSE
#,FALSE
#,FALSE
#,FALSE
#,FALSE
#,FALSE
#,FALSE
#,FALSE
#,FALSE
piece,TRUE
fragment,FALSE
alternative,TRUE
expression,TRUE
coefficient,FALSE
image,TRUE
resource,TRUE
temporary,FALSE
#,FALSE
#,FALSE
#,FALSE
#,FALSE
#,FALSE
#,FALSE
Games,FALSE
country,TRUE
year,TRUE
firm,FALSE
foundation,TRUE
government,TRUE
enterprise,TRUE
bank,TRUE
household,FALSE
landowner,FALSE
corporation,TRUE
institution,FALSE
#,FALSE
#,FALSE
#,FALSE
#,FALSE
#,FALSE
#,FALSE
bridge,FALSE
village,FALSE
lake,FALSE
church,FALSE
threat,FALSE
relevance,FALSE
museum,FALSE
school,TRUE
university,FALSE
district,FALSE
justification,FALSE
licence,FALSE
comparable,FALSE
identical,FALSE
ltd,FALSE
passive,FALSE
electronic,TRUE
ball,FALSE
roller,FALSE
automotive,FALSE
bear,TRUE
automobile,FALSE
evolution,FALSE
territory,FALSE
district,FALSE
province,FALSE
NGOs,FALSE
state,FALSE
county,FALSE
nation,FALSE
shift,TRUE
merge,TRUE
evolve,FALSE
move,TRUE
increase,TRUE
integrate,TRUE
rise,TRUE
breeze,FALSE
tide,FALSE
wave,TRUE
certainty,FALSE
email,TRUE
response,TRUE
dispatch,FALSE
#,FALSE
finance,FALSE
commission,TRUE
run,TRUE
specialize,TRUE
specialize,TRUE
specialise,TRUE
specialise,TRUE
invest,FALSE
find,TRUE
locate,TRUE
thus,FALSE
now,FALSE
but,FALSE
except,FALSE
write,TRUE
so,FALSE
schedule,FALSE
form,FALSE
outer,FALSE
upper,FALSE
low,FALSE
geographic,FALSE
technological,FALSE
segment,FALSE
#,FALSE
#,FALSE
#,FALSE
nervous,FALSE
employ,TRUE
adopt,TRUE
exhibit,FALSE
exploit,FALSE
curve,TRUE
phenomenon,FALSE
universe,FALSE
cardinal,FALSE
#,FALSE
#,FALSE
#,FALSE
#,FALSE
#,FALSE
occasion,FALSE
file,TRUE
firm,FALSE
reply,FALSE
pay,TRUE
bring,TRUE
early,FALSE
explanation,TRUE
revise,FALSE
refine,FALSE
confirm,TRUE
expand,TRUE
clearly,FALSE
explicitly,FALSE
later,FALSE
partially,FALSE
finally,FALSE
ultimately,FALSE
#,FALSE
#,FALSE
monitor,TRUE
friendly,FALSE
incident,FALSE
alteration,FALSE
shift,TRUE
identify,TRUE
trace,TRUE
between,FALSE
relative,TRUE
approximation,FALSE
occasion,FALSE
red,FALSE
yellow,FALSE
black,FALSE
white,FALSE
blue,FALSE
could,FALSE
might,FALSE
mark,TRUE
indicate,TRUE
recipient,FALSE
publisher,FALSE
publication,TRUE
text,TRUE
signature,FALSE
work,TRUE
meet,TRUE
support,TRUE
fulfil,FALSE
fit,TRUE
violate,FALSE
serve,TRUE
network,TRUE
generation,TRUE
impose,TRUE
put,TRUE
create,TRUE
stress,TRUE
stress,FALSE
mandate,FALSE
become,TRUE
revenue,FALSE
prone,FALSE
#,FALSE
#,FALSE
hiatus,FALSE
#,FALSE
respond,TRUE
send,TRUE
direct,TRUE
depart,FALSE
outgoing,FALSE
leave,TRUE
sell,TRUE
get,TRUE
train,TRUE
iso,TRUE
european,FALSE
study,TRUE
scout,FALSE
from,FALSE
consider,TRUE
understanding,FALSE
know,TRUE
consider,TRUE
aluminum,FALSE
join,TRUE
driver,FALSE
political,FALSE
speaker,FALSE
achieve,TRUE
conduct,TRUE
undertaking,FALSE
implement,TRUE
balance,TRUE
solve,TRUE
reach,TRUE
pursue,FALSE
arrangement,FALSE
notable,FALSE
convenient,FALSE
represent,TRUE
display,TRUE
demonstrate,TRUE
boiler,FALSE
fluid,FALSE
pin,FALSE
contact,TRUE
size,TRUE
resistance,FALSE
tolerance,FALSE
vibration,TRUE
#,FALSE
editor,FALSE
edit,TRUE
regulation,FALSE
lane,FALSE
highway,FALSE
irrigation,FALSE
degree,TRUE
initial,TRUE
dot,FALSE
contexts,FALSE
wire,TRUE
large,FALSE
configuration,TRUE
mixed,FALSE
freedom,FALSE
programmer,FALSE
independently,FALSE
properly,FALSE
concurrently,FALSE
freely,FALSE
separately,FALSE
correctly,FALSE
individually,FALSE
model,TRUE
diversity,FALSE
creative,FALSE
jump,FALSE
result,TRUE
bring,TRUE
come,TRUE
occur,TRUE
engage,TRUE
stall,FALSE
starter,FALSE
drive,TRUE
incident,FALSE
cause,TRUE
#,FALSE
#,FALSE
response,TRUE
opposition,FALSE
classification,TRUE
resistance,FALSE
ensure,TRUE
guarantee,TRUE
manuscript,FALSE
ought,FALSE
appear,TRUE
report,TRUE
annual,FALSE
#,FALSE
sheet,TRUE
slot,FALSE
strategic,FALSE
flag,FALSE
number,TRUE
16,FALSE
score,FALSE
100,FALSE
15,FALSE
design,TRUE
develop,TRUE
assess,FALSE
evaluate,TRUE
study,TRUE
construct,TRUE
create,TRUE
garden,FALSE
bear,TRUE
take,TRUE
care,TRUE
disposal,FALSE
spectrum,FALSE
range,TRUE
nutrient,FALSE
moisture,FALSE
precipitation,FALSE
rainfall,FALSE
ventilation,FALSE
pressure,TRUE
nitrogen,FALSE
country,FALSE
#,FALSE
berry,FALSE
heritage,FALSE
park,FALSE
family,FALSE
head,FALSE
brook,FALSE
cottage,FALSE
service,TRUE
surround,FALSE
bound,TRUE
agency,TRUE
club,FALSE
facilitate,TRUE
experiment,FALSE
render,FALSE
make,TRUE
calculate,TRUE
turn,TRUE
contribution,FALSE
post,TRUE
attachment,FALSE
festival,FALSE
tournament,FALSE
weekend,FALSE
contrast,TRUE
merge,TRUE
pair,TRUE
sound,TRUE
matrix,FALSE
tag,FALSE
substitute,FALSE
voice,TRUE
hazard,FALSE
tornado,FALSE
occur,TRUE
whistle,FALSE
disturbance,FALSE
abrupt,FALSE
early,FALSE
accidental,FALSE
explosion,FALSE
land,TRUE
trouble,FALSE
sound,TRUE
cause,TRUE
frequency,TRUE
altitude,FALSE
elevation,FALSE
slope,FALSE
member,FALSE
leader,FALSE
o,FALSE
