privacy,TRUE
security,TRUE
search,TRUE
disclosure,TRUE
access,TRUE
protection,TRUE
content,TRUE
protection,FALSE
security,FALSE
user,TRUE
internet,TRUE
encryption,FALSE
domain,TRUE
policy,TRUE
practice,TRUE
policy,TRUE
measure,TRUE
behavior,TRUE
right,TRUE
rule,TRUE
standard,TRUE
datum,TRUE
strategy,TRUE
tool,TRUE
setting,TRUE
protocol,TRUE
law,TRUE
method,TRUE
service,TRUE
implement,TRUE
use,TRUE
achieve,TRUE
set,TRUE
design,TRUE
enforce,TRUE
manage,TRUE
express,TRUE
accomplish,TRUE
communicate,TRUE
define,TRUE
interpret,TRUE
pursue,FALSE
apply,TRUE
create,TRUE
way,TRUE
context,TRUE
manner,TRUE
environment,TRUE
process,TRUE
framework,TRUE
fashion,FALSE
strategy,TRUE
language,TRUE
pattern,TRUE
mechanism,TRUE
code,TRUE
method,TRUE
direction,FALSE
order,TRUE
allow,TRUE
allow,TRUE
enable,TRUE
enable,TRUE
encourage,TRUE
encourage,TRUE
require,TRUE
require,TRUE
force,TRUE
force,TRUE
lead,TRUE
cause,TRUE
help,TRUE
help,TRUE
lead,TRUE
user,TRUE
people,TRUE
organization,TRUE
researcher,TRUE
participant,TRUE
developer,TRUE
student,TRUE
individual,TRUE
administrator,TRUE
one,FALSE
expert,TRUE
someone,FALSE
educator,FALSE
play,TRUE
take,TRUE
assume,TRUE
perform,TRUE
adopt,TRUE
exercise,FALSE
consider,TRUE
pursue,TRUE
undertake,FALSE
fulfill,TRUE
serve,TRUE
use,TRUE
maintain,TRUE
accept,TRUE
role,TRUE
approach,TRUE
course,FALSE
step,TRUE
interest,TRUE
stance,FALSE
turn,TRUE
action,TRUE
part,TRUE
initiative,FALSE
path,TRUE
route,FALSE
step,TRUE
learn,TRUE
decision,TRUE
talk,TRUE
think,TRUE
communicating,FALSE
information,TRUE
inform,TRUE
discussion,TRUE
report,TRUE
speak,TRUE
communication,TRUE
decide,TRUE
reason,TRUE
conversation,FALSE
know,TRUE
certain,FALSE
legitimate,FALSE
specific,FALSE
current,FALSE
exist,TRUE
harmful,FALSE
acceptable,FALSE
common,FALSE
appropriate,FALSE
different,FALSE
new,FALSE
relevant,FALSE
well,FALSE
management,TRUE
business,TRUE
governance,FALSE
share,TRUE
ownership,TRUE
design,TRUE
censorship,FALSE
safety,TRUE
host,TRUE
development,TRUE
goal,TRUE
issue,TRUE
objective,TRUE
example,TRUE
instance,TRUE
comparison,TRUE
simplicity,FALSE
example,TRUE
convenience,TRUE
contrast,TRUE
illustration,FALSE
short,FALSE
clarity,FALSE
effect,TRUE
system,TRUE
player,TRUE
program,TRUE
government,TRUE
voter,FALSE
computer,TRUE
developer,TRUE
customer,TRUE
individual,TRUE
consumer,TRUE
person,TRUE
model,TRUE
candidate,TRUE
client,TRUE
write,TRUE
make,TRUE
choose,TRUE
want,TRUE
post,TRUE
know,TRUE
create,TRUE
submit,TRUE
receive,TRUE
need,TRUE
develop,TRUE
particular,FALSE
give,TRUE
single,FALSE
goal,TRUE
target,TRUE
public,FALSE
good,FALSE
simple,FALSE
plan,TRUE
policy,FALSE
card,TRUE
pill,FALSE
point,TRUE
option,TRUE
sector,TRUE
function,TRUE
campaign,TRUE
variable,TRUE
item,TRUE
value,TRUE
message,TRUE
option,TRUE
word,TRUE
drug,FALSE
change,TRUE
choice,TRUE
chemical,FALSE
ingredient,FALSE
solution,TRUE
feature,TRUE
error,TRUE
specify,TRUE
list,TRUE
state,TRUE
include,TRUE
contain,TRUE
involve,TRUE
put,TRUE
place,TRUE
identify,TRUE
find,TRUE
mention,TRUE
decision,TRUE
list,TRUE
choice,TRUE
statement,TRUE
area,TRUE
app,TRUE
screen,TRUE
device,TRUE
application,TRUE
website,TRUE
game,TRUE
monitor,TRUE
browser,TRUE
software,TRUE
display,TRUE
interface,TRUE
choose,TRUE
select,TRUE
achieve,TRUE
get,TRUE
receive,TRUE
need,TRUE
change,TRUE
provide,TRUE
implement,TRUE
create,TRUE
note,TRUE
note,TRUE
source,TRUE
example,TRUE
also,FALSE
specifically,FALSE
far,FALSE
additionally,FALSE
reference,TRUE
note,TRUE
c,TRUE
provide,TRUE
provide,TRUE
lack,TRUE
offer,TRUE
include,TRUE
define,TRUE
lack,TRUE
offer,TRUE
contain,TRUE
API,FALSE
interface,TRUE
direct,FALSE
standard,FALSE
technical,FALSE
minimal,FALSE
interaction,TRUE
explicit,FALSE
support,TRUE
set,TRUE
#,FALSE
#,FALSE
space,TRUE
resource,TRUE
#,FALSE
module,TRUE
package,TRUE
every,FALSE
xml,FALSE
analysis,TRUE
make,TRUE
formulation,FALSE
implementation,TRUE
#,FALSE
maker,FALSE
#,FALSE
creation,TRUE
discussion,TRUE
evaluation,TRUE
recommendation,TRUE
include,TRUE
offer,TRUE
add,TRUE
contain,TRUE
give,TRUE
tool,TRUE
resource,TRUE
additional,FALSE
expert,TRUE
knowledge,TRUE
functionality,TRUE
capability,TRUE
capability,TRUE
#,FALSE
ability,TRUE
work,TRUE
communicate,TRUE
interact,TRUE
deal,TRUE
meet,TRUE
comply,FALSE
work,TRUE
negotiate,FALSE
work,TRUE
,FALSE
current,FALSE
question,TRUE
special,FALSE
final,FALSE
first,FALSE
big,FALSE
initial,FALSE
the,TRUE
personal,TRUE
no,FALSE
report,TRUE
public,FALSE
monthly,FALSE
on,FALSE
thing,TRUE
question,TRUE
topic,TRUE
event,TRUE
detail,TRUE
point,TRUE
idea,TRUE
problem,TRUE
phrase,FALSE
fact,TRUE
come,TRUE
pop,TRUE
crop,FALSE
end,TRUE
open,TRUE
show,TRUE
go,TRUE
light,TRUE
wind,TRUE
start,TRUE
make,TRUE
line,TRUE
sum,TRUE
question,TRUE
file,TRUE
focus,TRUE
more,FALSE
information,TRUE
question,TRUE
comment,TRUE
answer,TRUE
comment,TRUE
info,FALSE
service,TRUE
health,TRUE
defense,TRUE
education,TRUE
performance,TRUE
transportation,FALSE
aviation,FALSE
military,FALSE
clearance,FALSE
compliance,TRUE
relate,TRUE
response,TRUE
level,TRUE
enforcement,TRUE
assurance,TRUE
certification,FALSE
activity,TRUE
product,TRUE
crime,FALSE
matter,TRUE
incident,FALSE
industry,TRUE
cost,TRUE
business,TRUE
company,TRUE
operation,TRUE
good,TRUE
classify,TRUE
rate,TRUE
regard,TRUE
consider,TRUE
describe,TRUE
recognize,TRUE
see,TRUE
treat,TRUE
view,TRUE
categorize,TRUE
characterize,FALSE
perceive,TRUE
default,FALSE
key,FALSE
general,FALSE
second,FALSE
standard,FALSE
main,FALSE
zero,FALSE
b,FALSE
ii,FALSE
state,TRUE
requirement,TRUE
a,TRUE
Commission,FALSE
council,FALSE
secretary,FALSE
committee,FALSE
agency,FALSE
department,FALSE
Institute,FALSE
authority,FALSE
agency,TRUE
centre,FALSE
Act,FALSE
organization,TRUE
commission,TRUE
Secretariat,FALSE
facilitate,TRUE
ensure,TRUE
conduct,TRUE
cover,TRUE
handle,TRUE
promote,TRUE
oversee,FALSE
item,TRUE
identification,TRUE
document,TRUE
database,TRUE
virus,FALSE
type,TRUE
resolution,TRUE
prevention,FALSE
assessment,TRUE
resolution,FALSE
reduction,FALSE
detection,FALSE
monitor,TRUE
control,TRUE
intervention,FALSE
determination,FALSE
awareness,FALSE
surveillance,FALSE
coordination,FALSE
investigation,TRUE
high,FALSE
system,TRUE
rule,TRUE
10,FALSE
instrument,TRUE
contract,TRUE
agreement,TRUE
report,TRUE
measure,TRUE
bill,TRUE
regulation,TRUE
law,TRUE
ask,TRUE
permit,TRUE
assist,TRUE
advise,TRUE
invite,TRUE
inform,TRUE
player,TRUE
team,TRUE
school,TRUE
we,FALSE
program,TRUE
identify,TRUE
develop,TRUE
find,TRUE
reach,TRUE
determine,TRUE
realize,FALSE
define,TRUE
establish,TRUE
learn,TRUE
calculate,TRUE
number,TRUE
version,TRUE
feature,TRUE
value,TRUE
unit,TRUE
company,TRUE
ieee,FALSE
project,TRUE
license,TRUE
specification,TRUE
rfc,FALSE
vendor,FALSE
government,FALSE
FAA,FALSE
execute,TRUE
follow,TRUE
generate,TRUE
publish,TRUE
produce,TRUE
specify,TRUE
write,TRUE
motion,FALSE
quality,TRUE
automatic,FALSE
flow,TRUE
#,FALSE
via,FALSE
#,FALSE
#,FALSE
mode,TRUE
function,TRUE
system,TRUE
operation,TRUE
procedure,TRUE
without,FALSE
application,TRUE
use,TRUE
code,FALSE
framework,FALSE
application,TRUE
software,FALSE
project,FALSE
service,TRUE
domain,TRUE
content,FALSE
datum,FALSE
solution,TRUE
technology,TRUE
platform,TRUE
grant,TRUE
give,TRUE
lend,TRUE
afford,TRUE
supply,TRUE
teach,TRUE
consumer,TRUE
customer,TRUE
operator,TRUE
analyst,TRUE
mean,TRUE
chance,TRUE
base,TRUE
facility,TRUE
integrate,TRUE
translate,FALSE
incorporate,TRUE
aggregate,TRUE
convert,TRUE
store,TRUE
organize,TRUE
apply,TRUE
download,TRUE
map,TRUE
transfer,TRUE
track,TRUE
extract,TRUE
input,FALSE
file,TRUE
image,TRUE
document,TRUE
record,TRUE
email,TRUE
material,TRUE
evidence,TRUE
result,TRUE
derive,TRUE
arise,TRUE
generate,TRUE
come,TRUE
obtain,TRUE
extract,TRUE
directly,FALSE
emerge,FALSE
take,TRUE
result,TRUE
server,TRUE
community,TRUE
network,TRUE
site,TRUE
file,TRUE
source,TRUE
server,TRUE
protocol,TRUE
form,TRUE
category,TRUE
structure,TRUE
profile,TRUE
link,TRUE
similar,FALSE
subject,TRUE
relate,TRUE
connect,TRUE
accord,TRUE
correspond,TRUE
dedicate,FALSE
lead,TRUE
comparable,FALSE
tie,TRUE
attach,FALSE
index,TRUE
interview,TRUE
source,TRUE
from,FALSE
theme,TRUE
in,FALSE
director,TRUE
see,TRUE
2014,FALSE
episode,TRUE
2015,FALSE
2013,FALSE
an,FALSE
tv,TRUE
BBC,FALSE
live,FALSE
youtube,FALSE
live,FALSE
radio,TRUE
chinese,FALSE
last,FALSE
radio,TRUE
official,FALSE
manager,FALSE
club,FALSE
shop,FALSE
assistant,FALSE
service,FALSE
,FALSE
group,FALSE
shop,TRUE
staff,FALSE
team,FALSE
web,TRUE
site,FALSE
name,FALSE
version,FALSE
Database,FALSE
page,FALSE
proposal,TRUE
domain,TRUE
web,TRUE
manager,TRUE
#,FALSE
team,TRUE
staff,TRUE
manager,TRUE
#,FALSE
director,TRUE
member,TRUE
coordinator,TRUE
leader,TRUE
engineer,TRUE
administrator,TRUE
author,TRUE
prepare,TRUE
register,TRUE
modify,TRUE
documentation,TRUE
text,TRUE
specification,TRUE
parameter,TRUE
format,TRUE
project,TRUE
purpose,TRUE
task,TRUE
product,TRUE
within,FALSE
create,TRUE
include,TRUE
define,TRUE
identify,TRUE
describe,TRUE
page,TRUE
place,TRUE
author,TRUE
publication,TRUE
name,TRUE
compose,TRUE
consist,TRUE
form,TRUE
construct,TRUE
build,TRUE
consist,TRUE
consist,TRUE
comprise,TRUE
consist,TRUE
capable,FALSE
constitute,FALSE
component,TRUE
part,TRUE
section,TRUE
phase,TRUE
element,TRUE
unit,TRUE
division,FALSE
segment,FALSE
stage,TRUE
group,TRUE
branch,TRUE
area,TRUE
route,FALSE
task,FALSE
use,TRUE
administrator,FALSE
provider,TRUE
programmer,TRUE
release,TRUE
keep,TRUE
log,TRUE
account,TRUE
event,TRUE
update,TRUE
audit,FALSE
error,TRUE
update,TRUE
activity,TRUE
output,FALSE
inventory,FALSE
internal,FALSE
request,TRUE
menu,TRUE
tree,TRUE
rule,TRUE
key,TRUE
command,TRUE
copy,TRUE
send,TRUE
edit,TRUE
call,TRUE
link,TRUE
read,TRUE
entry,TRUE
return,TRUE
terminate,FALSE
delete,TRUE
repeat,FALSE
restart,FALSE
reverse,TRUE
retrieve,TRUE
element,TRUE
component,TRUE
object,TRUE
session,FALSE
variable,TRUE
directory,TRUE
package,TRUE
goal,FALSE
mission,FALSE
goal,TRUE
process,FALSE
set,FALSE
program,FALSE
core,FALSE
target,FALSE
algorithm,TRUE
compiler,FALSE
test,TRUE
present,TRUE
combination,TRUE
collection,TRUE
mixture,FALSE
summary,TRUE
hierarchy,TRUE
dictionary,TRUE
total,FALSE
mix,FALSE
script,TRUE
language,TRUE
film,FALSE
scenario,TRUE
signal,FALSE
object,TRUE
model,TRUE
sequence,TRUE
actor,FALSE
character,TRUE
creator,FALSE
focus,TRUE
destination,FALSE
location,TRUE
background,FALSE
origin,FALSE
agent,TRUE
operator,TRUE
#,FALSE
#,FALSE
#,FALSE
hero,FALSE
#,FALSE
villain,FALSE
god,TRUE
#,FALSE
#,FALSE
#,FALSE
psychic,FALSE
#,FALSE
genius,FALSE
#,FALSE
power,TRUE
authority,TRUE
power,TRUE
right,TRUE
capacity,TRUE
ability,TRUE
potential,TRUE
immunity,FALSE
skill,TRUE
skill,TRUE
gain,TRUE
limit,TRUE
deny,TRUE
confirm,FALSE
approve,TRUE
refuse,FALSE
acquire,TRUE
retain,TRUE
obtain,TRUE
secure,FALSE
block,TRUE
restrict,TRUE
free,FALSE
wish,FALSE
gift,FALSE
immortality,FALSE
magic,FALSE
possession,FALSE
command,TRUE
vision,FALSE
favor,FALSE
pleasure,FALSE
die,TRUE
type,TRUE
guide,TRUE
asset,TRUE
copyright,FALSE
leader,TRUE
partner,TRUE
engineer,TRUE
personnel,TRUE
discover,TRUE
pick,TRUE
locate,TRUE
label,TRUE
basis,TRUE
title,TRUE
identity,TRUE
description,TRUE
enterprise,TRUE
assign,TRUE
move,TRUE
connect,TRUE
adapt,TRUE
bring,TRUE
refer,TRUE
submit,TRUE
migrate,FALSE
relate,TRUE
future,FALSE
name,TRUE
responsibility,TRUE
title,TRUE
one,TRUE
term,TRUE
attribute,TRUE
category,TRUE
region,FALSE
group,TRUE
entity,TRUE
organisation,TRUE
institution,TRUE
organism,FALSE
employee,TRUE
attacker,FALSE
architect,TRUE
employer,TRUE
manage,TRUE
collect,TRUE
interpret,TRUE
analyze,TRUE
manipulate,TRUE
share,TRUE
student,TRUE
scientist,FALSE
researcher,TRUE
consultant,FALSE
worker,FALSE
man,FALSE
teacher,FALSE
member,TRUE
technician,FALSE
lawyer,FALSE
journalist,FALSE
representative,FALSE
friend,FALSE
head,FALSE
member,FALSE
fellow,FALSE
supporter,FALSE
supervisor,FALSE
research,TRUE
advisory,FALSE
it,FALSE
steering,FALSE
plan,TRUE
develop,TRUE
monitor,TRUE
decide,TRUE
control,TRUE
identify,TRUE
review,TRUE
design,TRUE
determine,TRUE
understand,TRUE
generate,TRUE
view,TRUE
maintain,TRUE
follow,TRUE
implement,TRUE
support,TRUE
manage,TRUE
apply,TRUE
observe,TRUE
task,TRUE
assignment,FALSE
present,TRUE
available,FALSE
propose,TRUE
assign,TRUE
applicable,FALSE
send,TRUE
attribute,TRUE
technical,FALSE
product,TRUE
system,FALSE
game,FALSE
module,TRUE
employ,TRUE
visitor,FALSE
view,TRUE
see,TRUE
review,TRUE
graphical,FALSE
image,TRUE
report,TRUE
description,TRUE
statement,TRUE
sheet,FALSE
table,TRUE
side,TRUE
hand,TRUE
half,TRUE
arm,FALSE
corner,FALSE
surface,FALSE
edge,TRUE
face,TRUE
shoulder,FALSE
hemisphere,FALSE
front,TRUE
leg,FALSE
keyboard,FALSE
mouse,FALSE
screen,TRUE
camera,FALSE
desktop,TRUE
board,TRUE
console,FALSE
table,TRUE
panel,TRUE
observe,TRUE
enforce,TRUE
understand,TRUE
mission,TRUE
scenario,TRUE
case,TRUE
simulation,TRUE
battle,FALSE
time,TRUE
#,FALSE
device,TRUE
action,TRUE
portion,FALSE
official,FALSE
category,TRUE
section,TRUE
application,TRUE
research,FALSE
#,FALSE
testing,TRUE
performance,TRUE
record,FALSE
analysis,FALSE
computing,FALSE
radar,FALSE
design,TRUE
engineering,FALSE
mechanic,FALSE
test,TRUE
article,TRUE
section,TRUE
class,TRUE
criterion,TRUE
parameter,TRUE
criterion,TRUE
describe,TRUE
cover,TRUE
discuss,TRUE
list,TRUE
consider,TRUE
explain,TRUE
examine,TRUE
outline,TRUE
address,TRUE
factor,TRUE
characteristic,TRUE
aspect,TRUE
consideration,TRUE
speed,TRUE
stability,FALSE
cost,TRUE
flexibility,TRUE
efficiency,TRUE
complexity,FALSE
price,FALSE
reliability,TRUE
availability,TRUE
size,TRUE
precision,FALSE
accuracy,FALSE
frequency,TRUE
consistency,FALSE
distance,FALSE
range,TRUE
sensitivity,FALSE
classification,TRUE
development,FALSE
guidance,FALSE
guideline,TRUE
induce,FALSE
contractor,FALSE
designer,FALSE
build,TRUE
construct,TRUE
introduce,TRUE
classification,TRUE
general,FALSE
generic,FALSE
fix,TRUE
scheme,TRUE
instead,FALSE
regardless,FALSE
architecture,TRUE
equipment,TRUE
build,TRUE
property,TRUE
allow,TRUE
field,TRUE
league,TRUE
editor,TRUE
com,TRUE
video,TRUE
personal,FALSE
video,TRUE
profile,FALSE
handbook,FALSE
management,FALSE
index,FALSE
programming,TRUE
use,TRUE
how,FALSE
support,TRUE
help,TRUE
need,TRUE
access,TRUE
user,TRUE
post,TRUE
hold,TRUE
belonging,FALSE
account,TRUE
content,TRUE
contact,TRUE
photo,FALSE
password,TRUE
address,TRUE
ID,FALSE
email,TRUE
surname,FALSE
photo,FALSE
logo,FALSE
contact,TRUE
status,TRUE
job,TRUE
number,TRUE
history,TRUE
record,TRUE
book,TRUE
list,TRUE
credential,FALSE
key,TRUE
signature,FALSE
other,TRUE
facebook,FALSE
operational,FALSE
good,FALSE
one,FALSE
stakeholder,TRUE
everyone,FALSE
employee,TRUE
assess,TRUE
evaluate,TRUE
predict,TRUE
risk,TRUE
situation,TRUE
case,TRUE
process,TRUE
associate,TRUE
consistent,FALSE
along,FALSE
align,FALSE
compare,TRUE
together,FALSE
simultaneously,FALSE
compatible,FALSE
concurrently,FALSE
correlate,FALSE
interact,FALSE
combine,TRUE
target,TRUE
outcome,TRUE
directorate,FALSE
anyone,FALSE
know,TRUE
describe,TRUE
progress,TRUE
outcome,TRUE
impact,TRUE
execution,FALSE
consequence,TRUE
problem,TRUE
study,TRUE
scope,TRUE
belong,TRUE
pertain,TRUE
refer,TRUE
entrust,FALSE
year,TRUE
country,TRUE
author,TRUE
agent,FALSE
paragraph,FALSE
declaration,FALSE
citation,FALSE
word,TRUE
paper,TRUE
whole,FALSE
concept,TRUE
complex,FALSE
act,TRUE
ought,FALSE
want,TRUE
continue,TRUE
need,TRUE
wish,TRUE
complete,TRUE
write,TRUE
complete,FALSE
publish,TRUE
execute,TRUE
•,FALSE
board,FALSE
commissioner,FALSE
state,TRUE
FDA,FALSE
governor,FALSE
President,FALSE
Minister,FALSE
possess,TRUE
lack,TRUE
opportunity,TRUE
facility,TRUE
requirement,TRUE
possibility,TRUE
satisfy,TRUE
impose,TRUE
minimum,TRUE
Model,FALSE
risk,TRUE
separate,TRUE
distinguish,TRUE
derive,TRUE
message,TRUE
market,TRUE
definition,TRUE
introduce,TRUE
concern,TRUE
establish,TRUE
main,FALSE
basic,FALSE
legal,FALSE
low,FALSE
difficulty,FALSE
type,TRUE
level,TRUE
mechanism,TRUE
zone,TRUE
mode,TRUE
#,FALSE
restriction,FALSE
call,TRUE
limit,TRUE
condition,TRUE
limitation,TRUE
library,TRUE
boundary,FALSE
reference,TRUE
regulation,TRUE
firm,TRUE
school,TRUE
bank,TRUE
department,TRUE
involve,TRUE
utilize,TRUE
unlimited,FALSE
entire,FALSE
intermediate,FALSE
operational,FALSE
optimal,FALSE
upper,FALSE
initial,FALSE
arbitrary,FALSE
applicant,FALSE
guarantee,TRUE
freedom,FALSE
pdf,FALSE
these,FALSE
here,FALSE
below,FALSE
there,FALSE
they,FALSE
follow,TRUE
those,FALSE
then,FALSE
where,FALSE
what,FALSE
penalty,FALSE
time,TRUE
moment,FALSE
score,TRUE
minute,FALSE
second,TRUE
move,TRUE
stage,TRUE
respectively,FALSE
field,TRUE
form,TRUE
effect,TRUE
design,TRUE
planning,TRUE
attempt,TRUE
learn,TRUE
export,TRUE
transform,FALSE
import,TRUE
graph,FALSE
script,TRUE
external,FALSE
adjacent,FALSE
actual,FALSE
archive,FALSE
online,FALSE
representation,TRUE
editor,TRUE
container,FALSE
library,TRUE
client,TRUE
entity,TRUE
exchange,TRUE
compare,TRUE
piece,FALSE
situation,TRUE
run,TRUE
enter,TRUE
another,FALSE
multiple,FALSE
per,FALSE
upon,FALSE
automatically,FALSE
separately,FALSE
immediately,FALSE
quickly,FALSE
manually,FALSE
attach,TRUE
assign,TRUE
priority,TRUE
rating,FALSE
date,TRUE
hand,TRUE
extreme,FALSE
foot,FALSE
scale,FALSE
cheek,FALSE
computer,TRUE
sensor,FALSE
symbol,TRUE
code,TRUE
graph,FALSE
network,TRUE
algorithm,TRUE
statistic,TRUE
intend,TRUE
able,FALSE
mean,TRUE
require,TRUE
necessary,FALSE
structure,TRUE
formulate,FALSE
explain,TRUE
represent,TRUE
dynamic,FALSE
physical,FALSE
property,TRUE
behavior,TRUE
population,TRUE
participant,TRUE
agent,TRUE
patient,FALSE
result,TRUE
source,TRUE
medium,TRUE
channel,TRUE
collaboration,FALSE
cooperation,TRUE
consensus,FALSE
interaction,TRUE
dialogue,FALSE
negotiation,FALSE
communication,TRUE
consultation,FALSE
present,TRUE
show,TRUE
methodology,FALSE
terminology,FALSE
syntax,FALSE
principle,TRUE
memory,TRUE
risk,TRUE
processing,TRUE
handle,TRUE
edit,TRUE
attempt,TRUE
effort,TRUE
verify,TRUE
preserve,TRUE
trace,TRUE
manufacture,FALSE
presence,FALSE
nature,TRUE
existence,TRUE
arrival,FALSE
production,FALSE
disposition,FALSE
distribution,TRUE
usage,TRUE
acquisition,TRUE
disposal,FALSE
modification,TRUE
purchase,FALSE
invention,FALSE
artifact,FALSE
vehicle,FALSE
thing,FALSE
substance,FALSE
virtue,FALSE
electronic,FALSE
digital,FALSE
photographic,FALSE
record,TRUE
material,TRUE
medium,TRUE
compilation,FALSE
catalogue,FALSE
book,TRUE
artifact,FALSE
paper,TRUE
collect,TRUE
store,TRUE
gather,TRUE
process,TRUE
record,TRUE
transmit,FALSE
produce,TRUE
keep,TRUE
identity,TRUE
ip,FALSE
#,FALSE
#,FALSE
#,FALSE
#,FALSE
#,FALSE
#,FALSE
#,FALSE
#,FALSE
#,FALSE
#,FALSE
#,FALSE
#,FALSE
#,FALSE
#,FALSE
#,FALSE
tell,TRUE
avoid,TRUE
exactly,FALSE
anything,FALSE
everything,FALSE
truth,TRUE
fact,TRUE
intelligence,TRUE
prior,FALSE
due,FALSE
contribute,TRUE
essential,FALSE
unrelated,FALSE
relative,FALSE
owner,TRUE
authenticity,FALSE
integrity,TRUE
sub,TRUE
meta,FALSE
net,FALSE
news,FALSE
non,FALSE
multi,FALSE
stream,FALSE
lock,FALSE
center,TRUE
marketing,FALSE
registry,TRUE
claim,TRUE
refer,TRUE
conform,FALSE
experience,TRUE
feedback,FALSE
experience,TRUE
expertise,FALSE
supply,TRUE
choose,TRUE
select,TRUE
assemble,FALSE
vendor,FALSE
supplier,FALSE
manufacturer,TRUE
provider,TRUE
supplier,FALSE
alternative,TRUE
extension,FALSE
aid,TRUE
accompaniment,FALSE
introduction,TRUE
addition,TRUE
complement,FALSE
inspiration,FALSE
attachment,FALSE
outlet,FALSE
corporate,FALSE
creative,FALSE
organizational,FALSE
strategy,FALSE
platform,FALSE
allow,TRUE
let,TRUE
analyst,TRUE
scientist,FALSE
observer,FALSE
professional,TRUE
advisor,FALSE
official,TRUE
guest,TRUE
attendee,FALSE
host,TRUE
journalist,FALSE
viewer,FALSE
reporter,FALSE
listener,FALSE
audience,TRUE
discuss,TRUE
topic,TRUE
theme,TRUE
objective,TRUE
commentator,FALSE
guest,TRUE
fan,FALSE
speaker,FALSE
decide,TRUE
outline,TRUE
essence,FALSE
difference,TRUE
departure,FALSE
perspective,FALSE
room,FALSE
conference,FALSE
presentation,FALSE
vision,FALSE
detect,FALSE
examine,TRUE
technology,TRUE
language,FALSE
course,FALSE
assessment,FALSE
case,TRUE
challenge,TRUE
cause,TRUE
teacher,FALSE
university,TRUE
applicant,FALSE
scholar,FALSE
candidate,TRUE
matter,TRUE
class,TRUE
combination,TRUE
degree,TRUE
common,FALSE
alternative,FALSE
III,FALSE
court,FALSE
court,TRUE
legislation,FALSE
state,TRUE
statute,FALSE
prevent,TRUE
exclude,TRUE
eliminate,TRUE
regulate,TRUE
prohibit,FALSE
match,TRUE
exchange,FALSE
registration,TRUE
adoption,FALSE
integration,TRUE
human,FALSE
preference,TRUE
local,FALSE
social,FALSE
sensory,FALSE
claim,TRUE
interest,TRUE
person,TRUE
child,TRUE
sentence,FALSE
chapter,TRUE
edition,TRUE
letter,TRUE
incorporate,TRUE
comprise,TRUE
constitute,FALSE
represent,TRUE
selection,FALSE
breakdown,FALSE
timeline,FALSE
article,TRUE
sentence,FALSE
technique,TRUE
vocabulary,FALSE
definition,TRUE
discuss,TRUE
employ,TRUE
cover,TRUE
cite,TRUE
introduce,TRUE
series,TRUE
officer,TRUE
achieve,TRUE
set,TRUE
manage,TRUE
determine,TRUE
execute,TRUE
reach,TRUE
find,TRUE
perform,TRUE
fulfil,FALSE
complete,TRUE
realize,FALSE
produce,TRUE
benefit,TRUE
end,TRUE
aim,TRUE
chart,FALSE
column,FALSE
diagram,TRUE
circumstance,TRUE
date,TRUE
purpose,TRUE
constitution,FALSE
prepare,TRUE
draft,TRUE
review,TRUE
adopt,TRUE
amend,TRUE
issue,TRUE
revise,FALSE
committee,TRUE
party,TRUE
minister,FALSE
revision,TRUE
modification,TRUE
alteration,FALSE
amendment,FALSE
approval,TRUE
whether,FALSE
draft,TRUE
sign,TRUE
print,TRUE
file,TRUE
addition,TRUE
improvement,TRUE
adjustment,FALSE
change,FALSE
contribution,TRUE
update,TRUE
contribution,TRUE
repair,FALSE
do,TRUE
perform,TRUE
occur,TRUE
make,TRUE
cause,TRUE
wrought,FALSE
original,FALSE
follow,TRUE
maintenance,TRUE
energy,FALSE
water,FALSE
priority,TRUE
award,TRUE
driver,TRUE
reader,FALSE
opportunity,TRUE
reveal,TRUE
coverage,FALSE
version,TRUE
detail,TRUE
request,TRUE
transaction,TRUE
reach,TRUE
indicate,TRUE
determine,TRUE
suggest,TRUE
outline,TRUE
meet,TRUE
match,TRUE
FCC,FALSE
ministry,FALSE
port,FALSE
processor,FALSE
improve,TRUE
adjust,TRUE
alter,TRUE
extend,TRUE
expand,TRUE
meaning,TRUE
mean,TRUE
location,TRUE
position,TRUE
significance,FALSE
position,TRUE
rest,FALSE
various,FALSE
respective,FALSE
correct,FALSE
three,FALSE
two,FALSE
reason,TRUE
enforcement,FALSE
commercial,FALSE
political,FALSE
educational,FALSE
medical,FALSE
entertainment,FALSE
cultural,FALSE
industrial,FALSE
administrative,FALSE
residential,FALSE
financial,FALSE
commerce,TRUE
healthcare,TRUE
mail,TRUE
asset,TRUE
game,TRUE
portal,FALSE
worker,FALSE
label,TRUE
page,TRUE
note,TRUE
introduction,TRUE
2010,FALSE
2011,FALSE
2009,FALSE
original,FALSE
guy,FALSE
driver,FALSE
edition,FALSE
control,FALSE
base,TRUE
depend,TRUE
base,TRUE
building,TRUE
know,TRUE
depend,TRUE
for,FALSE
working,FALSE
while,FALSE
because,FALSE
thinking,FALSE
understand,TRUE
analysis,TRUE
indicator,FALSE
desire,TRUE
motivation,FALSE
recommendation,TRUE
necessity,FALSE
demand,TRUE
commitment,FALSE
manual,TRUE
train,TRUE
engage,TRUE
assist,TRUE
organisation,TRUE
model,TRUE
theory,TRUE
prediction,FALSE
affect,TRUE
formation,FALSE
testing,TRUE
measurement,FALSE
reconciliation,FALSE
rule,FALSE
regulation,FALSE
regulation,FALSE
standard,FALSE
review,FALSE
safety,FALSE
trust,TRUE
provision,FALSE
assure,TRUE
protect,TRUE
govern,TRUE
enhance,TRUE
preservation,FALSE
transparency,FALSE
retention,FALSE
secrecy,FALSE
website,TRUE
decision,TRUE
strategic,FALSE
economist,FALSE
academic,FALSE
estimate,TRUE
vary,TRUE
judge,TRUE
implication,FALSE
impact,TRUE
#,FALSE
possibility,TRUE
lie,TRUE
appear,TRUE
exist,TRUE
occur,TRUE
fall,TRUE
arise,TRUE
fit,TRUE
participate,FALSE
issue,TRUE
meet,TRUE
underlie,FALSE
raw,FALSE
private,FALSE
sensitive,FALSE
anti,FALSE
counter,FALSE
cross,FALSE
pre,FALSE
high,FALSE
pro,FALSE
drive,TRUE
relationship,TRUE
ratio,TRUE
retrieve,TRUE
exclude,TRUE
gain,TRUE
recover,TRUE
reflect,TRUE
exceed,FALSE
resemble,FALSE
match,TRUE
equal,TRUE
influence,TRUE
recipient,FALSE
subjective,FALSE
behavioral,FALSE
survey,TRUE
owe,TRUE
lead,TRUE
acceptance,TRUE
endorsement,FALSE
rejection,TRUE
denial,FALSE
success,TRUE
disapproval,FALSE
promotion,FALSE
failure,TRUE
violation,TRUE
abandonment,FALSE
complaint,TRUE
conflict,TRUE
threat,TRUE
mistake,FALSE
breach,FALSE
bug,FALSE
fault,FALSE
vulnerability,FALSE
fraud,FALSE
resolve,TRUE
avoid,TRUE
address,TRUE
raise,FALSE
declare,TRUE
establish,TRUE
observe,TRUE
initiate,FALSE
compromise,FALSE
dispute,FALSE
indicate,TRUE
society,TRUE
consent,FALSE
permission,TRUE
assistance,TRUE
participation,FALSE
appearance,FALSE
technology,TRUE
manufacturer,TRUE
utility,FALSE
deliver,TRUE
insight,FALSE
assemble,FALSE
custom,FALSE
score,TRUE
metric,FALSE
run,TRUE
span,TRUE
principal,FALSE
follow,TRUE
four,FALSE
major,FALSE
five,FALSE
six,FALSE
specie,FALSE
settlement,FALSE
village,FALSE
cemetery,FALSE
parish,FALSE
community,TRUE
commune,FALSE
track,TRUE
township,FALSE
municipality,FALSE
town,FALSE
aircraft,FALSE
publication,TRUE
character,TRUE
holiday,FALSE
latter,FALSE
condition,TRUE
union,TRUE
remainder,FALSE
balance,FALSE
former,FALSE
answer,FALSE
term,TRUE
believe,FALSE
achievement,FALSE
idea,TRUE
pursuit,FALSE
yield,FALSE
structure,TRUE
govern,TRUE
seek,TRUE
deposit,FALSE
desire,TRUE
picture,FALSE
equivalent,FALSE
analogous,FALSE
district,FALSE
office,TRUE
elect,TRUE
appoint,TRUE
structure,TRUE
sport,FALSE
football,TRUE
station,FALSE
tournament,FALSE
city,TRUE
sport,FALSE
designer,FALSE
propose,TRUE
core,TRUE
create,TRUE
plan,TRUE
try,TRUE
help,TRUE
join,TRUE
volunteer,FALSE
advocacy,FALSE
youth,FALSE
special,FALSE
guide,TRUE
profile,TRUE
forum,FALSE
license,TRUE
app,TRUE
list,TRUE
table,TRUE
Dictionary,FALSE
history,TRUE
Manual,FALSE
book,FALSE
library,FALSE
Encyclopedia,FALSE
collection,FALSE
booklet,FALSE
volume,FALSE
explanation,FALSE
overview,FALSE
layout,FALSE
composition,FALSE
chapter,TRUE
phase,FALSE
round,FALSE
money,FALSE
winner,FALSE
land,FALSE
body,TRUE
buyer,FALSE
plant,FALSE
representation,TRUE
manipulation,FALSE
render,FALSE
mapping,FALSE
display,TRUE
model,TRUE
mathematical,FALSE
architectural,FALSE
abstract,FALSE
enterprise,TRUE
basic,FALSE
architecture,FALSE
integration,TRUE
meet,TRUE
configuration,FALSE
and,FALSE
also,FALSE
job,TRUE
training,FALSE
accommodation,FALSE
database,TRUE
senior,FALSE
portfolio,FALSE
assistant,TRUE
desk,FALSE
top,FALSE
hotel,FALSE
director,TRUE
contractor,FALSE
volunteer,FALSE
technician,FALSE
architect,TRUE
army,FALSE
Navy,FALSE
company,FALSE
international,FALSE
independent,FALSE
foreign,FALSE
autonomous,FALSE
such,FALSE
action,TRUE
scheme,TRUE
plan,TRUE
proposal,TRUE
extension,FALSE
copy,TRUE
derivative,FALSE
pair,FALSE
variant,FALSE
reminiscent,FALSE
previous,FALSE
linear,FALSE
concept,TRUE
advantage,TRUE
disadvantage,FALSE
advantage,TRUE
benefit,TRUE
appearance,FALSE
distinction,FALSE
merit,FALSE
practitioner,FALSE
voter,FALSE
accomplish,TRUE
well,FALSE
opposite,FALSE
danger,FALSE
hire,TRUE
effort,TRUE
remove,TRUE
layer,TRUE
kind,TRUE
subset,FALSE
family,TRUE
environmental,FALSE
economic,FALSE
foundation,FALSE
foundation,FALSE
basis,TRUE
procedure,TRUE
justification,FALSE
insurance,TRUE
federal,FALSE
time,TRUE
easy,FALSE
easy,FALSE
guide,TRUE
insert,TRUE
install,TRUE
print,TRUE
save,TRUE
replace,TRUE
reduce,TRUE
fix,TRUE
cancel,FALSE
drop,TRUE
series,TRUE
historical,FALSE
self,FALSE
new,FALSE
quality,TRUE
trust,FALSE
social,FALSE
cloud,FALSE
pc,TRUE
enable,TRUE
like,FALSE
operate,TRUE
publish,TRUE
orient,TRUE
compute,FALSE
host,TRUE
environment,TRUE
promote,TRUE
release,TRUE
warning,FALSE
work,TRUE
party,TRUE
artist,FALSE
rely,TRUE
run,TRUE
dependent,FALSE
focus,TRUE
click,TRUE
act,TRUE
rate,TRUE
moment,FALSE
pace,FALSE
something,FALSE
fund,TRUE
perform,TRUE
supply,TRUE
deliver,TRUE
produce,TRUE
receive,TRUE
finance,FALSE
its,FALSE
association,TRUE
relation,TRUE
relationship,TRUE
relation,TRUE
link,TRUE
continuity,FALSE
connection,TRUE
node,TRUE
aim,TRUE
intention,FALSE
try,TRUE
or,FALSE
unable,FALSE
try,TRUE
draw,TRUE
tax,FALSE
notice,FALSE
register,FALSE
less,FALSE
difficult,FALSE
#,FALSE
unknown,FALSE
want,TRUE
decide,TRUE
try,TRUE
like,TRUE
plan,TRUE
intend,TRUE
say,TRUE
high,FALSE
regulator,FALSE
investigate,FALSE
explore,TRUE
opinion,FALSE
wealth,FALSE
attention,FALSE
income,FALSE
tell,TRUE
ask,TRUE
know,TRUE
format,TRUE
collection,TRUE
reference,TRUE
sheet,FALSE
etc,FALSE
map,TRUE
way,TRUE
connectivity,FALSE
#,FALSE
sign,TRUE
tap,FALSE
grab,FALSE
click,TRUE
jump,TRUE
dial,TRUE
switch,TRUE
internet,TRUE
feature,TRUE
property,TRUE
part,TRUE
element,TRUE
model,TRUE
key,TRUE
name,TRUE
member,TRUE
attribute,TRUE
equation,FALSE
order,TRUE
rank,FALSE
finance,FALSE
Commerce,FALSE
financing,FALSE
#,FALSE
agency,TRUE
affair,FALSE
banking,FALSE
security,TRUE
government,TRUE
low,FALSE
zero,FALSE
maximum,FALSE
extraction,FALSE
currently,FALSE
typically,FALSE
already,FALSE
previously,FALSE
explicitly,FALSE
acquire,TRUE
must,FALSE
may,FALSE
would,FALSE
filter,FALSE
match,TRUE
equal,TRUE
preference,TRUE
recognition,FALSE
confirmation,FALSE
authorization,FALSE
validity,FALSE
petition,FALSE
leak,FALSE
report,TRUE
solve,FALSE
settlement,FALSE
#,FALSE
suggest,TRUE
driver,TRUE
iso,TRUE
agreement,FALSE
patent,FALSE
constant,FALSE
to,FALSE
formula,FALSE
towards,FALSE
around,FALSE
toward,FALSE
read,TRUE
engine,FALSE
approve,TRUE
fulfil,FALSE
establishment,FALSE
construction,TRUE
expansion,FALSE
preparation,FALSE
contribute,TRUE
host,TRUE
specialist,TRUE
firm,TRUE
contributor,FALSE
entry,TRUE
close,FALSE
shut,TRUE
unlock,TRUE
exit,TRUE
seal,TRUE
request,TRUE
designate,FALSE
find,TRUE
write,TRUE
read,TRUE
enter,TRUE
enter,TRUE
see,TRUE
publish,TRUE
discover,TRUE
add,TRUE
routine,FALSE
enjoy,FALSE
schedule,TRUE
small,FALSE
large,FALSE
concrete,FALSE
virtual,FALSE
builder,FALSE
#,FALSE
kit,FALSE
bundle,FALSE
pack,FALSE
suite,FALSE
box,FALSE
combine,TRUE
platform,TRUE
restore,FALSE
#,FALSE
competition,FALSE
season,FALSE
roster,FALSE
round,FALSE
comprise,TRUE
become,TRUE
winner,FALSE
eliminate,TRUE
host,TRUE
result,TRUE
House,FALSE
only,FALSE
attendance,FALSE
entry,TRUE
http,FALSE
p,FALSE
constitution,FALSE
NCAA,FALSE
Commonwealth,FALSE
space,TRUE
input,TRUE
advice,TRUE
survey,TRUE
study,TRUE
letter,TRUE
photograph,FALSE
text,TRUE
video,TRUE
call,TRUE
sms,FALSE
picture,FALSE
majority,FALSE
demonstrate,FALSE
ensure,TRUE
indicate,TRUE
check,TRUE
prove,TRUE
fire,FALSE
child,TRUE
adequate,FALSE
overall,FALSE
workplace,FALSE
air,TRUE
neutrality,FALSE
independence,FALSE
maintain,TRUE
safe,FALSE
improve,TRUE
protect,TRUE
satisfy,FALSE
preserve,TRUE
industry,TRUE
employer,TRUE
fill,TRUE
alternate,FALSE
highlight,TRUE
instruction,TRUE
support,TRUE
add,TRUE
generation,FALSE
practice,TRUE
certificate,FALSE
begin,TRUE
cease,FALSE
commence,FALSE
stop,TRUE
several,FALSE
many,FALSE
contexts,FALSE
conceive,FALSE
represent,TRUE
strategic,FALSE
tactical,FALSE
primary,FALSE
expectation,FALSE
practical,FALSE
#,FALSE
constitute,FALSE
accompany,FALSE
much,FALSE
spelling,FALSE
magazine,FALSE
journal,FALSE
evaluation,TRUE
qualification,FALSE
citation,FALSE
athlete,FALSE
rider,FALSE
racer,FALSE
answer,FALSE
opinion,FALSE
confirm,FALSE
verify,TRUE
accept,TRUE
ignore,FALSE
next,FALSE
final,FALSE
remain,TRUE
compete,FALSE
specialist,TRUE
conclude,FALSE
change,TRUE
finish,FALSE
finalize,FALSE
assess,TRUE
assignment,TRUE
exam,FALSE
protect,TRUE
server,FALSE
free,FALSE
pilot,FALSE
ship,FALSE
club,TRUE
usual,FALSE
discretion,FALSE
responsibility,TRUE
duty,FALSE
difference,TRUE
challenge,TRUE
criticism,FALSE
similarity,FALSE
difficulty,FALSE
hardware,FALSE
conflict,FALSE
overlap,FALSE
inconsistent,FALSE
confusing,FALSE
unclear,FALSE
share,TRUE
unpredictable,FALSE
uncertain,FALSE
complicated,FALSE
unique,FALSE
evolve,FALSE
change,TRUE
controversial,FALSE
conflict,TRUE
disagreement,FALSE
collision,FALSE
confusion,FALSE
parallel,FALSE
conjunction,FALSE
accordance,FALSE
alignment,FALSE
recognize,TRUE
possible,FALSE
exception,FALSE
desirable,FALSE
exclusive,FALSE
optional,FALSE
instance,TRUE
behaviour,FALSE
instruction,TRUE
pattern,TRUE
connection,TRUE
#,FALSE
dimension,TRUE
interactive,FALSE
active,FALSE
controller,FALSE
window,TRUE
amount,TRUE
duration,FALSE
i,FALSE
j,FALSE
find,TRUE
put,TRUE
back,FALSE
embed,FALSE
start,TRUE
rest,TRUE
when,FALSE
water,FALSE
hide,TRUE
philippine,FALSE
Netherlands,FALSE
UK,FALSE
USA,FALSE
color,TRUE
handle,TRUE
economy,FALSE
unify,FALSE
organization,FALSE
authority,TRUE
geographical,FALSE
geographic,FALSE
sample,TRUE
numerical,FALSE
spatial,FALSE
name,TRUE
allocation,FALSE
fail,TRUE
collapse,FALSE
default,TRUE
operate,TRUE
crash,TRUE
withdraw,FALSE
disappear,FALSE
differ,TRUE
intervene,FALSE
constraint,FALSE
reflect,TRUE
collect,TRUE
reference,TRUE
elsewhere,FALSE
reproduce,FALSE
undergo,FALSE
track,TRUE
automation,FALSE
aspect,TRUE
traffic,FALSE
cash,FALSE
revenue,FALSE
locate,FALSE
#,FALSE
either,FALSE
border,FALSE
territory,FALSE
boundary,TRUE
spectrum,FALSE
premise,FALSE
perimeter,FALSE
infrastructure,TRUE
enclosure,FALSE
installation,FALSE
industry,TRUE
provide,TRUE
plus,FALSE
require,TRUE
involve,TRUE
period,TRUE
#,FALSE
recommend,TRUE
suggest,TRUE
trade,TRUE
spin,FALSE
cut,FALSE
split,FALSE
roll,FALSE
pay,TRUE
tip,FALSE
pull,TRUE
stand,FALSE
off,FALSE
in,TRUE
out,FALSE
up,FALSE
#,FALSE
over,FALSE
keep,TRUE
viable,FALSE
count,FALSE
sequence,TRUE
kind,TRUE
diversity,FALSE
occurrence,FALSE
day,TRUE
phenomenon,FALSE
company,TRUE
agent,TRUE
bank,TRUE
organization,TRUE
critic,FALSE
individual,TRUE
other,TRUE
People,FALSE
court,TRUE
reject,TRUE
treat,TRUE
mutual,FALSE
increase,TRUE
buy,FALSE
promote,TRUE
loyalty,FALSE
satisfaction,FALSE
harassment,FALSE
abuse,FALSE
complaint,FALSE
contingent,FALSE
depend,TRUE
found,TRUE
impose,TRUE
attack,TRUE
bring,TRUE
FALSE,FALSE
differ,TRUE
mistaken,FALSE
perception,TRUE
expectation,TRUE
fear,FALSE
fear,FALSE
past,FALSE
brand,FALSE
accounting,FALSE
sale,FALSE
maximum,FALSE
storage,TRUE
transaction,TRUE
event,TRUE
concept,TRUE
plot,FALSE
budget,FALSE
scientific,FALSE
multimedia,FALSE
audio,FALSE
mean,TRUE
involve,TRUE
imply,TRUE
add,TRUE
write,TRUE
apply,TRUE
send,TRUE
put,TRUE
link,TRUE
bring,TRUE
type,TRUE
sign,TRUE
give,TRUE
connect,TRUE
post,TRUE
machine,TRUE
go,TRUE
pass,TRUE
log,TRUE
flip,FALSE
look,TRUE
play,TRUE
halfway,FALSE
get,TRUE
break,TRUE
enter,TRUE
open,TRUE
select,TRUE
check,TRUE
compile,FALSE
call,TRUE
day,TRUE
week,FALSE
month,TRUE
evening,FALSE
morning,FALSE
year,TRUE
emphasis,FALSE
concentration,FALSE
develop,TRUE
maintain,TRUE
improve,TRUE
establish,TRUE
implement,TRUE
prepare,TRUE
expand,TRUE
strengthen,FALSE
integrate,TRUE
broad,FALSE
wide,FALSE
bandwidth,FALSE
support,TRUE
deal,TRUE
concern,TRUE
integrate,TRUE
deployment,FALSE
deploy,FALSE
curriculum,FALSE
attain,FALSE
least,FALSE
reasonably,FALSE
register,TRUE
norm,FALSE
accord,TRUE
concert,FALSE
use,TRUE
keep,TRUE
take,TRUE
have,TRUE
kill,TRUE
give,TRUE
some,FALSE
be,FALSE
many,FALSE
find,TRUE
machine,TRUE
imply,TRUE
lose,TRUE
reduce,TRUE
preserve,TRUE
retain,TRUE
limit,TRUE
extend,TRUE
remove,TRUE
decrease,FALSE
restore,FALSE
protect,TRUE
inability,FALSE
obligation,FALSE
privilege,FALSE
navigate,FALSE
accept,TRUE
hold,TRUE
receive,TRUE
store,TRUE
hold,TRUE
leave,TRUE
possess,TRUE
retain,TRUE
regional,FALSE
EU,FALSE
statistical,FALSE
accelerate,FALSE
foster,FALSE
elimination,FALSE
gap,FALSE
compatibility,FALSE
regulatory,FALSE
partner,TRUE
role,TRUE
recover,TRUE
confidential,FALSE
#,FALSE
#,FALSE
trend,FALSE
expect,TRUE
associate,TRUE
tag,FALSE
differentiate,FALSE
reconcile,FALSE
weigh,FALSE
remove,TRUE
release,TRUE
leave,TRUE
reader,FALSE
investigator,FALSE
observer,FALSE
damage,FALSE
hazard,FALSE
symptom,FALSE
damage,FALSE
trigger,TRUE
induce,FALSE
affect,TRUE
influence,TRUE
predict,TRUE
experience,TRUE
pose,TRUE
shift,FALSE
variation,FALSE
decrease,FALSE
break,TRUE
variance,FALSE
transition,TRUE
decline,TRUE
climate,FALSE
weather,FALSE
temperature,FALSE
insight,FALSE
clue,FALSE
estimate,TRUE
judgment,FALSE
might,FALSE
could,FALSE
function,TRUE
improvement,TRUE
growth,FALSE
bilateral,FALSE
right,FALSE
gun,FALSE
pollution,FALSE
crowd,FALSE
flood,FALSE
tobacco,FALSE
birth,FALSE
animal,FALSE
pricing,FALSE
each,FALSE
this,FALSE
station,FALSE
their,FALSE
x,FALSE
put,TRUE
recommend,TRUE
exposure,FALSE
listen,FALSE
respond,FALSE
stick,FALSE
piece,FALSE
sort,TRUE
bit,TRUE
sort,TRUE
room,TRUE
food,FALSE
full,FALSE
publisher,FALSE
modify,FALSE
simplify,FALSE
standardize,FALSE
full,FALSE
license,FALSE
portable,FALSE
certify,FALSE
#,FALSE
#,FALSE
#,FALSE
#,FALSE
preview,FALSE
#,FALSE
#,FALSE
#,FALSE
lose,TRUE
increase,TRUE
principle,TRUE
differentiation,FALSE
division,FALSE
correlation,FALSE
separation,FALSE
intention,FALSE
civil,FALSE
aerospace,FALSE
mechanical,FALSE
electrical,FALSE
nuclear,FALSE
chemical,FALSE
technological,FALSE
combat,FALSE
2017,FALSE
backup,FALSE
memory,TRUE
signature,FALSE
remember,FALSE
power,TRUE
fee,FALSE
hour,FALSE
log,TRUE
SEC,FALSE
delegate,TRUE
express,TRUE
convey,FALSE
price,FALSE
aside,FALSE
back,FALSE
apart,FALSE
forth,FALSE
primarily,FALSE
engagement,FALSE
university,FALSE
visual,FALSE
bridge,FALSE
#,FALSE
#,FALSE
#,FALSE
#,FALSE
#,FALSE
#,FALSE
#,FALSE
#,FALSE
#,FALSE
Games,FALSE
bridge,FALSE
python,FALSE
java,FALSE
professional,FALSE
additional,FALSE
academic,FALSE
advanced,FALSE
qualification,FALSE
utility,FALSE
rank,TRUE
carry,TRUE
pair,TRUE
variety,TRUE
search,TRUE
editor,TRUE
laptop,FALSE
phone,FALSE
telephone,FALSE
demonstration,FALSE
continuation,FALSE
#,FALSE
#,FALSE
#,FALSE
#,FALSE
#,FALSE
#,FALSE
#,FALSE
reason,TRUE
2012,FALSE
load,TRUE
gate,FALSE
drop,TRUE
withdraw,FALSE
erase,TRUE
eliminate,TRUE
pull,TRUE
retire,FALSE
strip,FALSE
disconnect,FALSE
go,TRUE
discard,FALSE
replace,TRUE
succeed,FALSE
supersede,FALSE
substitute,FALSE
accompany,FALSE
replace,TRUE
displace,FALSE
join,TRUE
supplement,FALSE
surpass,FALSE
activate,FALSE
d,TRUE
f,FALSE
p,TRUE
o,FALSE
g,TRUE
e,TRUE
n,FALSE
s,FALSE
m,FALSE
site,TRUE
block,TRUE
tree,TRUE
exist,TRUE
reside,FALSE
occur,TRUE
originate,FALSE
belong,FALSE
exist,TRUE
appear,TRUE
operate,TRUE
fail,TRUE
originate,FALSE
start,TRUE
alter,TRUE
extend,TRUE
correct,TRUE
expand,TRUE
check,TRUE
adjust,TRUE
rename,FALSE
completion,FALSE
contain,TRUE
story,FALSE
stone,TRUE
glass,FALSE
arch,TRUE
#,FALSE
rock,FALSE
ground,FALSE
#,FALSE
shed,TRUE
throw,TRUE
cast,TRUE
shine,TRUE
spill,FALSE
pass,TRUE
throw,TRUE
lay,TRUE
shine,TRUE
doubt,FALSE
blame,FALSE
suspicion,FALSE
weight,TRUE
stress,FALSE
shadow,FALSE
doubt,FALSE
caution,FALSE
dirt,FALSE
pressure,FALSE
mystery,FALSE
reaction,FALSE
reside,FALSE
#,FALSE
consideration,TRUE
eight,FALSE
bonus,FALSE
playable,FALSE
gameplay,FALSE
dungeon,FALSE
multiplayer,FALSE
road,FALSE
path,TRUE
gate,FALSE
point,TRUE
emotion,FALSE
reaction,FALSE
trait,FALSE
#,FALSE
think,TRUE
human,TRUE
plan,TRUE
monetary,FALSE
immigration,FALSE
national,FALSE
admission,FALSE
tag,FALSE
provision,FALSE
clause,FALSE
architectural,FALSE
location,FALSE
construction,FALSE
EPA,FALSE
ingredient,FALSE
slot,FALSE
recruit,FALSE
alert,FALSE
specialize,FALSE
control,TRUE
direct,TRUE
quote,FALSE
passage,FALSE
phrase,TRUE
cue,FALSE
scene,FALSE
father,FALSE
mother,FALSE
wife,FALSE
template,FALSE
form,TRUE
base,FALSE
grammar,FALSE
correspond,TRUE
respond,FALSE
bind,TRUE
belong,TRUE
lightweight,FALSE
limit,FALSE
variant,TRUE
phase,FALSE
enable,TRUE
ask,TRUE
invite,TRUE
help,TRUE
encourage,TRUE
permit,TRUE
tell,TRUE
touch,TRUE
gather,TRUE
country,TRUE
city,TRUE
place,TRUE
meter,FALSE
upgrade,FALSE
eye,FALSE
communication,TRUE
translation,FALSE
remember,FALSE
caller,FALSE
speaker,FALSE
sponsor,FALSE
transmit,FALSE
signal,FALSE
color,FALSE
voltage,FALSE
failure,TRUE
drive,TRUE
stall,FALSE
die,TRUE
#,FALSE
well,FALSE
yet,FALSE
style,TRUE
gender,TRUE
genre,FALSE
audience,FALSE
effect,TRUE
variation,FALSE
area,TRUE
part,TRUE
sexual,FALSE
master,FALSE
inclusion,FALSE
intent,FALSE
sake,FALSE
ease,FALSE
probability,TRUE
rank,FALSE
score,TRUE
not,FALSE
score,TRUE
clear,FALSE
grant,TRUE
deny,TRUE
refuse,FALSE
seek,TRUE
grant,TRUE
request,TRUE
refuse,FALSE
show,TRUE
deny,TRUE
proper,FALSE
#,FALSE
forum,FALSE
portion,FALSE
extent,FALSE
effectiveness,FALSE
home,TRUE
house,TRUE
guard,TRUE
defence,FALSE
defense,TRUE
protect,TRUE
defend,FALSE
resistance,FALSE
act,TRUE
threat,TRUE
invasion,TRUE
loss,TRUE
infringement,FALSE
destruction,FALSE
theft,TRUE
invasion,FALSE
harm,FALSE
restriction,TRUE
invade,FALSE
discrimination,FALSE
corruption,FALSE
espionage,FALSE
exploitation,FALSE
aggression,FALSE
spy,TRUE
removal,FALSE
accumulation,FALSE
seizure,FALSE
recovery,FALSE
mental,FALSE
psychological,FALSE
emotional,FALSE
noise,FALSE
subject,TRUE
begin,TRUE
start,TRUE
come,TRUE
deal,TRUE
work,TRUE
experiment,TRUE
study,TRUE
evaluate,TRUE
other,FALSE
without,FALSE
unknown,FALSE
certain,FALSE
any,FALSE
flaw,FALSE
static,FALSE
point,FALSE
encompasse,FALSE
tech,FALSE
consumption,FALSE
business,TRUE
practice,FALSE
market,TRUE
express,TRUE
explain,TRUE
answer,TRUE
illustrate,FALSE
understand,TRUE
demonstrate,FALSE
answer,TRUE
pose,TRUE
avoid,TRUE
press,TRUE
address,TRUE
raise,TRUE
solve,TRUE
ask,TRUE
assumption,TRUE
ship,FALSE
vehicle,FALSE
weapon,FALSE
missile,FALSE
fleet,FALSE
vessel,FALSE
importance,FALSE
technique,TRUE
art,FALSE
science,TRUE
measure,TRUE
assess,TRUE
design,TRUE
evaluate,TRUE
approach,TRUE
resolve,TRUE
solve,TRUE
overcome,FALSE
weakness,FALSE
delay,FALSE
gain,TRUE
mistake,FALSE
complementary,FALSE
concurrent,FALSE
alternative,TRUE
#,FALSE
optimization,FALSE
artist,FALSE
collaborate,FALSE
spend,TRUE
license,TRUE
card,TRUE
earn,TRUE
grant,TRUE
privilege,TRUE
distribute,TRUE
rate,TRUE
strictly,FALSE
accordingly,FALSE
closely,FALSE
citizen,FALSE
professional,FALSE
12,FALSE
11,FALSE
17,FALSE
13,FALSE
panel,FALSE
schedule,TRUE
congestion,FALSE
emission,FALSE
emission,FALSE
article,FALSE
logic,FALSE
argument,TRUE
premise,FALSE
reason,TRUE
argument,TRUE
close,FALSE
scale,TRUE
knock,TRUE
sit,TRUE
fall,TRUE
break,TRUE
narrow,FALSE
response,TRUE
reply,FALSE
expression,FALSE
problem,FALSE
learn,TRUE
get,TRUE
hear,TRUE
distribute,TRUE
vary,FALSE
test,TRUE
adapt,TRUE
schedule,TRUE
waive,FALSE
tailor,FALSE
reduce,TRUE
long,FALSE
month,TRUE
period,TRUE
net,FALSE
shape,TRUE
review,TRUE
adopt,TRUE
analyze,TRUE
governmental,FALSE
democratic,FALSE
legislative,FALSE
obtain,TRUE
take,TRUE
choose,TRUE
cookie,FALSE
adjust,TRUE
examine,TRUE
study,TRUE
lock,TRUE
talk,TRUE
worry,FALSE
virus,FALSE
global,FALSE
#,FALSE
stream,FALSE
analyze,TRUE
fairly,FALSE
contrary,FALSE
prefer,FALSE
personality,FALSE
early,FALSE
immediate,FALSE
shape,TRUE
minimize,TRUE
dollar,FALSE
spend,FALSE
expenditure,FALSE
waste,FALSE
capital,FALSE
spend,TRUE
waste,TRUE
delay,FALSE
dependence,FALSE
crisis,FALSE
debt,FALSE
producer,FALSE
supplement,FALSE
assembly,FALSE
expression,FALSE
॥,FALSE
athlete,FALSE
club,TRUE
nation,TRUE
coach,FALSE
FIFA,FALSE
competitor,FALSE
team,TRUE
rider,FALSE
race,FALSE
car,FALSE
cyclist,FALSE
consequence,TRUE
reward,FALSE
forecast,FALSE
expect,TRUE
opponent,FALSE
teammate,FALSE
opponent,FALSE
teammate,FALSE
ranking,FALSE
squad,FALSE
substitute,FALSE
#,FALSE
title,TRUE
declare,TRUE
zone,TRUE
verb,FALSE
acronym,FALSE
noun,FALSE
_,FALSE
initial,TRUE
suffix,FALSE
fill,TRUE
merge,FALSE
stamp,FALSE
film,FALSE
dvd,FALSE
band,FALSE
novel,FALSE
album,FALSE
cd,FALSE
US,FALSE
iphone,FALSE
center,FALSE
institute,TRUE
foundation,FALSE
seek,TRUE
serve,TRUE
aim,TRUE
likelihood,TRUE
engage,TRUE
detail,FALSE
critical,FALSE
quantitative,FALSE
formal,FALSE
systematic,FALSE
conclusion,FALSE
prediction,FALSE
incorporate,TRUE
convert,TRUE
introduce,TRUE
Protocol,FALSE
patient,FALSE
denote,FALSE
movement,FALSE
dose,FALSE
visitor,FALSE
landlord,FALSE
direction,TRUE
begin,TRUE
occur,TRUE
happen,TRUE
receiver,FALSE
world,TRUE
literature,FALSE
factor,TRUE
mind,FALSE
#,FALSE
compensate,FALSE
compete,FALSE
qualify,FALSE
cater,FALSE
comfort,FALSE
demand,TRUE
seek,TRUE
enjoy,FALSE
love,TRUE
prefer,TRUE
hate,TRUE
thank,TRUE
thank,TRUE
honor,TRUE
repay,FALSE
thank,TRUE
praise,TRUE
recognize,TRUE
thank,TRUE
credit,TRUE
sue,TRUE
continue,TRUE
inspire,FALSE
funding,TRUE
advance,FALSE
recognize,TRUE
pioneering,FALSE
outstanding,FALSE
highlight,TRUE
conservation,FALSE
collaborative,FALSE
ongoing,FALSE
outreach,FALSE
today,FALSE
present,TRUE
express,TRUE
place,TRUE
document,TRUE
organize,TRUE
away,FALSE
differ,TRUE
separate,TRUE
distinct,FALSE
come,TRUE
comprehend,FALSE
grasp,FALSE
instal,FALSE
grid,FALSE
number,FALSE
level,FALSE
#,FALSE
civil,FALSE
computer,TRUE
charter,FALSE
mechanical,FALSE
financial,FALSE
legal,FALSE
certify,FALSE
chief,FALSE
all,FALSE
officer,FALSE
officer,TRUE
officer,FALSE
holder,FALSE
#,FALSE
#,FALSE
#,FALSE
lawyer,FALSE
consult,FALSE
visit,TRUE
#,FALSE
#,FALSE
resource,FALSE
solution,FALSE
airline,FALSE
airport,FALSE
render,TRUE
serve,TRUE
deliver,TRUE
service,TRUE
handle,TRUE
access,TRUE
render,FALSE
utilize,TRUE
district,FALSE
universal,FALSE
friend,FALSE
owner,TRUE
automate,FALSE
#,FALSE
#,FALSE
invite,TRUE
investigator,FALSE
length,TRUE
electronic,FALSE
matrix,FALSE
matrix,FALSE
depict,TRUE
compare,TRUE
demonstrate,FALSE
capture,FALSE
programme,FALSE
tend,TRUE
important,FALSE
protective,FALSE
effective,FALSE
barrier,FALSE
arrangement,FALSE
hide,TRUE
guard,TRUE
museum,FALSE
collector,FALSE
payment,TRUE
discovery,FALSE
session,FALSE
advance,FALSE
#,FALSE
custody,FALSE
#,FALSE
16,FALSE
suitable,FALSE
useful,FALSE
observation,FALSE
proof,FALSE
observation,FALSE
include,TRUE
multi,FALSE
low,FALSE
two,FALSE
regional,FALSE
three,FALSE
National,FALSE
single,FALSE
top,FALSE
independent,FALSE
integrate,FALSE
incident,FALSE
consider,TRUE
investigate,FALSE
Congress,FALSE
institutional,FALSE
functional,FALSE
CA,FALSE
ABC,FALSE
CO,FALSE
GE,FALSE
UNESCO,FALSE
NASA,FALSE
SA,FALSE
war,FALSE
filter,FALSE
measure,TRUE
calculate,TRUE
sense,TRUE
Google,FALSE
mobile,FALSE
#,FALSE
Explorer,FALSE
garbage,FALSE
visit,FALSE
view,TRUE
search,TRUE
watch,FALSE
bias,FALSE
reputation,FALSE
regard,TRUE
consider,TRUE
know,TRUE
calculation,FALSE
investigation,TRUE
carry,TRUE
lay,TRUE
figure,FALSE
map,TRUE
play,TRUE
spread,TRUE
sort,TRUE
act,TRUE
roll,TRUE
point,TRUE
scene,TRUE
bar,FALSE
wheel,FALSE
len,FALSE
line,TRUE
door,FALSE
ear,FALSE
bar,FALSE
regard,TRUE
see,TRUE
accept,TRUE
recognise,FALSE
regard,TRUE
see,TRUE
programme,FALSE
mess,FALSE
sleep,TRUE
speak,TRUE
argue,TRUE
kid,FALSE
high,FALSE
intelligence,TRUE
chart,FALSE
check,TRUE
sign,TRUE
patent,FALSE
contract,TRUE
agreement,TRUE
passport,FALSE
certificate,FALSE
journal,FALSE
calendar,FALSE
drop,TRUE
withdraw,FALSE
exclude,TRUE
steal,FALSE
release,TRUE
rip,FALSE
eliminate,TRUE
block,TRUE
transfer,TRUE
separate,TRUE
clearing,FALSE
pull,TRUE
rich,FALSE
figure,FALSE
exceed,FALSE
commit,FALSE
reject,TRUE
offer,TRUE
agree,TRUE
confirm,FALSE
acknowledge,FALSE
admit,TRUE
oppose,TRUE
reject,TRUE
ignore,FALSE
abandon,FALSE
violate,FALSE
criticize,FALSE
endorse,FALSE
embrace,FALSE
welcome,FALSE
acknowledge,FALSE
affirm,FALSE
oppose,TRUE
reject,TRUE
decline,TRUE
abandon,FALSE
lot,FALSE
quote,TRUE
network,FALSE
comparison,TRUE
normal,FALSE
randomly,FALSE
specially,FALSE
carefully,FALSE
appropriately,FALSE
#,FALSE
text,FALSE
draft,TRUE
Digital,FALSE
period,TRUE
origin,FALSE
copy,TRUE
compile,FALSE
instant,FALSE
age,TRUE
viewer,FALSE
guess,TRUE
swimmer,FALSE
cyclist,FALSE
group,TRUE
arrangement,FALSE
sort,TRUE
whatever,FALSE
producer,FALSE
contribute,TRUE
send,TRUE
transfer,TRUE
pass,TRUE
operation,TRUE
engine,FALSE
election,FALSE
simply,FALSE
projection,FALSE
assessment,TRUE
trigger,FALSE
†,FALSE
you,FALSE
player,TRUE
we,FALSE
student,TRUE
visitor,TRUE
adult,FALSE
permit,TRUE
welcome,FALSE
entitle,FALSE
encourage,FALSE
eligible,FALSE
suppose,FALSE
administrative,FALSE
association,FALSE
adjustment,FALSE
late,FALSE
couple,FALSE
contrast,TRUE
citizen,FALSE
resident,FALSE
except,FALSE
#,FALSE
it,FALSE
land,FALSE
care,TRUE
knowledge,FALSE
that,FALSE
credit,TRUE
money,TRUE
property,TRUE
funding,FALSE
accessible,FALSE
exchange,TRUE
own,TRUE
monitor,TRUE
permit,TRUE
compare,TRUE
interior,FALSE
tunnel,FALSE
cabin,FALSE
garden,FALSE
instal,FALSE
perfect,FALSE
program,TRUE
limitation,TRUE
threshold,FALSE
finite,FALSE
logical,FALSE
real,FALSE
natural,FALSE
investor,FALSE
alien,FALSE
executive,FALSE
adult,FALSE
idiot,FALSE
figure,FALSE
flesh,FALSE
black,FALSE
flat,FALSE
wear,TRUE
root,TRUE
feel,TRUE
#,FALSE
#,FALSE
#,FALSE
#,FALSE
#,FALSE
#,FALSE
#,FALSE
#,FALSE
#,FALSE
#,FALSE
draw,TRUE
originate,FALSE
range,TRUE
poster,FALSE
flag,FALSE
opposition,FALSE
NFL,FALSE
winner,FALSE
champion,FALSE
digit,TRUE
episode,TRUE
repeat,TRUE
couple,FALSE
handful,FALSE
multitude,FALSE
bunch,FALSE
succession,FALSE
automatic,FALSE