send,TRUE
give,TRUE
send,TRUE
send,TRUE
issue,TRUE
provide,TRUE
radio,TRUE
give,TRUE
relay,FALSE
voice,TRUE
coordinate,TRUE
deliver,TRUE
access,TRUE
connect,TRUE
link,TRUE
relate,TRUE
link,TRUE
cable,TRUE
point,TRUE
system,TRUE
connect,TRUE
refer,TRUE
provide,TRUE
lead,TRUE
system,TRUE
upgrade,TRUE
go,TRUE
nuclear,FALSE
electrical,FALSE
hydroelectric,FALSE
electric,FALSE
solar,FALSE
thermal,FALSE
atomic,FALSE
reactor,TRUE
main,FALSE
underground,FALSE
central,FALSE
nuclear,FALSE
new,FALSE
diesel,TRUE
wind,TRUE
power,TRUE
turbine,TRUE
energy,TRUE
turbine,TRUE
control,TRUE
farm,TRUE
generate,TRUE
pump,TRUE
conditioning,FALSE
brake,FALSE
#,FALSE
treatment,TRUE
#,FALSE
protection,TRUE
service,TRUE
unit,TRUE
unit,TRUE
#,FALSE
measurement,TRUE
sample,TRUE
measure,TRUE
run,TRUE
reaction,FALSE
average,TRUE
record,TRUE
preparation,FALSE
calculation,TRUE
observation,TRUE
analysis,TRUE
mean,FALSE
response,TRUE
test,TRUE
assessment,TRUE
method,TRUE
technique,TRUE
method,TRUE
process,TRUE
procedure,TRUE
algorithm,TRUE
technique,TRUE
approach,TRUE
methodology,FALSE
principle,TRUE
tool,TRUE
model,TRUE
function,TRUE
theory,TRUE
time,TRUE
count,TRUE
time,TRUE
score,TRUE
filter,TRUE
selection,TRUE
distribution,TRUE
rate,TRUE
evaluation,TRUE
processing,TRUE
report,TRUE
simulation,FALSE
testing,TRUE
time,TRUE
period,TRUE
datum,TRUE
interval,TRUE
phase,TRUE
phase,TRUE
distance,TRUE
use,TRUE
consider,TRUE
apply,TRUE
follow,TRUE
appropriate,FALSE
suitable,FALSE
sufficient,FALSE
combine,TRUE
applicable,FALSE
adequate,FALSE
available,FALSE
employ,TRUE
useful,FALSE
equal,FALSE
communication,TRUE
operate,TRUE
communication,TRUE
message,TRUE
encryption,TRUE
security,TRUE
delivery,TRUE
telephone,TRUE
transmission,TRUE
computer,TRUE
sms,TRUE
receiver,FALSE
signal,TRUE
information,TRUE
it,TRUE
protocol,TRUE
authority,TRUE
provider,TRUE
network,TRUE
contract,TRUE
protocol,TRUE
agreement,TRUE
mechanism,TRUE
policy,TRUE
center,TRUE
organization,TRUE
engineer,TRUE
scheme,TRUE
ensure,TRUE
assume,TRUE
comply,TRUE
verify,TRUE
provide,TRUE
guarantee,TRUE
specify,TRUE
agree,TRUE
maintain,TRUE
establish,TRUE
know,TRUE
assure,TRUE
require,TRUE
state,TRUE
confirm,FALSE
certainty,FALSE
accuracy,TRUE
frequency,TRUE
condition,TRUE
minimum,TRUE
context,TRUE
efficiency,TRUE
degree,TRUE
standard,TRUE
assurance,FALSE
level,TRUE
probability,TRUE
clarity,FALSE
message,TRUE
signal,TRUE
packet,TRUE
request,TRUE
call,TRUE
transmission,TRUE
service,TRUE
email,TRUE
command,TRUE
response,TRUE
instruction,TRUE
letter,TRUE
receive,TRUE
deliver,TRUE
transmit,TRUE
distribute,TRUE
write,TRUE
present,TRUE
give,TRUE
read,TRUE
execute,TRUE
dispatch,FALSE
intercept,FALSE
make,TRUE
exchange,TRUE
route,TRUE
manner,TRUE
way,TRUE
direction,TRUE
order,TRUE
fashion,FALSE
location,TRUE
instant,FALSE
sequence,TRUE
way,TRUE
place,TRUE
mode,TRUE
form,TRUE
moment,FALSE
•,FALSE
,FALSE
database,TRUE
document,TRUE
software,TRUE
image,TRUE
file,TRUE
file,TRUE
image,TRUE
document,TRUE
collection,TRUE
content,TRUE
text,TRUE
record,TRUE
result,TRUE
use,TRUE
display,TRUE
reference,TRUE
storage,TRUE
download,TRUE
comparison,TRUE
view,TRUE
publication,TRUE
identification,TRUE
application,TRUE
exchange,TRUE
every,FALSE
either,FALSE
one,FALSE
another,FALSE
database,TRUE
online,FALSE
user,TRUE
application,TRUE
computer,TRUE
website,TRUE
pdf,FALSE
optional,FALSE
dvd,FALSE
rom,FALSE
sd,FALSE
digital,TRUE
various,FALSE
the,FALSE
software,TRUE
some,FALSE
other,FALSE
these,FALSE
system,TRUE
special,FALSE
many,FALSE
multiple,FALSE
both,FALSE
typically,FALSE
additional,FALSE
sometimes,FALSE
several,FALSE
management,TRUE
operation,TRUE
development,TRUE
maintenance,TRUE
design,TRUE
engineering,TRUE
integration,TRUE
operation,TRUE
function,TRUE
configuration,TRUE
administration,TRUE
component,TRUE
support,TRUE
performance,TRUE
functional,FALSE
core,TRUE
monitor,TRUE
special,FALSE
tool,TRUE
procedure,TRUE
routine,FALSE
task,TRUE
process,TRUE
module,TRUE
require,TRUE
need,TRUE
perform,TRUE
necessary,FALSE
design,TRUE
assign,TRUE
involve,TRUE
utilize,TRUE
undertake,TRUE
set,TRUE
speed,TRUE
scale,TRUE
start,TRUE
clean,TRUE
build,TRUE
back,TRUE
make,TRUE
boot,FALSE
hook,TRUE
step,TRUE
ramp,FALSE
pick,TRUE
operate,TRUE
manage,TRUE
repair,TRUE
upgrade,TRUE
run,TRUE
improve,TRUE
install,TRUE
monitor,TRUE
update,TRUE
deploy,TRUE
restore,TRUE
sustain,FALSE
modify,TRUE
change,TRUE
fix,TRUE
rebuild,FALSE
os,FALSE
program,TRUE
environment,TRUE
it,FALSE
this,FALSE
communication,TRUE
they,FALSE
speech,FALSE
text,TRUE
language,TRUE
voice,FALSE
video,TRUE
english,FALSE
word,TRUE
communication,TRUE
understand,TRUE
classify,TRUE
express,TRUE
interpret,TRUE
describe,TRUE
see,TRUE
represent,TRUE
translate,TRUE
view,TRUE
categorize,TRUE
process,TRUE
convey,TRUE
treat,TRUE
#,FALSE
word,TRUE
language,TRUE
#,FALSE
input,TRUE
evidence,FALSE
verbal,FALSE
audio,FALSE
oral,FALSE
speech,TRUE
video,TRUE
print,TRUE
visual,FALSE
speak,FALSE
physical,FALSE
word,TRUE
conversation,FALSE
conversation,FALSE
#,FALSE
exchange,TRUE
number,TRUE
interview,FALSE
medium,TRUE
representation,TRUE
cue,FALSE
#,FALSE
interaction,TRUE
electronic,FALSE
email,FALSE
multimedia,FALSE
write,TRUE
rule,TRUE
equipment,TRUE
criterion,TRUE
route,TRUE
name,TRUE
member,TRUE
choice,TRUE
association,TRUE
community,TRUE
meeting,FALSE
country,TRUE
user,TRUE
participant,TRUE
operator,TRUE
people,TRUE
party,TRUE
researcher,TRUE
operator,TRUE
customer,TRUE
customer,TRUE
student,TRUE
person,TRUE
researcher,TRUE
engineer,TRUE
analyst,FALSE
need,TRUE
need,TRUE
get,TRUE
want,TRUE
get,TRUE
require,TRUE
begin,TRUE
start,TRUE
demand,TRUE
want,TRUE
understand,TRUE
check,TRUE
determine,TRUE
assess,FALSE
see,TRUE
consider,TRUE
learn,TRUE
evaluate,TRUE
analyze,TRUE
parameter,TRUE
capability,TRUE
detail,TRUE
characteristic,TRUE
functionality,TRUE
structure,TRUE
requirement,TRUE
purpose,TRUE
layout,FALSE
nature,TRUE
navigation,TRUE
automate,TRUE
gps,FALSE
mobile,FALSE
transport,TRUE
search,TRUE
channel,TRUE
device,TRUE
channel,TRUE
signal,TRUE
act,TRUE
comment,TRUE
focus,TRUE
rely,TRUE
concentrate,FALSE
click,TRUE
work,TRUE
pass,TRUE
report,TRUE
communicate,TRUE
call,TRUE
move,TRUE
depend,TRUE
transmit,TRUE
relevant,FALSE
exist,TRUE
incoming,FALSE
collect,TRUE
request,TRUE
technology,TRUE
situation,TRUE
design,TRUE
development,TRUE
use,TRUE
maintenance,TRUE
protection,TRUE
management,FALSE
creation,TRUE
construction,TRUE
introduction,TRUE
preservation,FALSE
integration,TRUE
production,TRUE
control,FALSE
device,TRUE
part,TRUE
#,FALSE
interface,TRUE
instrument,TRUE
structure,TRUE
vehicle,TRUE
product,TRUE
appliance,FALSE
feature,TRUE
object,TRUE
object,TRUE
class,TRUE
production,TRUE
manufacture,TRUE
output,TRUE
critical,FALSE
television,TRUE
analogue,FALSE
binary,FALSE
range,TRUE
tv,FALSE
analog,FALSE
numerical,FALSE
material,TRUE
u,FALSE
z,FALSE
t,FALSE
r,FALSE
10,FALSE
e,FALSE
c,FALSE
s,FALSE
standard,TRUE
format,TRUE
resource,TRUE
#,FALSE
#,FALSE
#,FALSE
#,FALSE
#,FALSE
short,FALSE
#,FALSE
version,TRUE
article,TRUE
translation,TRUE
edition,TRUE
release,TRUE
read,TRUE
presentation,FALSE
summary,FALSE
editor,FALSE
product,TRUE
code,TRUE
interface,TRUE
site,TRUE
platform,TRUE
website,TRUE
tailor,FALSE
accessible,FALSE
open,FALSE
adapt,TRUE
transparent,FALSE
limit,TRUE
extend,TRUE
restrict,FALSE
target,TRUE
good,TRUE
facility,TRUE
activity,TRUE
item,TRUE
program,TRUE
also,FALSE
therefore,FALSE
subsequently,FALSE
thus,FALSE
accordingly,FALSE
generally,FALSE
render,FALSE
affect,TRUE
offer,TRUE
develop,TRUE
equip,FALSE
manage,TRUE
mean,TRUE
combination,TRUE
combination,TRUE
variety,TRUE
number,TRUE
virtue,FALSE
term,TRUE
promotion,TRUE
training,TRUE
game,TRUE
programme,FALSE
advertisement,FALSE
review,TRUE
programming,TRUE
change,TRUE
advertising,FALSE
app,TRUE
workshop,FALSE
marketing,FALSE
line,TRUE
mock,FALSE
pop,TRUE
mark,TRUE
tune,FALSE
sign,TRUE
dial,FALSE
look,TRUE
up,TRUE
back,TRUE
out,FALSE
piece,TRUE
form,TRUE
off,FALSE
design,TRUE
in,TRUE
set,TRUE
level,TRUE
sheet,FALSE
mining,FALSE
quality,TRUE
share,TRUE
flow,TRUE
transfer,TRUE
acquisition,TRUE
analysis,FALSE
historical,FALSE
personal,FALSE
statistical,FALSE
health,TRUE
variable,TRUE
pattern,TRUE
option,TRUE
table,TRUE
report,TRUE
log,TRUE
specification,TRUE
statistic,TRUE
integrate,FALSE
secure,FALSE
current,FALSE
internal,FALSE
base,TRUE
mail,FALSE
net,FALSE
enable,TRUE
package,FALSE
module,TRUE
capability,TRUE
include,TRUE
offer,TRUE
add,TRUE
enable,TRUE
contain,TRUE
retain,FALSE
possess,FALSE
allow,TRUE
give,TRUE
acquire,FALSE
mechanism,TRUE
ability,TRUE
measure,TRUE
capacity,TRUE
step,TRUE
attempt,TRUE
connect,TRUE
return,TRUE
bring,TRUE
convert,TRUE
direct,TRUE
migrate,FALSE
deliver,TRUE
raw,FALSE
sensitive,FALSE
transaction,TRUE
content,TRUE
material,TRUE
server,TRUE
#,FALSE
authority,TRUE
government,TRUE
network,TRUE
office,FALSE
reverse,FALSE
log,TRUE
auto,FALSE
memory,TRUE
connectivity,FALSE
cache,FALSE
completion,TRUE
termination,TRUE
end,TRUE
commencement,FALSE
implementation,TRUE
initiation,FALSE
conclusion,FALSE
closure,FALSE
installation,TRUE
failure,TRUE
begin,TRUE
facility,TRUE
size,TRUE
area,TRUE
part,TRUE
population,TRUE
portion,FALSE
section,TRUE
dimension,TRUE
sector,TRUE
extent,FALSE
town,FALSE
amount,TRUE
rice,FALSE
milk,FALSE
sugar,FALSE
steel,FALSE
food,TRUE
oil,TRUE
iron,FALSE
coal,TRUE
wine,FALSE
electricity,TRUE
wheat,FALSE
charcoal,FALSE
ethanol,FALSE
grain,FALSE
generation,TRUE
supply,TRUE
plant,TRUE
#,FALSE
produce,TRUE
generator,TRUE
station,TRUE
plant,TRUE
industry,TRUE
vessel,FALSE
machinery,TRUE
company,TRUE
intent,TRUE
objective,TRUE
effect,TRUE
aim,TRUE
emphasis,FALSE
intention,TRUE
scope,TRUE
goal,TRUE
basis,TRUE
idea,TRUE
role,TRUE
agreement,FALSE
convention,FALSE
Act,FALSE
committee,FALSE
declaration,FALSE
law,TRUE
patent,TRUE
paper,TRUE
#,FALSE
controller,TRUE
control,TRUE
model,TRUE
define,TRUE
identify,TRUE
create,TRUE
describe,TRUE
develop,TRUE
find,TRUE
introduce,TRUE
condition,TRUE
guideline,TRUE
construction,TRUE
definition,TRUE
specification,TRUE
plan,TRUE
creation,TRUE
deployment,TRUE
modification,TRUE
usage,TRUE
controller,TRUE
interchange,FALSE
allocation,TRUE
transfer,TRUE
transfer,TRUE
knowledge,TRUE
load,TRUE
operational,FALSE
mechanical,FALSE
whole,FALSE
entire,FALSE
locate,TRUE
element,TRUE
element,TRUE
instal,TRUE
node,TRUE
gas,TRUE
steam,TRUE
single,FALSE
water,TRUE
jet,FALSE
stationary,FALSE
conventional,FALSE
particular,FALSE
hydraulic,FALSE
tunnel,TRUE
#,FALSE
#,FALSE
mill,FALSE
loop,TRUE
#,FALSE
terminal,TRUE
#,FALSE
engine,TRUE
market,TRUE
market,TRUE
environment,TRUE
quality,FALSE
time,FALSE
access,TRUE
command,TRUE
error,TRUE
process,FALSE
performance,TRUE
datum,TRUE
automatic,FALSE
forward,FALSE
program,FALSE
no,FALSE
congestion,TRUE
weight,TRUE
Manual,FALSE
correction,FALSE
detection,TRUE
stability,FALSE
reliability,TRUE
integrity,TRUE
clearance,FALSE
feedback,TRUE
temperature,TRUE
volume,TRUE
pressure,TRUE
climate,TRUE
environmental,FALSE
traffic,TRUE
weight,TRUE
humidity,FALSE
cruise,FALSE
motion,TRUE
check,TRUE
check,TRUE
prevention,FALSE
handle,TRUE
introduce,TRUE
omit,TRUE
remove,TRUE
fault,TRUE
defect,TRUE
error,TRUE
flaw,FALSE
failure,TRUE
fault,TRUE
problem,TRUE
weakness,FALSE
bug,FALSE
delay,TRUE
difference,TRUE
mistake,FALSE
defect,TRUE
processor,TRUE
machine,TRUE
infrastructure,TRUE
source,TRUE
cpu,FALSE
ip,FALSE
CP,FALSE
pc,FALSE
cr,FALSE
CA,FALSE
issue,TRUE
different,FALSE
batch,FALSE
various,FALSE
_,FALSE
word,FALSE
short,FALSE
fast,FALSE
simple,FALSE
quick,FALSE
a,FALSE
point,TRUE
#,FALSE
#,FALSE
stream,TRUE
page,TRUE
#,FALSE
#,FALSE
frame,TRUE
key,TRUE
point,FALSE
#,FALSE
key,FALSE
point,FALSE
value,TRUE
unit,FALSE
example,TRUE
overview,FALSE
instance,TRUE
explanation,FALSE
illustration,FALSE
outline,TRUE
interpretation,TRUE
extension,TRUE
expression,TRUE
indication,FALSE
rule,TRUE
problem,TRUE
scenario,FALSE
case,TRUE
study,TRUE
pattern,TRUE
decision,TRUE
regard,TRUE
use,TRUE
involve,TRUE
eligibility,FALSE
registration,TRUE
privacy,FALSE
availability,TRUE
search,TRUE
accounting,FALSE
payment,FALSE
disclosure,FALSE
search,TRUE
train,FALSE
reason,TRUE
purpose,TRUE
aircraft,TRUE
situation,TRUE
follow,TRUE
follow,FALSE
follow,TRUE
show,TRUE
follow,TRUE
regard,TRUE
restriction,TRUE
limit,TRUE
constraint,TRUE
limitation,TRUE
regulation,TRUE
relationship,TRUE
relation,TRUE
relationship,TRUE
difference,TRUE
connection,TRUE
relation,TRUE
connection,TRUE
coordination,TRUE
compatibility,FALSE
cooperation,TRUE
distance,TRUE
entity,TRUE
machine,TRUE
terminal,TRUE
station,TRUE
group,TRUE
country,TRUE
per,FALSE
sub,TRUE
inter,FALSE
pro,FALSE
division,TRUE
group,TRUE
field,TRUE
zone,TRUE
base,TRUE
band,FALSE
avoid,TRUE
prevent,TRUE
reduce,TRUE
minimize,FALSE
eliminate,TRUE
limit,TRUE
remove,TRUE
overcome,FALSE
alleviate,FALSE
stop,TRUE
address,TRUE
combat,FALSE
detect,TRUE
decrease,TRUE
interference,TRUE
delay,TRUE
disruption,FALSE
corruption,FALSE
fraud,FALSE
confusion,FALSE
gap,FALSE
packet,TRUE
stream,TRUE
path,TRUE
wireless,FALSE
cable,TRUE
antenna,FALSE
layer,TRUE
arrange,FALSE
ask,TRUE
pay,TRUE
prepare,TRUE
wait,TRUE
compensate,FALSE
adjust,TRUE
#,FALSE
#,FALSE
#,FALSE
#,FALSE
#,FALSE
#,FALSE
#,FALSE
#,FALSE
#,FALSE
#,FALSE
#,FALSE
user,TRUE
People,FALSE
you,FALSE
human,TRUE
we,FALSE
child,TRUE
other,TRUE
player,TRUE
student,TRUE
application,TRUE
sure,FALSE
many,FALSE
human,TRUE
safety,TRUE
certain,FALSE
other,TRUE
tend,TRUE
try,TRUE
fail,TRUE
seem,TRUE
attempt,TRUE
appear,TRUE
tend,TRUE
reach,TRUE
enter,TRUE
leave,TRUE
hit,TRUE
contact,TRUE
activate,TRUE
exit,TRUE
locate,TRUE
bypass,FALSE
get,TRUE
close,TRUE
command,TRUE
medical,FALSE
city,TRUE
sense,TRUE
detention,FALSE
shop,FALSE
button,FALSE
panel,TRUE
console,FALSE
screen,TRUE
keyboard,FALSE
box,FALSE
case,TRUE
instance,TRUE
circumstance,FALSE
area,TRUE
region,TRUE
scenario,FALSE
project,TRUE
place,TRUE
jurisdiction,TRUE
state,TRUE
individual,FALSE
collective,FALSE
animal,TRUE
cooperative,FALSE
host,TRUE
local,FALSE
parent,FALSE
work,TRUE
organic,FALSE
tenant,FALSE
family,TRUE
#,FALSE
participate,TRUE
engage,TRUE
remain,TRUE
intervene,FALSE
invest,FALSE
assist,TRUE
compete,FALSE
stay,TRUE
cooperate,FALSE
serve,TRUE
build,TRUE
formation,FALSE
activity,TRUE
structural,FALSE
soil,FALSE
atmospheric,FALSE
grid,TRUE
ecological,FALSE
ecosystem,FALSE
dynamic,FALSE
weather,TRUE
similar,FALSE
equivalent,FALSE
successor,FALSE
link,TRUE
unrelated,FALSE
convert,TRUE
upgrade,TRUE
dedicate,FALSE
precursor,FALSE
couple,TRUE
remote,TRUE
ground,TRUE
centralize,FALSE
global,FALSE
several,FALSE
network,FALSE
network,TRUE
compute,FALSE
telecommunication,TRUE
internet,TRUE
hardware,TRUE
board,TRUE
logic,TRUE
regulation,TRUE
law,TRUE
decision,TRUE
legislation,FALSE
determination,FALSE
provision,TRUE
concern,TRUE
like,FALSE
except,FALSE
right,TRUE
classification,TRUE
appointment,FALSE
election,FALSE
education,FALSE
admission,FALSE
residence,FALSE
citizenship,FALSE
employment,FALSE
vessel,FALSE
patient,FALSE
passenger,FALSE
personnel,TRUE
ship,FALSE
air,TRUE
animal,TRUE
life,TRUE
worker,FALSE
person,TRUE
place,TRUE
exercise,FALSE
confer,FALSE
take,TRUE
impose,TRUE
conduct,TRUE
hold,TRUE
do,TRUE
carry,TRUE
define,TRUE
regional,FALSE
national,FALSE
communal,FALSE
judicial,FALSE
administrative,FALSE
legal,FALSE
regulatory,FALSE
#,FALSE
technical,FALSE
institutional,FALSE
educational,FALSE
financial,FALSE
thereof,FALSE
propose,TRUE
research,TRUE
manufacturer,TRUE
project,TRUE
node,TRUE
determine,TRUE
calculate,TRUE
allocate,FALSE
divide,TRUE
length,TRUE
quantity,TRUE
type,TRUE
sum,TRUE
value,TRUE
measurement,TRUE
property,TRUE
date,TRUE
duration,TRUE
magnitude,FALSE
conversion,TRUE
validity,FALSE
offset,FALSE
#,FALSE
#,FALSE
facto,FALSE
emission,TRUE
specific,FALSE
reference,TRUE
dependent,FALSE
dependence,FALSE
metric,FALSE
#,FALSE
#,FALSE
#,FALSE
type,TRUE
#,FALSE
status,TRUE
accord,TRUE
subject,FALSE
relate,TRUE
correspond,TRUE
associate,TRUE
submit,TRUE
accord,TRUE
conform,TRUE
subject,TRUE
refer,TRUE
article,TRUE
account,TRUE
incident,FALSE
emergency,TRUE
safety,TRUE
fire,TRUE
alarm,TRUE
risk,TRUE
security,TRUE
anger,FALSE
clock,FALSE
traffic,TRUE
station,TRUE
operational,FALSE
Signal,FALSE
alert,TRUE
warn,FALSE
recognition,FALSE
awareness,FALSE
clock,TRUE
solution,TRUE
technology,TRUE
allow,TRUE
enable,TRUE
permit,TRUE
allow,TRUE
enable,TRUE
help,TRUE
require,TRUE
attacker,FALSE
investigator,FALSE
officer,FALSE
agent,TRUE
expert,FALSE
administrator,TRUE
employee,TRUE
inspector,FALSE
hear,TRUE
register,TRUE
track,TRUE
initiate,TRUE
collect,TRUE
use,TRUE
rule,TRUE
support,TRUE
method,FALSE
variable,TRUE
see,TRUE
discuss,TRUE
list,TRUE
table,TRUE
note,TRUE
real,FALSE
default,FALSE
normal,FALSE
maximum,FALSE
normal,FALSE
real,FALSE
TRUE,FALSE
null,FALSE
fix,TRUE
net,FALSE
average,FALSE
measure,TRUE
sample,TRUE
promotion,TRUE
ownership,TRUE
retention,TRUE
improvement,TRUE
establishment,FALSE
expansion,FALSE
association,TRUE
organization,TRUE
institution,TRUE
organisation,TRUE
company,TRUE
agency,TRUE
individual,TRUE
agent,TRUE
club,FALSE
control,TRUE
ensure,TRUE
regulate,TRUE
support,TRUE
handle,TRUE
monitor,TRUE
coordinate,TRUE
facilitate,TRUE
department,TRUE
order,TRUE
include,TRUE
record,TRUE
specify,TRUE
identify,TRUE
contain,TRUE
store,TRUE
report,TRUE
register,TRUE
document,TRUE
note,TRUE
reflect,TRUE
inventory,FALSE
event,TRUE
annual,FALSE
#,FALSE
buffer,FALSE
container,FALSE
sheet,FALSE
slot,FALSE
responsible,FALSE
safe,FALSE
ready,FALSE
action,TRUE
board,TRUE
change,TRUE
change,TRUE
variation,TRUE
nothing,FALSE
interest,TRUE
something,FALSE
anything,FALSE
lightning,FALSE
break,TRUE
advance,FALSE
problem,TRUE
equipment,TRUE
root,TRUE
storm,FALSE
cool,TRUE
heating,FALSE
wind,TRUE
river,FALSE
line,TRUE
medium,TRUE
cause,TRUE
involve,TRUE
induce,TRUE
affect,TRUE
indicate,TRUE
reflect,TRUE
trigger,TRUE
produce,TRUE
damage,TRUE
loss,TRUE
destruction,FALSE
loss,TRUE
harm,FALSE
erosion,FALSE
propagation,FALSE
collapse,FALSE
flooding,FALSE
damage,TRUE
combustion,FALSE
top,FALSE
senior,FALSE
student,TRUE
career,TRUE
youth,FALSE
membership,FALSE
club,FALSE
championship,FALSE
entry,TRUE
current,FALSE
professional,FALSE
information,FALSE
service,FALSE
profile,FALSE
project,FALSE
research,FALSE
center,FALSE
system,FALSE
Database,FALSE
technology,FALSE
demand,TRUE
non,FALSE
cost,TRUE
revenue,FALSE
free,FALSE
#,FALSE
drive,TRUE
prone,FALSE
#,FALSE
#,FALSE
orient,TRUE
#,FALSE
#,FALSE
occasion,FALSE
hiatus,FALSE
#,FALSE
#,FALSE
repeat,TRUE
that,FALSE
here,FALSE
which,FALSE
include,TRUE
determine,TRUE
include,TRUE
involve,TRUE
exposure,FALSE
recovery,TRUE
transit,FALSE
flight,TRUE
execution,TRUE
rate,TRUE
circuit,TRUE
component,TRUE
density,TRUE
#,FALSE
death,FALSE
occurrence,FALSE
kind,TRUE
source,TRUE
category,TRUE
class,TRUE
kind,TRUE
sort,TRUE
layer,TRUE
forecast,FALSE
observation,TRUE
imagery,FALSE
map,TRUE
download,TRUE
sort,TRUE
analyze,TRUE
group,TRUE
compare,TRUE
gather,TRUE
find,TRUE
compare,TRUE
combine,TRUE
represent,TRUE
comprise,TRUE
incorporate,TRUE
#,FALSE
world,TRUE
estate,FALSE
#,FALSE
event,TRUE
fact,TRUE
camera,FALSE
scene,FALSE
view,TRUE
news,TRUE
figure,TRUE
schedule,TRUE
date,TRUE
chart,TRUE
plan,TRUE
etc,FALSE
computer,TRUE
an,FALSE
Digital,FALSE
direct,FALSE
visual,FALSE
consumption,TRUE
save,TRUE
saving,FALSE
balance,FALSE
term,TRUE
large,FALSE
high,FALSE
traditional,FALSE
com,FALSE
ing,FALSE
set,TRUE
track,TRUE
km,TRUE
lane,FALSE
road,FALSE
bus,TRUE
bus,FALSE
highway,FALSE
#,FALSE
#,FALSE
bank,TRUE
route,TRUE
section,TRUE
principle,TRUE
specie,TRUE
proceeding,FALSE
article,TRUE
detail,FALSE
explain,TRUE
outline,TRUE
summarize,TRUE
cover,TRUE
subdivide,FALSE
expand,TRUE
mention,TRUE
#,FALSE
#,FALSE
#,FALSE
॥,FALSE
all,FALSE
book,TRUE
Non,FALSE
mind,TRUE
character,TRUE
law,TRUE
God,FALSE
letter,TRUE
time,FALSE
knowledge,TRUE
three,FALSE
holy,FALSE
four,FALSE
two,FALSE
ancient,FALSE
great,FALSE
five,FALSE
seven,FALSE
wise,FALSE
ten,FALSE
hindu,FALSE
eight,FALSE
twelve,FALSE
info,FALSE
bit,TRUE
meter,TRUE
bin,FALSE
code,TRUE
pad,FALSE
series,TRUE
compose,TRUE
prepare,TRUE
complete,TRUE
consult,FALSE
satisfy,FALSE
address,TRUE
maintain,TRUE
assemble,FALSE
appoint,FALSE
lot,FALSE
margin,FALSE
matter,TRUE
risk,TRUE
little,FALSE
veil,FALSE
burden,FALSE
price,TRUE
possibility,TRUE
r,FALSE
or,FALSE
not,FALSE
whether,FALSE
obtain,TRUE
base,TRUE
only,FALSE
top,TRUE
behalf,FALSE
hundred,FALSE
basis,TRUE
patent,TRUE
rotor,TRUE
cycle,TRUE
Kaplan,FALSE
arc,TRUE
cluster,FALSE
tower,TRUE
multiple,FALSE
twin,FALSE
multi,TRUE
double,FALSE
hybrid,FALSE
seed,FALSE
complex,TRUE
example,TRUE
one,TRUE
characterize,TRUE
denote,TRUE
characterise,TRUE
power,TRUE
form,TRUE
indicate,TRUE
distinguish,TRUE
input,TRUE
fuel,TRUE
load,TRUE
keep,TRUE
present,FALSE
display,TRUE
encode,TRUE
enter,TRUE
character,TRUE
song,FALSE
topic,TRUE
story,FALSE
movement,TRUE
lyric,FALSE
theme,FALSE
evaluate,TRUE
derive,TRUE
implement,TRUE
mathematical,FALSE
general,FALSE
theoretical,FALSE
graphical,FALSE
scientific,FALSE
geometric,FALSE
computational,FALSE
static,FALSE
philosophical,FALSE
logical,FALSE
angle,FALSE
window,TRUE
side,TRUE
rear,FALSE
sort,TRUE
plane,FALSE
cost,TRUE
hour,TRUE
permit,TRUE
fund,FALSE
reserve,TRUE
essential,FALSE
intend,TRUE
important,FALSE
mainly,FALSE
primarily,FALSE
plan,TRUE
function,TRUE
municipal,FALSE
pump,TRUE
power,FALSE
aspect,TRUE
agency,TRUE
organisation,TRUE
department,FALSE
separate,TRUE
organize,TRUE
division,TRUE
domain,TRUE
branch,TRUE
organizational,FALSE
active,FALSE
operative,FALSE
#,FALSE
#,FALSE
#,FALSE
#,FALSE
#,FALSE
#,FALSE
#,FALSE
#,FALSE
#,FALSE
#,FALSE
#,FALSE
#,FALSE
general,FALSE
respectively,FALSE
sense,TRUE
abstract,FALSE
regard,TRUE
incorporate,TRUE
solution,TRUE
requirement,TRUE
substitute,FALSE
vehicle,TRUE
framework,TRUE
resource,TRUE
concern,TRUE
possible,FALSE
previously,FALSE
newly,FALSE
carefully,FALSE
previous,FALSE
resolution,TRUE
scan,FALSE
filter,TRUE
sample,TRUE
attribute,TRUE
factor,TRUE
quality,TRUE
indicator,TRUE
intensity,TRUE
strength,TRUE
amplitude,FALSE
width,FALSE
separation,FALSE
repetition,FALSE
distortion,FALSE
growth,FALSE
pulse,TRUE
task,TRUE
concept,TRUE
mapping,FALSE
unique,FALSE
3d,FALSE
wire,TRUE
circuit,TRUE
represent,TRUE
contain,TRUE
denote,TRUE
take,TRUE
hold,TRUE
integer,TRUE
index,TRUE
array,TRUE
absolute,FALSE
attribute,TRUE
argument,FALSE
identity,TRUE
x,FALSE
inverse,FALSE
statement,TRUE
symbol,TRUE
string,TRUE
use,TRUE
match,TRUE
#,FALSE
#,FALSE
#,FALSE
#,FALSE
#,FALSE
#,FALSE
#,FALSE
#,FALSE
#,FALSE
#,FALSE
#,FALSE
factor,TRUE
piece,TRUE
block,TRUE
subset,FALSE
fragment,FALSE
integer,TRUE
symbol,TRUE
digit,TRUE
bit,TRUE
alternative,TRUE
expression,TRUE
coefficient,FALSE
number,TRUE
selection,TRUE
number,TRUE
group,TRUE
collection,TRUE
loss,TRUE
length,TRUE
set,TRUE
each,FALSE
transfer,TRUE
resolution,TRUE
choice,TRUE
schedule,TRUE
clock,TRUE
course,FALSE
seat,FALSE
allowance,FALSE
estimate,TRUE
advance,FALSE
reason,TRUE
responsibility,TRUE
automation,TRUE
centre,TRUE
hub,TRUE
carry,TRUE
convey,TRUE
receive,TRUE
factory,FALSE
industrial,FALSE
laboratory,FALSE
department,TRUE
attention,TRUE
respond,TRUE
refer,TRUE
respond,TRUE
respect,FALSE
listen,FALSE
relate,TRUE
sensor,TRUE
everything,FALSE
supply,TRUE
send,TRUE
transmit,TRUE
receive,TRUE
transmitter,TRUE
issue,TRUE
deliver,TRUE
communicating,FALSE
direct,TRUE
originate,TRUE
carry,TRUE
take,TRUE
depart,FALSE
outgoing,FALSE
leave,TRUE
sell,TRUE
get,TRUE
staff,TRUE
store,TRUE
handle,TRUE
retrieve,TRUE
gather,TRUE
interpret,TRUE
share,TRUE
distribute,TRUE
length,TRUE
lifetime,FALSE
gap,FALSE
broadcast,TRUE
camera,FALSE
correspond,TRUE
extend,TRUE
apply,TRUE
increase,TRUE
go,TRUE
vary,TRUE
belong,TRUE
continuous,FALSE
long,FALSE
signature,FALSE
start,TRUE
start,TRUE
start,TRUE
begin,TRUE
begin,TRUE
begin,TRUE
begin,TRUE
open,TRUE
beginning,FALSE
start,FALSE
minute,TRUE
hour,TRUE
min,FALSE
second,FALSE
minute,TRUE
metre,TRUE
day,TRUE
#,FALSE
year,TRUE
second,FALSE
mile,TRUE
stimulus,FALSE
fire,TRUE
flash,FALSE
end,TRUE
finish,TRUE
terminate,FALSE
conclude,FALSE
peaking,FALSE
continue,TRUE
closing,TRUE
stop,TRUE
end,TRUE
end,TRUE
return,TRUE
culminate,FALSE
complete,TRUE
month,TRUE
week,FALSE
warning,TRUE
message,FALSE
warning,TRUE
report,FALSE
#,FALSE
nearby,FALSE
constitute,FALSE
prove,TRUE
make,TRUE
show,TRUE
imply,TRUE
prove,TRUE
car,TRUE
V8,FALSE
for,FALSE
lever,FALSE
Games,FALSE
country,TRUE
deal,TRUE
hour,TRUE
year,TRUE
study,TRUE
test,TRUE
year,TRUE
addition,TRUE
regard,TRUE
practice,TRUE
#,FALSE
effort,TRUE
facilitate,TRUE
perform,TRUE
ease,TRUE
aid,TRUE
promote,TRUE
inspection,TRUE
repair,TRUE
supervision,TRUE
commission,TRUE
team,TRUE
guidance,TRUE
pilot,TRUE
farm,TRUE
actual,FALSE
generator,TRUE
pump,TRUE
motor,TRUE
engine,TRUE
blade,TRUE
tower,TRUE
cell,TRUE
operate,TRUE
build,TRUE
situate,FALSE
park,TRUE
mount,TRUE
away,FALSE
range,TRUE
reach,TRUE
interval,TRUE
#,FALSE
distant,FALSE
view,TRUE
enough,FALSE
tree,TRUE
hierarchy,FALSE
dictionary,FALSE
space,TRUE
list,TRUE
extensive,FALSE
xml,TRUE
external,FALSE
additional,FALSE
independent,FALSE
name,TRUE
description,TRUE
name,TRUE
name,TRUE
format,TRUE
#,FALSE
category,TRUE
specifically,FALSE
especially,FALSE
encode,TRUE
small,FALSE
chemical,FALSE
small,FALSE
blow,TRUE
resistant,FALSE
blow,TRUE
climb,FALSE
#,FALSE
add,TRUE
adopt,TRUE
replace,TRUE
issue,TRUE
project,TRUE
those,FALSE
area,TRUE
matter,TRUE
activity,TRUE
resource,TRUE
plan,TRUE
solution,TRUE
program,TRUE
technology,TRUE
importance,TRUE
interest,TRUE
significance,TRUE
benefit,TRUE
relevance,TRUE
consequence,TRUE
utility,TRUE
advantage,TRUE
industry,TRUE
business,TRUE
ice,FALSE
offshore,FALSE
dam,TRUE
manufacturer,TRUE
exception,FALSE
likely,FALSE
say,TRUE
deem,TRUE
know,TRUE
think,TRUE
assume,TRUE
believe,TRUE
expect,TRUE
perceive,FALSE
judge,TRUE
employee,TRUE
owner,TRUE
engage,TRUE
interested,FALSE
participate,FALSE
concern,TRUE
partner,TRUE
invest,FALSE
allow,TRUE
maintain,TRUE
restoration,FALSE
finish,FALSE
#,FALSE
owner,TRUE
contractor,TRUE
builder,FALSE
developer,TRUE
manager,TRUE
party,FALSE
partner,TRUE
director,FALSE
respect,FALSE
contrast,TRUE
preference,FALSE
analogy,FALSE
parallel,FALSE
field,TRUE
equation,TRUE
algebra,FALSE
experiment,FALSE
amplifi,FALSE
select,TRUE
generate,TRUE
establish,TRUE
choose,TRUE
construct,TRUE
declare,FALSE
compile,FALSE
alternative,FALSE
conditional,FALSE
parameter,TRUE
i,FALSE
algorithm,TRUE
setting,TRUE
extension,TRUE
sequence,TRUE
exception,FALSE
#,FALSE
mean,TRUE
consciousness,FALSE
calculus,TRUE
clause,FALSE
sight,FALSE
issue,TRUE
write,TRUE
publish,TRUE
recommend,FALSE
judgment,FALSE
recommendation,TRUE
judgement,FALSE
claim,TRUE
ruling,FALSE
consensus,FALSE
suggestion,FALSE
distinction,FALSE
topic,TRUE
theme,FALSE
#,FALSE
#,FALSE
bind,FALSE
#,FALSE
#,FALSE
exclusive,FALSE
#,FALSE
go,TRUE
ship,TRUE
premise,TRUE
plan,TRUE
adjust,FALSE
code,TRUE
certify,FALSE
value,TRUE
rest,FALSE
basic,FALSE
last,FALSE
final,FALSE
b,FALSE
ii,FALSE
1,FALSE
define,TRUE
establish,TRUE
address,TRUE
describe,TRUE
cover,TRUE
introduce,TRUE
cargo,FALSE
freight,FALSE
bulk,FALSE
payload,FALSE
entry,TRUE
collaboration,TRUE
illustrate,TRUE
depict,TRUE
state,TRUE
demonstrate,TRUE
dual,FALSE
vertical,FALSE
pair,TRUE
double,TRUE
cycle,TRUE
dam,TRUE
stage,TRUE
blade,TRUE
Francis,FALSE
mill,FALSE
electric,FALSE
electrical,FALSE
diesel,TRUE
energy,FALSE
operation,FALSE
operation,FALSE
such,FALSE
electronic,FALSE
mobile,FALSE
military,FALSE
joint,FALSE
field,TRUE
its,FALSE
air,TRUE
tape,FALSE
#,FALSE
footage,FALSE
#,FALSE
#,FALSE
chat,FALSE
enhance,TRUE
demonstrate,TRUE
highlight,FALSE
encourage,FALSE
explain,TRUE
co,TRUE
co,FALSE
con,FALSE
joint,FALSE
cross,TRUE
self,TRUE
inter,FALSE
ordination,FALSE
existence,FALSE
liaison,FALSE
headquarter,FALSE
military,FALSE
commander,FALSE
officer,TRUE
hospital,FALSE
commander,FALSE
reception,FALSE
room,TRUE
sound,TRUE
activate,TRUE
hear,TRUE
program,TRUE
train,FALSE
proper,FALSE
well,FALSE
#,FALSE
#,FALSE
#,FALSE
#,FALSE
next,FALSE
adjacent,FALSE
lead,TRUE
close,FALSE
lead,TRUE
near,FALSE
hydrogen,FALSE
body,TRUE
impose,TRUE
put,TRUE
meet,TRUE
carry,TRUE
create,TRUE
stress,TRUE
effect,TRUE
strain,FALSE
impact,TRUE
stress,TRUE
impact,TRUE
rating,FALSE
underlie,TRUE
study,TRUE
consistent,FALSE
domain,TRUE
architecture,TRUE
height,FALSE
bandwidth,FALSE
depth,TRUE
precision,TRUE
sensitivity,FALSE
complexity,TRUE
instrument,TRUE
telescope,FALSE
sensor,TRUE
radar,FALSE
beam,FALSE
percent,FALSE
#,FALSE
°,FALSE
heat,TRUE
voltage,TRUE
altitude,FALSE
feeder,FALSE
railway,FALSE
rail,FALSE
switch,TRUE
along,FALSE
couple,TRUE
pair,TRUE
handful,FALSE
mix,FALSE
installation,TRUE
property,TRUE
property,TRUE
right,TRUE
money,FALSE
product,TRUE
extract,TRUE
manipulate,TRUE
due,FALSE
thank,FALSE
directly,FALSE
solely,FALSE
fundamental,FALSE
six,FALSE
newspaper,FALSE
Wikipedia,FALSE
initiative,FALSE
original,FALSE
swedish,FALSE
publish,TRUE
exact,FALSE
#,FALSE
entry,TRUE
Anti,FALSE
anti,FALSE
post,TRUE
de,TRUE
de,TRUE
re,FALSE
replication,FALSE
property,TRUE
asset,FALSE
money,FALSE
land,TRUE
service,TRUE
industry,TRUE
server,TRUE
state,TRUE
government,TRUE
vendor,TRUE
application,TRUE
business,TRUE
EU,FALSE
standardize,FALSE
create,TRUE
supply,TRUE
mandate,FALSE
license,TRUE
approve,TRUE
supplier,TRUE
pre,FALSE
carrier,FALSE
prefer,FALSE
approach,TRUE
route,TRUE
become,TRUE
select,TRUE
choose,TRUE
book,TRUE
definition,TRUE
one,FALSE
any,FALSE
another,FALSE
operate,TRUE
automatic,FALSE
manual,FALSE
autonomous,FALSE
emergency,TRUE
driver,FALSE
#,FALSE
worker,FALSE
switch,TRUE
technician,FALSE
something,FALSE
thing,TRUE
anything,FALSE
battery,TRUE
switch,TRUE
motor,TRUE
valve,FALSE
electronic,TRUE
battery,TRUE
wire,TRUE
chain,TRUE
crane,FALSE
printer,FALSE
refrigerator,FALSE
partial,FALSE
complete,FALSE
full,FALSE
incomplete,FALSE
#,FALSE
item,TRUE
entity,TRUE
option,TRUE
guide,TRUE
shift,TRUE
cause,TRUE
arbitrary,FALSE
initial,FALSE
easy,FALSE
instruction,TRUE
take,TRUE
let,TRUE
turn,TRUE
without,FALSE
part,TRUE
Model,FALSE
section,TRUE
version,TRUE
chapter,TRUE
type,TRUE
framework,TRUE
group,FALSE
category,TRUE
API,FALSE
pricing,FALSE
map,TRUE
book,TRUE
diagram,TRUE
chapter,TRUE
discuss,TRUE
examine,TRUE
explain,TRUE
outline,TRUE
list,TRUE
consider,TRUE
explore,FALSE
present,TRUE
concern,TRUE
version,TRUE
strategy,TRUE
in,FALSE
with,FALSE
besides,FALSE
by,FALSE
through,FALSE
after,FALSE
since,FALSE
during,FALSE
without,FALSE
as,FALSE
on,FALSE
despite,FALSE
aspect,TRUE
logistic,FALSE
economy,FALSE
brain,FALSE
coordinate,TRUE
difficulty,FALSE
dairy,FALSE
rotation,FALSE
disk,FALSE
housing,FALSE
experimental,FALSE
empirical,FALSE
analytical,FALSE
structure,FALSE
background,FALSE
paper,TRUE
statement,TRUE
compress,FALSE
consolidated,FALSE
simplify,FALSE
quantitative,FALSE
filter,TRUE
recording,TRUE
distribution,TRUE
translation,TRUE
editing,FALSE
recovery,TRUE
mining,FALSE
transport,TRUE
#,FALSE
administration,TRUE
future,TRUE
cloud,TRUE
library,TRUE
internet,TRUE
archive,TRUE
work,TRUE
spread,TRUE
map,TRUE
play,TRUE
check,TRUE
smooth,FALSE
print,TRUE
edit,TRUE
interfere,TRUE
limitation,TRUE
conflict,TRUE
conflict,TRUE
strategy,TRUE
scheduling,FALSE
audit,FALSE
review,TRUE
backup,TRUE
replacement,FALSE
removal,FALSE
relocation,FALSE
location,TRUE
site,TRUE
extraction,TRUE
manipulation,TRUE
there,FALSE
below,FALSE
example,TRUE
strike,FALSE
skip,FALSE
show,TRUE
stop,TRUE
finish,TRUE
terminate,FALSE
drop,TRUE
fall,TRUE
break,TRUE
halt,TRUE
run,TRUE
schedule,TRUE
period,TRUE
passenger,FALSE
truck,FALSE
wind,TRUE
day,TRUE
storm,FALSE
flow,TRUE
pass,TRUE
stop,TRUE
audio,FALSE
active,FALSE
alpha,FALSE
associate,FALSE
acoustic,FALSE
Auxiliary,FALSE
advanced,FALSE
radio,TRUE
airborne,FALSE
action,TRUE
an,FALSE
advance,FALSE
g,FALSE
#,FALSE
solar,FALSE
animal,TRUE
water,TRUE
tunnel,TRUE
lease,TRUE
home,TRUE
sell,TRUE
contract,TRUE
rent,TRUE
charter,FALSE
affiliate,FALSE
belong,TRUE
attach,TRUE
own,TRUE
award,TRUE
airport,TRUE
IBM,FALSE
Atlantic,FALSE
elevate,FALSE
ATP,FALSE
AC,FALSE
FM,FALSE
inner,FALSE
vacuum,TRUE
shear,FALSE
produce,TRUE
guide,TRUE
ensure,TRUE
indicate,TRUE
assume,TRUE
suggest,TRUE
mean,TRUE
guarantee,TRUE
demonstrate,TRUE
control,TRUE
un,FALSE
ill,FALSE
outside,FALSE
regulate,TRUE
direct,TRUE
budget,FALSE
programme,FALSE
development,TRUE
trend,TRUE
challenge,TRUE
generation,TRUE
initiative,FALSE
vertex,FALSE
dynamic,TRUE
origin,FALSE
theorem,FALSE
game,TRUE
card,TRUE
letter,TRUE
stamp,FALSE
record,TRUE
mark,TRUE
stamp,TRUE
sign,TRUE
update,TRUE
label,TRUE
position,TRUE
rank,FALSE
destination,FALSE
organ,FALSE
#,FALSE
insertion,FALSE
edit,FALSE
load,TRUE
activation,TRUE
compilation,FALSE
port,TRUE
echo,FALSE
alpha,FALSE
tag,FALSE
player,TRUE
artist,FALSE
stage,TRUE
participant,TRUE
performance,TRUE
city,TRUE
performer,FALSE
potential,TRUE
opportunity,FALSE
coincide,FALSE
differ,TRUE
overlap,FALSE
interfere,TRUE
grow,TRUE
come,TRUE
increase,TRUE
increase,TRUE
grow,TRUE
overall,FALSE
total,FALSE
capacity,TRUE
laser,FALSE
modular,FALSE
reference,TRUE
result,TRUE
found,TRUE
focus,TRUE
ground,TRUE
model,TRUE
model,TRUE
rely,TRUE
accept,TRUE
share,TRUE
recognize,TRUE
deploy,TRUE
concept,TRUE
theory,TRUE
idea,TRUE
language,TRUE
practice,TRUE
diversity,FALSE
practical,FALSE
technological,FALSE
innovative,FALSE
creative,FALSE
describe,TRUE
design,TRUE
develop,TRUE
define,TRUE
determine,TRUE
manage,TRUE
assess,FALSE
analyze,TRUE
evaluate,TRUE
understand,TRUE
study,TRUE
construct,TRUE
establish,TRUE
create,TRUE
garden,FALSE
take,TRUE
bring,TRUE
bear,TRUE
call,TRUE
take,TRUE
put,TRUE
consideration,TRUE
perspective,FALSE
care,FALSE
mind,TRUE
hand,TRUE
heart,FALSE
surface,TRUE
atmosphere,FALSE
fluid,TRUE
disposal,FALSE
spectrum,FALSE
variation,TRUE
influence,TRUE
range,TRUE
nutrient,FALSE
temperature,TRUE
oxygen,TRUE
light,TRUE
moisture,FALSE
pH,FALSE
precipitation,FALSE
rainfall,FALSE
ventilation,FALSE
pressure,TRUE
vibration,FALSE
noise,TRUE
sound,TRUE
nitrogen,FALSE
contribution,FALSE
front,FALSE
file,TRUE
image,TRUE
memory,TRUE
content,FALSE
resource,TRUE
temporary,FALSE
simple,FALSE
#,FALSE
consist,TRUE
consist,TRUE
instead,FALSE
th,FALSE
percentage,FALSE
list,FALSE
table,FALSE
chain,FALSE
location,FALSE
range,FALSE
card,TRUE
behaviour,FALSE
behavior,TRUE
coil,FALSE
meet,TRUE
achieve,TRUE
improve,TRUE
change,TRUE
repair,TRUE
investment,FALSE
charge,TRUE
force,TRUE
#,FALSE
chip,TRUE
disc,TRUE
tap,FALSE
feed,TRUE
ratio,FALSE
bar,FALSE
precise,FALSE
measure,FALSE
accurate,FALSE
high,FALSE
count,TRUE
look,TRUE
aim,TRUE
look,TRUE
arrangement,FALSE
effective,FALSE
optimal,FALSE
reserve,FALSE
draft,FALSE
flood,FALSE
horizon,FALSE
network,TRUE
generation,TRUE
match,TRUE
whether,FALSE
#,FALSE
instrumentation,FALSE
diagnosis,FALSE
fix,TRUE
investigation,FALSE
difficulty,TRUE
ensure,TRUE
efficient,FALSE
improve,TRUE
rapid,FALSE
perform,TRUE
readiness,FALSE
manually,FALSE
hard,FALSE
simultaneously,FALSE
copy,TRUE
rubber,FALSE
digitally,FALSE
accurately,FALSE
permanently,FALSE
continuously,FALSE
color,TRUE
forward,FALSE
#,FALSE
reference,TRUE
response,TRUE
opposition,FALSE
classification,TRUE
resistance,FALSE
govern,TRUE
guarantee,TRUE
protect,TRUE
their,FALSE
ground,TRUE
Personnel,FALSE
center,TRUE
technician,TRUE
manager,TRUE
priority,FALSE
#,FALSE
x,TRUE
q,FALSE
counter,FALSE
detector,FALSE
diagnostic,FALSE
apply,TRUE
occur,TRUE
ask,TRUE
exist,TRUE
test,TRUE
happen,TRUE
asset,FALSE
robot,FALSE
weapon,TRUE
substance,FALSE
product,FALSE
technical,FALSE
draft,FALSE
concept,FALSE
strategic,FALSE
standard,FALSE
draft,TRUE
formulate,FALSE
review,TRUE
endorse,FALSE
parliamentary,FALSE
professional,FALSE
steering,FALSE
discussion,TRUE
consultation,FALSE
working,FALSE
committee,FALSE
delegation,FALSE
council,FALSE
session,FALSE
#,FALSE
meet,TRUE
assembly,FALSE
representative,TRUE
expert,FALSE
specialist,FALSE
leader,FALSE
participation,FALSE
stakeholder,TRUE
colleague,FALSE
expertise,FALSE
ab,FALSE
Netherlands,FALSE
subsidiary,FALSE
representative,TRUE
representative,FALSE
head,TRUE
member,TRUE
ambassador,FALSE
representative,FALSE
spokesperson,FALSE
subsidiary,FALSE
spokesman,FALSE
market,TRUE
SA,FALSE
step,TRUE
representation,TRUE
client,TRUE
shareholder,FALSE
global,FALSE
total,FALSE
International,FALSE
nordic,FALSE
medium,FALSE
open,FALSE
library,TRUE
matrix,TRUE
tag,FALSE
modify,TRUE
exploit,FALSE
substitute,FALSE
web,TRUE
social,FALSE
collection,TRUE
description,TRUE
integrate,TRUE
feature,TRUE
documentation,TRUE
simplicity,TRUE
convenience,TRUE
#,FALSE
shape,TRUE
owe,TRUE
accordance,FALSE
objective,TRUE
consideration,TRUE
recommendation,TRUE
bridge,FALSE
village,FALSE
park,FALSE
lake,FALSE
church,FALSE
house,FALSE
threat,FALSE
museum,FALSE
school,TRUE
university,FALSE
public,TRUE
district,FALSE
consist,TRUE
consist,TRUE
comprise,TRUE
comprise,TRUE
24,FALSE
shall,FALSE
ought,FALSE
may,FALSE
appear,TRUE
valid,FALSE
result,TRUE
alter,TRUE
access,TRUE
matter,TRUE
action,TRUE
strategic,FALSE
deepest,FALSE
well,FALSE
sea,TRUE
great,FALSE
recommend,FALSE
month,TRUE
season,TRUE
meta,FALSE
semi,FALSE
#,FALSE
capture,TRUE
waste,TRUE
respective,FALSE
result,TRUE
vote,FALSE
title,FALSE
schedule,TRUE
§,FALSE
regulation,FALSE
rule,FALSE
iso,FALSE
paragraph,FALSE
#,FALSE
#,FALSE
#,FALSE
#,FALSE
#,FALSE
#,FALSE
#,FALSE
immediate,FALSE
attitude,FALSE
impulse,FALSE
end,TRUE
exit,TRUE
go,TRUE
button,FALSE
common,FALSE
highly,FALSE
often,FALSE
commonly,FALSE
significant,FALSE
request,TRUE
menu,FALSE
reply,FALSE
trial,FALSE
#,FALSE
#,FALSE
zone,TRUE
#,FALSE
#,FALSE
#,FALSE
would,FALSE
offer,TRUE
suggestion,FALSE
detail,TRUE
advice,FALSE
comment,TRUE
proposal,FALSE
assistance,FALSE
meet,TRUE
satisfy,TRUE
fulfill,TRUE
fit,TRUE
implement,TRUE
achieve,TRUE
fulfil,TRUE
suit,FALSE
satisfy,TRUE
match,TRUE
exceed,TRUE
goal,TRUE
aim,TRUE
mission,TRUE
finding,FALSE
prediction,FALSE
calculation,TRUE
graph,TRUE
estimate,TRUE
score,TRUE
survey,FALSE
scale,TRUE
census,FALSE
demographic,FALSE
spatial,FALSE
economic,FALSE
#,FALSE
#,FALSE
#,FALSE
analysis,TRUE
rating,FALSE
trend,TRUE
stamp,FALSE
derivative,TRUE
relate,TRUE
adapt,TRUE
transition,FALSE
react,FALSE
irrigation,FALSE
level,TRUE
Protocol,FALSE
release,TRUE
channel,TRUE
platform,TRUE
terminal,FALSE
implement,TRUE
port,TRUE
sector,TRUE
volume,TRUE
segment,FALSE
Paris,FALSE
former,FALSE
german,FALSE
Brussels,FALSE
Berlin,FALSE
Luxembourg,FALSE
french,FALSE
least,FALSE
generate,TRUE
burst,FALSE
pulse,FALSE
major,FALSE
primary,FALSE
principal,FALSE
responsibility,TRUE
cover,TRUE
gather,TRUE
collect,TRUE
store,TRUE
raise,FALSE
add,TRUE
preservation,FALSE
policy,TRUE
movement,TRUE
exclusion,FALSE
redundant,FALSE
value,TRUE
price,TRUE
designate,FALSE
quantity,TRUE
inherent,FALSE
acquire,FALSE
gain,TRUE
transaction,TRUE
#,FALSE
spend,FALSE
pass,TRUE
past,TRUE
marketplace,FALSE
sale,FALSE
counter,TRUE
reading,FALSE
sign,TRUE
meter,TRUE
plate,FALSE
marker,FALSE
watch,FALSE
night,FALSE
time,TRUE
register,TRUE
2011,FALSE
2012,FALSE
2013,FALSE
2014,FALSE
2015,FALSE
2008,FALSE
2009,FALSE
2007,FALSE
2016,FALSE
2010,FALSE
2017,FALSE
2006,FALSE
2004,FALSE
2005,FALSE
2003,FALSE
quote,FALSE
sentence,FALSE
question,TRUE
page,TRUE
column,TRUE
chart,FALSE
name,FALSE
date,FALSE
rank,FALSE
structure,FALSE
volume,TRUE
name,FALSE
code,FALSE
series,FALSE
index,FALSE
zone,FALSE
edition,FALSE
#,FALSE
event,TRUE
search,TRUE
call,TRUE
disaster,TRUE
fire,TRUE
incident,FALSE
attack,TRUE
disaster,TRUE
history,TRUE
dispatch,FALSE
event,TRUE
log,TRUE
move,TRUE
household,FALSE
human,FALSE
server,TRUE
lab,FALSE
tran,FALSE
wire,TRUE
smart,FALSE
cross,TRUE
stream,TRUE
link,TRUE
transfer,TRUE
pass,TRUE
transport,TRUE
#,FALSE
#,FALSE
#,FALSE
#,FALSE
#,FALSE
#,FALSE
#,FALSE
#,FALSE
alone,FALSE
bound,FALSE
boundary,TRUE
realm,FALSE
intensive,FALSE
#,FALSE
directional,FALSE
figure,TRUE
note,TRUE
page,TRUE
stage,TRUE
python,FALSE
basic,FALSE
primary,FALSE
mathematical,FALSE
#,FALSE
photograph,FALSE
calculate,TRUE
old,FALSE
age,TRUE
child,TRUE
ID,FALSE
inclusive,FALSE
contact,TRUE
execute,TRUE
restart,TRUE
via,FALSE
provide,TRUE
prevent,TRUE
graph,TRUE
curve,FALSE
phenomenon,FALSE
universe,FALSE
cardinal,FALSE
equation,TRUE
formula,FALSE
accommodate,FALSE
regulate,TRUE
emission,TRUE
region,TRUE
far,FALSE
his,FALSE
#,FALSE
flexibility,FALSE
gain,TRUE
client,TRUE
gateway,FALSE
expose,TRUE
assign,TRUE
bind,TRUE
attach,TRUE
commit,TRUE
suite,TRUE
credential,FALSE
key,TRUE
home,FALSE
country,FALSE
community,FALSE
#,FALSE
berry,FALSE
heritage,FALSE
park,FALSE
family,FALSE
farm,FALSE
head,FALSE
brook,FALSE
cottage,FALSE
serve,TRUE
service,TRUE
surround,FALSE
bound,TRUE
feed,TRUE
administer,FALSE
butterfly,FALSE
plant,TRUE
cooperative,FALSE
food,FALSE
bird,FALSE
dog,FALSE
Sugar,FALSE
tree,FALSE
post,TRUE
station,TRUE
visible,FALSE
·,FALSE
ability,TRUE
gravity,FALSE
renewable,FALSE
propulsion,FALSE
helpful,FALSE
#,FALSE
#,FALSE
#,FALSE
#,FALSE
#,FALSE
rule,TRUE
balance,TRUE
excessive,FALSE
explicit,FALSE
strict,FALSE
code,TRUE
partition,FALSE
survey,FALSE
satellite,TRUE
cd,FALSE
mode,TRUE
cellular,FALSE
bus,TRUE
want,TRUE
occur,TRUE
travel,TRUE
exist,TRUE
live,TRUE
happen,TRUE
neural,FALSE
social,FALSE
since,FALSE
platform,TRUE
commercial,FALSE
take,TRUE
hold,TRUE
precedence,FALSE
nine,FALSE
scheme,TRUE
immune,FALSE
natural,FALSE
nervous,FALSE
most,FALSE
concentrate,FALSE
spectral,FALSE
wave,TRUE
apparatus,FALSE
inadequate,FALSE
insufficient,FALSE
accomplish,TRUE
solve,TRUE
compliance,FALSE
belief,TRUE
science,TRUE
#,FALSE
fact,TRUE
view,FALSE
experience,TRUE
opinion,FALSE
origin,FALSE
vision,FALSE
argue,TRUE
observe,TRUE
conclude,FALSE
prove,TRUE
universal,FALSE
coherent,FALSE
fragment,FALSE
depend,TRUE
together,FALSE
anywhere,FALSE
loosely,FALSE
depend,TRUE
correspondence,FALSE
interaction,TRUE
comparison,TRUE
order,TRUE
similarity,FALSE
similarity,FALSE
row,FALSE
planning,TRUE
standard,TRUE
wrap,FALSE
#,FALSE
#,FALSE
try,TRUE
attempt,TRUE
recover,TRUE
extract,TRUE
fetch,TRUE
save,TRUE
obtain,TRUE
generic,FALSE
weight,TRUE
label,TRUE
vector,FALSE
argument,FALSE
arise,TRUE
derive,TRUE
stem,TRUE
originate,TRUE
stray,FALSE
originate,TRUE
wheel,TRUE
compass,FALSE
gear,TRUE
armor,FALSE
wheel,TRUE
gear,TRUE
weapon,FALSE
sail,FALSE
ammunition,FALSE
grant,TRUE
mw,TRUE
kw,FALSE
metre,TRUE
hectare,FALSE
acre,FALSE
kilometer,FALSE
m²,FALSE
utility,TRUE
contractor,FALSE
business,TRUE
team,TRUE
instrumental,FALSE
engage,TRUE
financing,FALSE
toll,FALSE
presence,TRUE
edge,FALSE
arrival,FALSE
departure,FALSE
velocity,FALSE
prove,TRUE
expect,TRUE
algebraic,FALSE
linear,FALSE
differential,FALSE
topology,TRUE
easily,FALSE
broadly,FALSE
roughly,FALSE
formally,FALSE
efficiently,FALSE
fully,FALSE
visually,FALSE
effectively,FALSE
physically,FALSE
weight,TRUE
grade,FALSE
size,FALSE
fill,TRUE
shape,TRUE
symmetric,FALSE
scale,TRUE
justification,FALSE
license,TRUE
licence,FALSE
comparable,FALSE
pertain,FALSE
identical,FALSE
supervise,FALSE
enforce,FALSE
board,FALSE
authority,FALSE
ltd,FALSE
submit,TRUE
official,FALSE
notice,FALSE
#,FALSE
list,TRUE
picture,FALSE
photo,FALSE
directory,FALSE
catalogue,FALSE
catalog,FALSE
#,FALSE
title,TRUE
phase,TRUE
physical,FALSE
statistical,FALSE
historical,FALSE
low,FALSE
motive,FALSE
alternate,TRUE
#,FALSE
figure,TRUE
death,FALSE
disease,FALSE
lie,TRUE
bias,FALSE
broadcast,TRUE
NFC,FALSE
NAS,FALSE
SAT,FALSE
be,FALSE
broadband,FALSE
wireless,FALSE
terrestrial,FALSE
international,FALSE
bt,FALSE
conflict,TRUE
dispute,FALSE
disagreement,FALSE
trouble,FALSE
complaint,FALSE
complication,FALSE
modern,FALSE
lack,TRUE
absence,FALSE
uncertainty,FALSE
shortage,FALSE
Commission,FALSE
institute,FALSE
FCC,FALSE
council,FALSE
ieee,FALSE
collaborate,FALSE
decide,FALSE
relative,TRUE
approximation,FALSE
also,FALSE
adjustment,FALSE
building,TRUE
monitor,TRUE
surveillance,FALSE
automatically,FALSE
help,TRUE
initiate,TRUE
friendly,FALSE
incident,FALSE
alteration,FALSE
shift,TRUE
lighting,FALSE
identify,TRUE
compare,TRUE
trace,TRUE
temporal,FALSE
recognize,TRUE
predict,TRUE
III,FALSE
AI,FALSE
learn,TRUE
optimization,FALSE
hundred,FALSE
collection,TRUE
note,TRUE
assumption,FALSE
belief,FALSE
cd,FALSE
save,TRUE
release,TRUE
load,TRUE
import,FALSE
print,TRUE
export,FALSE
playback,FALSE
music,FALSE
dvd,FALSE
photo,FALSE
video,TRUE
provision,TRUE
#,FALSE
he,FALSE
she,FALSE
everything,FALSE
assessment,TRUE
infringement,FALSE
consequence,TRUE
lock,FALSE
damage,TRUE
destroy,FALSE
close,FALSE
lose,TRUE
particularly,FALSE
namely,FALSE
even,FALSE
notably,FALSE
manuscript,FALSE
essence,FALSE
root,TRUE
implication,FALSE
conduct,TRUE
undertake,TRUE
row,FALSE
conclusion,FALSE
study,TRUE
column,TRUE
contingent,FALSE
brief,FALSE
comment,TRUE
clear,FALSE
improvement,TRUE
large,FALSE
mass,TRUE
update,TRUE
copy,TRUE
thing,TRUE
exist,TRUE
accumulate,FALSE
remain,TRUE
happen,TRUE
occur,TRUE
arrive,FALSE
return,TRUE
appear,TRUE
disappear,FALSE
survive,FALSE
move,TRUE
stay,TRUE
decade,FALSE
December,FALSE
century,TRUE
free,FALSE
single,FALSE
cash,FALSE
feed,TRUE
window,FALSE
display,TRUE
incorporate,TRUE
reveal,FALSE
dry,FALSE
liquid,FALSE
#,FALSE
press,FALSE
#,FALSE
injection,TRUE
induction,FALSE
cool,TRUE
indicator,TRUE
tank,FALSE
regulator,FALSE
gauge,TRUE
seal,FALSE
cap,FALSE
knob,FALSE
fan,FALSE
wear,FALSE
torque,FALSE
ignition,FALSE
clutch,FALSE
gearbox,FALSE
valve,TRUE
cylinder,FALSE
exhaust,FALSE
intake,FALSE
auxiliary,FALSE
inlet,FALSE
discharge,FALSE
collector,FALSE
collect,TRUE
essay,FALSE
chapter,TRUE
discussion,TRUE
opinion,FALSE
commentary,FALSE
purchase,FALSE
executive,FALSE
labor,FALSE
labour,FALSE
corporate,FALSE
#,FALSE
#,FALSE
#,FALSE
#,FALSE
#,FALSE
#,FALSE
Chart,FALSE
source,TRUE
disc,FALSE
track,TRUE
episode,FALSE
Map,FALSE
atomic,FALSE
secondary,FALSE
aid,TRUE
yield,TRUE
boiler,FALSE
farm,TRUE
agriculture,FALSE
explore,FALSE
concrete,FALSE
region,FALSE
class,FALSE
genome,FALSE
stock,FALSE
accomplish,TRUE
scan,FALSE
orbit,FALSE
include,TRUE
secondary,FALSE
recording,FALSE
composite,FALSE
exclude,FALSE
#,FALSE
bottom,FALSE
power,TRUE
land,TRUE
role,TRUE
actress,FALSE
actor,FALSE
director,FALSE
writer,FALSE
scene,FALSE
script,FALSE
crew,FALSE
author,TRUE
producer,FALSE
personality,FALSE
emphasize,FALSE
sanction,FALSE
architectural,FALSE
architecture,TRUE
differentiate,FALSE
#,FALSE
#,FALSE
#,FALSE
#,FALSE
#,FALSE
#,FALSE
#,FALSE
#,FALSE
#,FALSE
dimension,TRUE
,FALSE
empty,FALSE
win,TRUE
dialogue,FALSE
coordinate,TRUE
rescue,TRUE
crew,FALSE
#,FALSE
desk,FALSE
incidence,FALSE
success,TRUE
coefficient,FALSE
#,FALSE
pad,FALSE
light,TRUE
tree,TRUE
observe,TRUE
trace,TRUE
distinguish,TRUE
disease,FALSE
symptom,FALSE
disease,FALSE
examine,TRUE
severity,FALSE
flag,FALSE
number,TRUE
16,FALSE
certain,FALSE
already,FALSE
quickly,FALSE
still,FALSE
however,FALSE
continue,TRUE
seek,TRUE
scan,TRUE
verify,TRUE
preserve,TRUE
reveal,TRUE
protect,TRUE
fi,FALSE
tell,FALSE
call,TRUE
ring,FALSE
singer,FALSE
note,TRUE
insert,TRUE
header,FALSE
contain,TRUE
within,FALSE
singer,FALSE
speaker,FALSE
player,TRUE
master,FALSE
study,TRUE
scout,FALSE
from,FALSE
mode,FALSE
mission,TRUE
task,TRUE
cooperation,TRUE
relation,TRUE
conflict,TRUE
connection,TRUE
army,FALSE
infantry,FALSE
artillery,FALSE
aa,FALSE
reconnaissance,FALSE
police,FALSE
army,FALSE
NATO,FALSE
UN,FALSE
marine,FALSE
surface,TRUE
panel,TRUE
building,TRUE
engine,FALSE
land,FALSE
waste,FALSE
rail,FALSE
bridge,FALSE
ship,FALSE
Dam,FALSE
supply,FALSE
#,FALSE
convention,TRUE
p,TRUE
plant,TRUE
building,TRUE
part,TRUE
material,TRUE
person,TRUE
instrument,TRUE
thing,TRUE
element,TRUE
material,TRUE
transportation,FALSE
#,FALSE
locally,FALSE
speed,TRUE
regime,FALSE
conductor,TRUE
supervisor,FALSE
question,TRUE
tier,FALSE
issue,TRUE
island,FALSE
specie,TRUE
site,TRUE
museum,FALSE
animal,TRUE
feature,TRUE
fishery,FALSE
bird,FALSE
company,TRUE
position,TRUE
jurisdiction,TRUE
engagement,FALSE
membership,FALSE
feed,TRUE
tissue,FALSE
#,FALSE
always,FALSE
depend,TRUE
depend,TRUE
condition,TRUE
concentration,FALSE
climate,TRUE
environmental,FALSE
carbon,TRUE
weather,TRUE
speed,TRUE
flow,TRUE
reduction,FALSE
tidal,FALSE
gear,FALSE
find,TRUE
sale,FALSE
necessity,FALSE
incentive,FALSE
job,FALSE
consume,TRUE
thrust,FALSE
trigger,TRUE
detect,TRUE
answer,FALSE
desire,TRUE
demand,TRUE
regular,FALSE
compression,FALSE
submission,FALSE
#,FALSE
#,FALSE
#,FALSE
#,FALSE
#,FALSE
score,TRUE
100,FALSE
15,FALSE
election,FALSE
election,FALSE
member,TRUE
party,TRUE
vote,FALSE
vicinity,FALSE
majority,FALSE
middle,FALSE
lake,FALSE
op,FALSE
connector,FALSE
#,FALSE
return,TRUE
drive,TRUE
move,TRUE
direct,TRUE
exercise,FALSE
prescribe,FALSE
plan,FALSE
construct,TRUE
thousand,FALSE
million,FALSE
separate,FALSE
0,FALSE
#,FALSE
bolt,FALSE
#,FALSE
thread,FALSE
able,FALSE
cater,TRUE
matrix,TRUE
constitute,FALSE
govern,TRUE
effort,TRUE
workforce,FALSE
reliance,FALSE
experiment,FALSE
make,TRUE
render,FALSE
make,TRUE
calculate,TRUE
tell,TRUE
turn,TRUE
passive,FALSE
#,FALSE
ball,TRUE
roller,FALSE
screw,FALSE
automotive,FALSE
bear,TRUE
automobile,FALSE
shaft,TRUE
configuration,TRUE
mixed,FALSE
manager,FALSE
target,TRUE
frequency,TRUE
track,TRUE
tape,FALSE
constant,FALSE
pitch,FALSE
aperture,FALSE
consider,TRUE
understanding,FALSE
change,TRUE
know,TRUE
and,FALSE
consider,TRUE
characteristic,TRUE
criterion,TRUE
rely,TRUE
rely,TRUE
draw,TRUE
peripheral,FALSE
duty,FALSE
proposal,FALSE
bill,FALSE
phone,TRUE
wake,FALSE
catch,FALSE
connect,TRUE
switch,TRUE
firm,FALSE
foundation,TRUE
investor,FALSE
government,TRUE
enterprise,FALSE
bank,TRUE
household,FALSE
developer,TRUE
landowner,FALSE
corporation,FALSE
contract,TRUE
provider,TRUE
supplier,TRUE
#,FALSE
#,FALSE
#,FALSE
#,FALSE
#,FALSE
#,FALSE
order,TRUE
attain,TRUE
university,TRUE
federal,FALSE
justice,FALSE
society,FALSE
institution,TRUE
employ,TRUE
aforementione,FALSE
late,FALSE
#,FALSE
#,FALSE
#,FALSE
#,FALSE
#,FALSE
#,FALSE
#,FALSE
vertically,FALSE
to,FALSE
regard,TRUE
of,FALSE
mobility,FALSE
road,FALSE
car,TRUE
fleet,FALSE
aviation,FALSE
produce,TRUE
generate,TRUE
publish,TRUE
maintain,TRUE
conduct,TRUE
perform,TRUE
prepare,TRUE
receive,TRUE
progress,FALSE
resident,FALSE
station,TRUE
report,TRUE
deposit,FALSE
pole,FALSE
stream,TRUE
fly,TRUE
copy,TRUE
radiate,FALSE
cut,TRUE
poll,FALSE
remotely,FALSE
Linux,FALSE
#,FALSE
publish,TRUE
Broadcast,FALSE
produce,TRUE
play,TRUE
broadcast,TRUE
release,TRUE
programming,TRUE
list,TRUE
update,TRUE
play,TRUE
play,TRUE
freedom,FALSE
programmer,FALSE
independently,FALSE
properly,FALSE
concurrently,FALSE
freely,FALSE
separately,FALSE
correctly,FALSE
individually,FALSE
manipulate,TRUE
organize,TRUE
Institute,FALSE
thousand,FALSE
corpus,FALSE
notation,TRUE
number,TRUE
style,TRUE
count,TRUE
style,FALSE
gender,FALSE
size,TRUE
amount,TRUE
serial,FALSE
symmetry,FALSE
assumption,FALSE
coincidence,FALSE
discrete,FALSE
semantic,FALSE
random,FALSE
conceptual,FALSE
finite,FALSE
lattice,FALSE
distinct,FALSE
online,FALSE
public,FALSE
rescue,FALSE
civil,FALSE
earth,TRUE
sky,FALSE
earth,TRUE
shore,FALSE
inland,FALSE
airborne,FALSE
mountain,FALSE
flight,FALSE
flood,FALSE
aircraft,TRUE
force,TRUE
border,FALSE
#,FALSE
suppression,FALSE
evacuation,FALSE
signal,TRUE
medical,FALSE
gas,TRUE
light,TRUE
Police,FALSE
electricity,TRUE
domestic,FALSE
overhead,FALSE
net,TRUE
help,TRUE
firefighter,FALSE
airport,FALSE
life,TRUE
health,TRUE
arrange,FALSE
#,FALSE
#,FALSE
give,TRUE
goal,FALSE
intelligence,FALSE
raise,FALSE
fire,TRUE
aluminum,FALSE
vendor,TRUE
consumer,TRUE
citizen,FALSE
whose,FALSE
offer,TRUE
benefit,TRUE
virtual,FALSE
gallery,FALSE
travel,TRUE
fly,TRUE
#,FALSE
private,FALSE
spare,FALSE
idle,FALSE
unlimited,FALSE
play,TRUE
eat,TRUE
spend,TRUE
talk,TRUE
competence,FALSE
breakdown,FALSE
locomotive,FALSE
boiler,FALSE
pin,FALSE
contact,TRUE
resistance,FALSE
tolerance,FALSE
traction,FALSE
keep,TRUE
keep,FALSE
precede,FALSE
simple,FALSE
latter,FALSE
early,FALSE
character,TRUE
chinese,FALSE
rhyme,FALSE
square,FALSE
circle,FALSE
syllable,FALSE
consonant,FALSE
vowel,FALSE
modification,TRUE
introduction,TRUE
intelligent,FALSE
utilize,TRUE
preview,FALSE
feature,TRUE
I,FALSE
evident,FALSE
execute,TRUE
can,FALSE
must,FALSE
interact,TRUE
behave,FALSE
press,FALSE
official,FALSE
safe,FALSE
library,FALSE
store,FALSE
hospital,FALSE
permanent,FALSE
unit,TRUE
organization,TRUE
embed,FALSE
restriction,TRUE
key,TRUE
file,TRUE
send,TRUE
currency,FALSE
frame,TRUE
space,TRUE
#,FALSE
#,FALSE
record,FALSE
#,FALSE
#,FALSE
#,FALSE
#,FALSE
#,FALSE
#,FALSE
jump,FALSE
result,TRUE
bring,TRUE
come,TRUE
engage,TRUE
stall,FALSE
starter,FALSE
drive,TRUE
accident,FALSE
cause,TRUE
induce,FALSE
interrupt,FALSE
pause,FALSE
#,FALSE
#,FALSE
visitor,FALSE
conference,TRUE
keep,TRUE
remember,FALSE
replace,TRUE
coin,FALSE
prepare,TRUE
discuss,TRUE
consider,TRUE
publish,TRUE
propose,TRUE
state,TRUE
present,TRUE
terminology,FALSE
purchase,FALSE
manufacture,TRUE
loan,FALSE
packaging,FALSE
competition,FALSE
bid,FALSE
contract,TRUE
approval,FALSE
award,FALSE
auction,FALSE
license,TRUE
tender,FALSE
duty,FALSE
discretion,FALSE
right,TRUE
custom,FALSE
obligation,FALSE
author,TRUE
architect,FALSE
applicant,FALSE
investor,FALSE
advocate,FALSE
employer,FALSE
corporation,FALSE
union,FALSE
propose,TRUE
portion,FALSE
half,TRUE
variation,TRUE
change,TRUE
shift,TRUE
merge,TRUE
evolve,FALSE
move,TRUE
increase,TRUE
integrate,TRUE
rise,TRUE
breeze,FALSE
tide,FALSE
wave,TRUE
parson,FALSE
maxwell,FALSE
import,FALSE
replace,TRUE
affect,TRUE
introduce,TRUE
alter,TRUE
expose,TRUE
remove,TRUE
rfc,FALSE
contribute,TRUE
tendency,FALSE
pay,TRUE
bring,TRUE
careful,FALSE
attract,TRUE
draw,TRUE
close,FALSE
we,FALSE
visitor,FALSE
commission,TRUE
ministry,FALSE
norm,FALSE
convention,TRUE
door,TRUE
portal,FALSE
question,TRUE
hope,FALSE
expectation,FALSE
hope,FALSE
hand,TRUE
fit,TRUE
reach,TRUE
#,FALSE
suit,FALSE
#,FALSE
conceive,FALSE
author,TRUE
teach,FALSE
invention,FALSE
work,FALSE
room,FALSE
paper,FALSE
art,TRUE
Glass,FALSE
noise,FALSE
coverage,FALSE
back,TRUE
straight,FALSE
dna,FALSE
chemical,FALSE
ingredient,FALSE
substance,FALSE
seed,FALSE
mineral,FALSE
treat,TRUE
trust,FALSE
just,FALSE
recover,TRUE
retrieve,TRUE
erase,FALSE
reconstruct,FALSE
delete,FALSE
recycle,FALSE
discard,FALSE
restore,TRUE
correct,TRUE
unavailable,FALSE
unnecessary,FALSE
impossible,FALSE
isolate,FALSE
difficult,FALSE
irrelevant,FALSE
certification,FALSE
center,TRUE
train,TRUE
european,FALSE
subordinate,FALSE
organ,FALSE
body,TRUE
arm,FALSE
force,TRUE
accompany,FALSE
calendar,FALSE
UTC,FALSE
correct,FALSE
#,FALSE
0,FALSE
5,FALSE
12,FALSE
11,FALSE
#,FALSE
#,FALSE
split,FALSE
negotiate,FALSE
trade,FALSE
enterprise,FALSE
central,FALSE
airport,FALSE
city,FALSE
gateway,FALSE
tower,FALSE
forest,FALSE
garden,FALSE
Cloud,FALSE
mountain,FALSE
attachment,FALSE
much,FALSE
centre,TRUE
organise,FALSE
v,FALSE
quasi,FALSE
micro,FALSE
super,FALSE
pseudo,FALSE
deal,TRUE
combine,TRUE
surround,FALSE
rational,FALSE
correlate,FALSE
confuse,FALSE
subsequent,FALSE
student,TRUE
find,TRUE
locate,TRUE
thus,FALSE
now,FALSE
but,FALSE
except,FALSE
write,TRUE
so,FALSE
form,FALSE
low,FALSE
outer,FALSE
upper,FALSE
low,FALSE
principle,TRUE
literature,FALSE
evolutionary,FALSE
unusual,FALSE
interesting,FALSE
notable,FALSE
convenient,FALSE
represent,TRUE
explain,TRUE
express,TRUE
display,TRUE
demonstrate,TRUE
episode,FALSE
specimen,FALSE
photograph,FALSE
manuscript,FALSE
host,TRUE
regulation,TRUE
electronic,TRUE
income,FALSE
capital,TRUE
cite,TRUE
shield,TRUE
preserve,TRUE
defend,TRUE
prohibit,FALSE
guard,TRUE
protect,TRUE
protect,TRUE
steal,TRUE
distort,FALSE
leak,TRUE
compromise,FALSE
capture,TRUE
abuse,FALSE
expose,TRUE
suppress,FALSE
exempt,FALSE
hide,TRUE
conceal,FALSE
interception,FALSE
violate,FALSE
threaten,FALSE
compromise,FALSE
effectiveness,FALSE
continuity,FALSE
authenticity,FALSE
secrecy,FALSE
revision,TRUE
variant,FALSE
proof,FALSE
continuation,FALSE
replica,FALSE
hypothesis,FALSE
app,FALSE
edit,TRUE
visit,FALSE
challenge,TRUE
disadvantage,FALSE
surprise,FALSE
enjoy,TRUE
prefer,TRUE
desire,TRUE
feel,TRUE
two,FALSE
old,FALSE
new,FALSE
high,FALSE
prime,FALSE
altitude,FALSE
elevation,FALSE
slope,FALSE
#,FALSE
rank,TRUE
penalty,FALSE
break,TRUE
candidate,FALSE
escape,FALSE
substitution,FALSE
answer,FALSE
between,FALSE
identify,TRUE
express,TRUE
composition,FALSE
say,TRUE
bell,FALSE
#,FALSE
compatible,FALSE
expectation,FALSE
metal,FALSE
green,FALSE
heat,FALSE
taylor,FALSE
belt,FALSE
pipe,FALSE
release,TRUE
convert,TRUE
supply,TRUE
transport,TRUE
pour,TRUE
put,TRUE
drawing,FALSE
block,TRUE
reward,FALSE
community,TRUE
economically,FALSE
encompasse,FALSE
governance,FALSE
member,FALSE
leader,FALSE
o,FALSE
certificate,FALSE
break,TRUE
FALSE,FALSE
miss,TRUE
#,FALSE
commitment,FALSE
overhaul,FALSE
centre,TRUE
focus,TRUE
modernization,FALSE
someone,FALSE
team,TRUE
engineer,TRUE
transform,TRUE
expand,TRUE
unknown,FALSE
high,FALSE
low,FALSE
extra,FALSE
great,FALSE
first,FALSE
low,FALSE
Reserve,FALSE
overall,FALSE
carrier,FALSE
reduce,TRUE
revoke,FALSE
waive,TRUE
exceed,TRUE
contexts,FALSE
mention,TRUE
phrase,FALSE
subject,TRUE
yes,FALSE
zero,FALSE
negative,FALSE
slight,FALSE
minor,FALSE
mistake,FALSE
positive,FALSE
think,TRUE
talk,FALSE
reason,TRUE
qualify,FALSE
assessment,TRUE
exchange,FALSE
census,FALSE
roll,TRUE
figure,TRUE
hand,TRUE
design,TRUE
enforce,TRUE
enforcement,FALSE
strengthen,FALSE
illegal,FALSE
harmful,FALSE
otherwise,FALSE
theft,FALSE
degradation,FALSE
injury,FALSE
sabotage,FALSE
attack,TRUE
diversion,FALSE
denial,FALSE
seizure,FALSE
suspension,FALSE
repression,FALSE
film,FALSE
retain,FALSE
voice,TRUE
image,TRUE
problem,TRUE
culture,FALSE
usually,FALSE
typically,FALSE
simply,FALSE
enterprise,FALSE
teach,TRUE
grant,TRUE
inform,TRUE
deny,TRUE
lend,TRUE
satellite,TRUE
protective,FALSE
#,FALSE
hundred,FALSE
young,FALSE
dozen,FALSE
ultimate,FALSE
triple,FALSE
evolution,FALSE
territory,FALSE
district,FALSE
province,FALSE
NGOs,FALSE
state,FALSE
county,FALSE
nation,FALSE
commodity,FALSE
optical,FALSE
source,TRUE
minute,FALSE
album,FALSE
game,TRUE
good,FALSE
music,FALSE
show,FALSE
world,TRUE
year,TRUE
#,FALSE
cell,TRUE
campus,FALSE
private,FALSE
mutual,FALSE
internal,FALSE
identity,TRUE
Custom,FALSE
personal,FALSE
confirm,FALSE
broker,FALSE
buyer,FALSE
solicitor,FALSE
inside,FALSE
behind,FALSE
feasible,FALSE
amendment,FALSE
stick,FALSE
appeal,FALSE
amend,TRUE
season,FALSE
Vol,FALSE
episode,FALSE
creator,FALSE
designer,FALSE
advocate,FALSE
editor,FALSE
supporter,FALSE
reader,TRUE
argue,TRUE
believe,TRUE
say,TRUE
suggest,TRUE
assert,TRUE
acknowledge,FALSE
apply,TRUE
meaning,TRUE
groundwater,FALSE
#,FALSE
susceptible,FALSE
vulnerable,FALSE
liable,FALSE
lead,TRUE
force,TRUE
stand,FALSE
#,FALSE
#,FALSE
#,FALSE
#,FALSE
hedge,FALSE
#,FALSE
qaeda,FALSE
Hussein,FALSE
arab,FALSE
Sheikh,FALSE
ul,FALSE
al,FALSE
terrorist,FALSE
Abbas,FALSE
Arabia,FALSE
Rahman,FALSE
branch,TRUE
robot,FALSE
deal,TRUE
#,FALSE
#,FALSE
#,FALSE
#,FALSE
#,FALSE
#,FALSE
#,FALSE
#,FALSE
intervention,FALSE
involvement,TRUE
consent,FALSE
permission,FALSE
spacecraft,FALSE
annually,FALSE
shipment,FALSE
engineering,FALSE
theory,FALSE
model,FALSE
tech,FALSE
h,FALSE
d,FALSE
garbage,FALSE
trace,TRUE
attribute,TRUE
tie,TRUE
#,FALSE
shell,FALSE
rock,FALSE
face,TRUE
stone,FALSE
mark,TRUE
verb,FALSE
degree,TRUE
initial,TRUE
variant,FALSE
dot,FALSE
comprehensive,FALSE
please,FALSE
template,FALSE
subscription,FALSE
#,FALSE
win,TRUE
administer,FALSE
logic,TRUE
ad,FALSE
cw,FALSE
er,FALSE
rpg,FALSE
momentum,FALSE
fee,FALSE
chicken,FALSE
horse,FALSE
typical,FALSE
m,FALSE
vice,FALSE
tran,FALSE
position,TRUE
erection,FALSE
powerful,FALSE
label,TRUE
deal,TRUE
\\,FALSE