step,TRUE
stage,TRUE
priority,FALSE
objective,TRUE
step,TRUE
task,TRUE
consideration,TRUE
phase,TRUE
purpose,TRUE
goal,TRUE
challenge,TRUE
step,TRUE
approach,TRUE
point,TRUE
problem,TRUE
analyze,TRUE
develop,TRUE
identify,TRUE
use,TRUE
evaluate,TRUE
design,TRUE
create,TRUE
integrate,TRUE
build,TRUE
select,TRUE
assess,TRUE
construct,TRUE
establish,TRUE
organize,TRUE
examine,TRUE
datum,TRUE
instrument,TRUE
instruction,TRUE
parameter,TRUE
tool,TRUE
experimental,FALSE
experiment,TRUE
reference,TRUE
instrumentation,FALSE
rule,TRUE
character,FALSE
skill,FALSE
model,TRUE
scale,TRUE
information,TRUE
#,FALSE
structure,TRUE
set,TRUE
base,TRUE
format,TRUE
#,FALSE
#,FALSE
set,TRUE
standard,TRUE
structure,TRUE
collection,TRUE
system,TRUE
type,TRUE
field,TRUE
include,TRUE
consider,TRUE
define,TRUE
identify,TRUE
describe,TRUE
use,TRUE
specify,TRUE
determine,TRUE
provide,TRUE
incorporate,TRUE
integrate,TRUE
list,TRUE
establish,TRUE
combine,TRUE
analyze,TRUE
object,TRUE
element,TRUE
component,TRUE
unit,TRUE
parameter,TRUE
phenomenon,TRUE
property,TRUE
particle,TRUE
feature,TRUE
system,TRUE
instrument,TRUE
entity,TRUE
quantity,TRUE
make,TRUE
make,TRUE
make,TRUE
make,TRUE
take,TRUE
back,TRUE
build,TRUE
head,TRUE
power,TRUE
light,TRUE
form,TRUE
build,TRUE
line,TRUE
take,TRUE
database,TRUE
network,TRUE
program,TRUE
complex,TRUE
mission,TRUE
project,TRUE
payload,TRUE
group,TRUE
equipment,TRUE
apparatus,FALSE
device,TRUE
tool,TRUE
material,TRUE
item,TRUE
research,TRUE
purpose,TRUE
investigation,TRUE
application,TRUE
analysis,TRUE
study,TRUE
experiment,TRUE
work,TRUE
operation,TRUE
observation,TRUE
investigation,TRUE
#,FALSE
#,FALSE
#,FALSE
#,FALSE
#,FALSE
#,FALSE
#,FALSE
#,FALSE
#,FALSE
#,FALSE
#,FALSE
#,FALSE
satellite,TRUE
#,FALSE
processing,TRUE
transfer,TRUE
management,TRUE
quality,TRUE
acquisition,TRUE
access,TRUE
#,FALSE
entry,TRUE
conversion,FALSE
infrastructure,TRUE
storage,TRUE
transmission,TRUE
use,TRUE
responsible,FALSE
requirement,TRUE
specification,TRUE
standard,TRUE
option,FALSE
facility,TRUE
method,TRUE
interface,TRUE
function,TRUE
require,TRUE
handle,TRUE
include,TRUE
store,TRUE
compute,TRUE
manage,TRUE
monitor,TRUE
maintain,TRUE
combine,TRUE
provide,TRUE
sensor,TRUE
image,TRUE
software,TRUE
sensor,TRUE
hardware,TRUE
spacecraft,TRUE
measurement,TRUE
service,TRUE
other,TRUE
satellite,TRUE
gps,FALSE
orbit,TRUE
imagery,FALSE
mission,TRUE
summarize,TRUE
present,TRUE
list,TRUE
describe,TRUE
give,TRUE
show,TRUE
discuss,TRUE
detail,TRUE
illustrate,TRUE
explain,TRUE
outline,TRUE
define,TRUE
provide,TRUE
cover,TRUE
express,TRUE
section,TRUE
article,TRUE
section,TRUE
article,TRUE
§,TRUE
table,TRUE
#,FALSE
#,FALSE
#,FALSE
#,FALSE
#,FALSE
support,TRUE
control,TRUE
station,TRUE
#,FALSE
computer,TRUE
base,TRUE
track,TRUE
intelligence,TRUE
center,TRUE
component,TRUE
platform,TRUE
centre,TRUE
team,TRUE
unit,TRUE
division,TRUE
link,TRUE
source,TRUE
supply,TRUE
deliver,TRUE
add,TRUE
offer,TRUE
present,TRUE
bring,TRUE
contribute,TRUE
give,TRUE
send,TRUE
develop,TRUE
image,TRUE
advance,FALSE
signal,TRUE
scientific,FALSE
additional,FALSE
statistical,FALSE
spatial,FALSE
word,TRUE
central,FALSE
flow,TRUE
capability,TRUE
capability,TRUE
resource,TRUE
assistance,TRUE
guidance,TRUE
functionality,TRUE
technique,TRUE
report,TRUE
solution,TRUE
algorithm,TRUE
recommendation,TRUE
ground,TRUE
launch,TRUE
development,TRUE
science,TRUE
engineering,TRUE
space,TRUE
crew,FALSE
team,TRUE
vehicle,TRUE
module,TRUE
activity,TRUE
Mars,FALSE
NASA,FALSE
formerly,FALSE
earth,FALSE
science,FALSE
#,FALSE
#,FALSE
#,FALSE
#,FALSE
#,FALSE
preparation,TRUE
Antarctica,FALSE
prepare,TRUE
conjunction,TRUE
return,TRUE
time,TRUE
readiness,TRUE
particular,FALSE
Australia,FALSE
Canada,FALSE
portion,FALSE
phase,TRUE
flight,TRUE
part,TRUE
segment,FALSE
phase,TRUE
test,TRUE
,FALSE
campaign,FALSE
project,FALSE
for,FALSE
hydrogen,FALSE
million,FALSE
#,FALSE
#,FALSE
#,FALSE
#,FALSE
atom,TRUE
#,FALSE
electron,TRUE
ion,TRUE
gas,TRUE
#,FALSE
#,FALSE
energy,TRUE
nuclei,TRUE
#,FALSE
#,FALSE
carrier,FALSE
molecule,TRUE
compound,FALSE
protein,FALSE
substance,FALSE
cluster,FALSE
surface,TRUE
basis,TRUE
energy,TRUE
frequency,FALSE
pH,FALSE
size,TRUE
wavelength,TRUE
temperature,TRUE
distance,TRUE
voltage,FALSE
power,TRUE
order,TRUE
number,TRUE
pressure,TRUE
concentration,TRUE
charge,TRUE
range,TRUE
band,TRUE
limit,TRUE
spectrum,TRUE
level,TRUE
state,TRUE
threshold,TRUE
region,TRUE
zone,FALSE
distribution,TRUE
class,TRUE
density,TRUE
element,TRUE
block,FALSE
object,TRUE
entity,TRUE
representation,FALSE
node,TRUE
pair,TRUE
variable,TRUE
record,TRUE
array,FALSE
treat,FALSE
represent,TRUE
know,TRUE
consider,TRUE
interpret,TRUE
analyze,TRUE
store,TRUE
process,TRUE
view,TRUE
classify,TRUE
structure,TRUE
logic,TRUE
code,TRUE
logical,FALSE
memory,TRUE
value,TRUE
command,TRUE
term,TRUE
reason,TRUE
ease,TRUE
reason,TRUE
frame,TRUE
convenience,FALSE
freedom,TRUE
matter,TRUE
issue,TRUE
point,TRUE
document,TRUE
word,TRUE
comparison,TRUE
classification,TRUE
search,TRUE
identification,TRUE
purchase,FALSE
transport,TRUE
transportation,TRUE
usage,TRUE
reproduction,FALSE
list,TRUE
search,TRUE
navigation,FALSE
include,TRUE
find,TRUE
display,TRUE
publish,TRUE
follow,TRUE
precede,TRUE
adjacent,FALSE
follow,TRUE
accompany,FALSE
correspond,FALSE
relevant,FALSE
follow,TRUE
associate,TRUE
previous,FALSE
individual,FALSE
main,FALSE
table,TRUE
page,TRUE
sometimes,FALSE
also,FALSE
also,FALSE
often,FALSE
usually,FALSE
when,FALSE
often,FALSE
sometimes,FALSE
first,FALSE
reason,TRUE
problem,TRUE
analysis,TRUE
theory,TRUE
problem,TRUE
reason,TRUE
deal,TRUE
logic,TRUE
problem,TRUE
deal,TRUE
action,TRUE
text,TRUE
english,FALSE
note,TRUE
italic,FALSE
index,TRUE
bracket,FALSE
illustration,FALSE
translation,TRUE
see,TRUE
see,TRUE
except,FALSE
note,TRUE
figure,FALSE
figure,TRUE
table,TRUE
note,TRUE
page,TRUE
paragraph,TRUE
many,FALSE
still,FALSE
significant,FALSE
legal,FALSE
several,FALSE
ethical,FALSE
serious,FALSE
various,FALSE
certain,FALSE
important,FALSE
numerous,FALSE
concern,TRUE
law,TRUE
restriction,TRUE
regulation,TRUE
right,TRUE
policy,TRUE
rule,TRUE
question,TRUE
dispute,FALSE
challenge,TRUE
case,TRUE
claim,TRUE
relate,TRUE
relate,TRUE
pertain,TRUE
due,FALSE
relative,FALSE
connect,TRUE
link,TRUE
tie,TRUE
lead,TRUE
regard,TRUE
unrelated,FALSE
sensitive,FALSE
applicable,FALSE
property,TRUE
#,FALSE
material,TRUE
asset,TRUE
estate,FALSE
privacy,TRUE
disability,FALSE
good,TRUE
disability,FALSE
record,TRUE
fact,TRUE
technology,TRUE
knowledge,TRUE
file,TRUE
technology,TRUE
patent,TRUE
security,TRUE
release,TRUE
play,TRUE
sign,TRUE
hold,TRUE
determine,TRUE
announce,TRUE
complete,TRUE
replace,TRUE
award,TRUE
reach,TRUE
elect,TRUE
#,FALSE
datum,FALSE
system,FALSE
#,FALSE
design,FALSE
development,FALSE
architecture,FALSE
information,FALSE
integration,FALSE
management,FALSE
design,TRUE
technical,FALSE
designer,FALSE
engineering,FALSE
classification,FALSE
reference,FALSE
update,TRUE
issue,TRUE
available,FALSE
deliver,TRUE
develop,TRUE
produce,TRUE
download,TRUE
finalize,FALSE
adopt,TRUE
revise,FALSE
submit,TRUE
version,TRUE
result,TRUE
report,TRUE
version,TRUE
specification,TRUE
approval,TRUE
update,TRUE
release,TRUE
draft,TRUE
documentation,TRUE
date,TRUE
30,FALSE
20,FALSE
10,FALSE
read,TRUE
include,TRUE
state,TRUE
#,FALSE
contain,TRUE
read,TRUE
contain,TRUE
state,TRUE
say,TRUE
follow,TRUE
list,TRUE
say,TRUE
the,FALSE
some,FALSE
key,FALSE
other,FALSE
common,FALSE
additional,FALSE
these,FALSE
test,TRUE
general,FALSE
typical,FALSE
all,FALSE
mathematical,FALSE
research,TRUE
two,FALSE
level,TRUE
criterion,TRUE
factor,TRUE
condition,TRUE
class,TRUE
category,TRUE
specify,TRUE
mention,TRUE
book,TRUE
edition,TRUE
category,TRUE
mass,TRUE
weight,TRUE
force,TRUE
magnetic,FALSE
equivalent,FALSE
#,FALSE
chemical,FALSE
fraction,FALSE
change,TRUE
change,TRUE
difference,TRUE
atomic,FALSE
electric,FALSE
positive,FALSE
nominal,FALSE
total,FALSE
metallic,FALSE
molecular,FALSE
negative,FALSE
surface,TRUE
nuclear,FALSE
specific,FALSE
electrical,FALSE
electron,TRUE
length,FALSE
volume,TRUE
area,TRUE
magnitude,FALSE
cell,FALSE
nucleus,FALSE
square,FALSE
p,TRUE
v,FALSE
kg,FALSE
q,FALSE
mg,FALSE
n,FALSE
j,FALSE
t,FALSE
new,FALSE
two,FALSE
three,FALSE
file,TRUE
core,TRUE
result,TRUE
separate,FALSE
propose,TRUE
digital,FALSE
type,TRUE
stream,TRUE
format,TRUE
pair,TRUE
sheet,FALSE
combine,TRUE
group,TRUE
package,TRUE
organize,TRUE
divide,TRUE
integrate,TRUE
collect,TRUE
compile,TRUE
separate,TRUE
put,TRUE
incorporate,TRUE
convert,TRUE
consolidated,FALSE
sort,TRUE
merge,TRUE
package,TRUE
container,FALSE
folder,FALSE
stack,FALSE
configuration,TRUE
bundle,FALSE
box,FALSE
call,TRUE
designate,FALSE
name,TRUE
term,TRUE
abbreviate,FALSE
brand,TRUE
refer,TRUE
label,TRUE
identify,TRUE
market,TRUE
cost,TRUE
cost,TRUE
issue,TRUE
controversy,FALSE
uncertainty,FALSE
complexity,TRUE
importance,FALSE
difficulty,TRUE
risk,TRUE
concern,TRUE
consistent,FALSE
charge,TRUE
satisfy,TRUE
compatible,FALSE
along,FALSE
deal,TRUE
involve,TRUE
agree,TRUE
agree,TRUE
compliance,TRUE
operation,TRUE
installation,TRUE
deployment,TRUE
implementation,TRUE
maintenance,TRUE
construction,TRUE
introduction,FALSE
establishment,TRUE
adoption,TRUE
creation,TRUE
availability,TRUE
completion,TRUE
defence,FALSE
defense,TRUE
surveillance,TRUE
radar,TRUE
communication,TRUE
recorder,FALSE
example,TRUE
chart,TRUE
example,TRUE
discussion,FALSE
equation,FALSE
application,TRUE
Signal,FALSE
word,TRUE
event,TRUE
process,TRUE
food,TRUE
its,FALSE
business,TRUE
far,FALSE
this,FALSE
print,FALSE
protection,TRUE
mining,TRUE
integration,TRUE
recovery,TRUE
share,TRUE
product,TRUE
meet,TRUE
satisfy,TRUE
fulfill,TRUE
fit,TRUE
implement,TRUE
address,TRUE
match,TRUE
cover,TRUE
accommodate,FALSE
suit,TRUE
reflect,TRUE
minimum,FALSE
technical,FALSE
operational,FALSE
functional,FALSE
basic,FALSE
regulatory,FALSE
statutory,FALSE
license,TRUE
general,FALSE
report,TRUE
objective,TRUE
need,TRUE
goal,TRUE
requirement,TRUE
guideline,TRUE
obligation,TRUE
schedule,TRUE
responsibility,TRUE
target,TRUE
advance,TRUE
addition,TRUE
place,TRUE
order,TRUE
effort,TRUE
detail,TRUE
order,TRUE
full,FALSE
ensure,TRUE
achieve,TRUE
enable,TRUE
perform,TRUE
service,TRUE
obtain,TRUE
user,TRUE
different,FALSE
principal,FALSE
major,FALSE
respective,FALSE
public,FALSE
four,FALSE
current,FALSE
number,TRUE
value,TRUE
language,TRUE
variable,TRUE
group,TRUE
symbol,TRUE
figure,TRUE
weight,TRUE
activate,FALSE
launch,TRUE
effective,FALSE
instal,TRUE
execute,TRUE
fly,TRUE
implement,TRUE
work,TRUE
thing,TRUE
essay,FALSE
play,FALSE
book,TRUE
poem,FALSE
specie,FALSE
right,FALSE
work,TRUE
song,FALSE
feature,FALSE
story,FALSE
goal,TRUE
law,TRUE
note,TRUE
source,TRUE
source,TRUE
specifically,FALSE
currently,FALSE
2014,FALSE
2009,FALSE
2013,FALSE
2015,FALSE
2011,FALSE
2012,FALSE
a,FALSE
high,FALSE
multi,FALSE
b,TRUE
top,FALSE
three,FALSE
c,TRUE
entry,FALSE
sub,FALSE
low,FALSE
multi,FALSE
wide,FALSE
level,TRUE
approve,TRUE
base,TRUE
fund,TRUE
goal,FALSE
challenge,FALSE
assessment,FALSE
target,FALSE
target,TRUE
program,FALSE
mission,FALSE
Model,FALSE
fulfil,FALSE
supplement,TRUE
supersede,FALSE
address,TRUE
meet,TRUE
extend,TRUE
apply,TRUE
formulation,TRUE
publication,TRUE
production,TRUE
draft,TRUE
execution,TRUE
evaluation,TRUE
delivery,TRUE
application,TRUE
ship,TRUE
Commission,FALSE
committee,FALSE
secretary,FALSE
Act,FALSE
commissioner,FALSE
committee,TRUE
laboratory,FALSE
council,FALSE
FDA,FALSE
panel,FALSE
commission,FALSE
agency,FALSE
court,TRUE
standard,FALSE
investigate,FALSE
examine,TRUE
assess,TRUE
complementary,FALSE
primary,FALSE
backup,FALSE
essential,FALSE
appropriate,FALSE
redundant,FALSE
proprietary,FALSE
source,TRUE
center,TRUE
field,TRUE
collection,TRUE
process,TRUE
aspect,TRUE
tasked,FALSE
capable,FALSE
assist,TRUE
entrust,FALSE
engage,TRUE
deliver,TRUE
produce,TRUE
generate,TRUE
collect,TRUE
transmit,TRUE
present,TRUE
content,TRUE
resource,TRUE
environment,TRUE
process,TRUE
role,TRUE
task,TRUE
power,TRUE
mechanism,TRUE
procedure,TRUE
#,FALSE
within,FALSE
among,FALSE
involve,TRUE
concern,TRUE
connect,TRUE
affect,TRUE
program,TRUE
item,TRUE
condition,TRUE
provision,TRUE
question,TRUE
case,TRUE
statement,TRUE
clause,TRUE
proposition,TRUE
section,TRUE
schedule,TRUE
part,FALSE
rule,FALSE
chapter,TRUE
procedure,TRUE
formula,FALSE
letter,TRUE
d,FALSE
employ,TRUE
perform,TRUE
take,TRUE
test,TRUE
follow,TRUE
choose,TRUE
select,TRUE
establish,TRUE
do,TRUE
verify,TRUE
show,TRUE
prove,TRUE
confirm,TRUE
assure,TRUE
demonstrate,TRUE
indicate,TRUE
check,TRUE
find,TRUE
conclude,FALSE
criterion,TRUE
request,TRUE
demand,TRUE
pass,TRUE
violate,FALSE
verify,TRUE
one,FALSE
weather,FALSE
aircraft,TRUE
aviation,FALSE
performance,TRUE
military,TRUE
plan,TRUE
logistic,FALSE
detail,TRUE
statistic,TRUE
#,FALSE
combat,TRUE
attack,TRUE
training,TRUE
operate,TRUE
centre,TRUE
chapter,TRUE
volume,TRUE
page,TRUE
book,FALSE
version,TRUE
article,TRUE
number,TRUE
provide,TRUE
require,TRUE
give,TRUE
use,TRUE
present,TRUE
add,TRUE
incorporate,TRUE
cover,TRUE
offer,TRUE
provision,TRUE
instruction,TRUE
principle,TRUE
direction,TRUE
reference,TRUE
definition,TRUE
aid,TRUE
help,TRUE
assist,TRUE
aid,TRUE
apply,TRUE
interest,TRUE
useful,FALSE
interpretation,TRUE
understand,TRUE
write,TRUE
definition,TRUE
matter,TRUE
#,FALSE
#,FALSE
pdf,FALSE
rom,FALSE
UK,FALSE
cd,FALSE
USA,FALSE
file,FALSE
US,FALSE
ID,FALSE
report,FALSE
s,FALSE
EP,FALSE
1,FALSE
comprise,TRUE
publish,TRUE
#,FALSE
customer,TRUE
company,TRUE
contract,TRUE
contractor,FALSE
client,TRUE
vendor,FALSE
firm,FALSE
server,TRUE
supplier,FALSE
involve,TRUE
contain,TRUE
comprise,TRUE
require,TRUE
mean,TRUE
constitute,TRUE
variety,TRUE
combination,TRUE
subset,FALSE
kind,TRUE
series,TRUE
optional,FALSE
topic,TRUE
area,TRUE
like,FALSE
via,FALSE
high,FALSE
low,FALSE
sub,TRUE
top,FALSE
mid,FALSE
side,FALSE
independent,FALSE
dependent,FALSE
aware,FALSE
orient,TRUE
focus,TRUE
document,TRUE
audit,TRUE
plan,TRUE
notice,TRUE
single,FALSE
satisfaction,FALSE
authorization,FALSE
response,TRUE
relationship,TRUE
contact,FALSE
commitment,FALSE
experience,TRUE
function,TRUE
mean,TRUE
title,TRUE
Band,FALSE
consortium,FALSE
group,FALSE
organization,TRUE
agreement,TRUE
engineer,TRUE
maintain,TRUE
produce,TRUE
select,TRUE
noise,FALSE
emission,TRUE
thrust,FALSE
error,TRUE
emission,TRUE
impact,TRUE
load,TRUE
risk,TRUE
stress,FALSE
interchange,FALSE
engine,TRUE
algorithm,TRUE
utilize,TRUE
deploy,TRUE
usable,FALSE
maintain,TRUE
assembly,TRUE
assessment,TRUE
testing,TRUE
characterization,FALSE
measurement,TRUE
separation,FALSE
certification,TRUE
simulation,TRUE
diagnostic,FALSE
test,TRUE
carry,TRUE
operate,TRUE
utilize,TRUE
support,TRUE
house,TRUE
multitude,FALSE
host,TRUE
suite,TRUE
couple,TRUE
selection,FALSE
camera,FALSE
model,TRUE
detect,TRUE
measure,TRUE
track,TRUE
monitor,TRUE
study,TRUE
observe,TRUE
sense,TRUE
capture,TRUE
scan,TRUE
charge,TRUE
oxygen,FALSE
neutral,FALSE
carbon,TRUE
nitrogen,FALSE
ion,TRUE
#,FALSE
force,TRUE
temperature,TRUE
radiation,FALSE
interaction,FALSE
environment,TRUE
atmosphere,TRUE
#,FALSE
#,FALSE
gram,FALSE
m,FALSE
billion,FALSE
#,FALSE
#,FALSE
solar,FALSE
#,FALSE
kinetic,FALSE
#,FALSE
concentration,TRUE
abundance,FALSE
#,FALSE
masse,FALSE
flux,FALSE
beam,FALSE
mobility,FALSE
heat,TRUE
depth,TRUE
absorption,FALSE
ratio,FALSE
#,FALSE
#,FALSE
spectral,FALSE
resolution,FALSE
upper,FALSE
absolute,FALSE
sensitivity,TRUE
constant,FALSE
domain,TRUE
factor,TRUE
regime,TRUE
address,TRUE
involve,TRUE
facility,TRUE
basis,TRUE
date,TRUE
budget,TRUE
website,TRUE
licence,FALSE
license,TRUE
site,TRUE
serve,TRUE
meet,TRUE
financial,FALSE
accordance,TRUE
comply,TRUE
#,FALSE
#,FALSE
year,TRUE
se,FALSE
coordination,TRUE
supplement,TRUE
exceed,TRUE
meet,TRUE
personnel,FALSE
initial,FALSE
retention,FALSE
integrity,TRUE
limit,TRUE
limitation,TRUE
constraint,TRUE
prescribe,FALSE
stage,FALSE
Protocol,FALSE
member,TRUE
district,FALSE
party,TRUE
constituency,TRUE
column,FALSE
winner,FALSE
season,FALSE
candidate,FALSE
club,FALSE
bus,TRUE
stream,TRUE
#,FALSE
drive,TRUE
driver,FALSE
design,TRUE
able,FALSE
intend,TRUE
allow,TRUE
guarantee,TRUE
expect,TRUE
permit,TRUE
mean,TRUE
suppose,FALSE
likely,FALSE
possible,FALSE
program,TRUE
operate,TRUE
exist,TRUE
run,TRUE
communicate,TRUE
reside,FALSE
originate,FALSE
occur,TRUE
travel,TRUE
lie,TRUE
execute,TRUE
live,TRUE
mode,TRUE
location,TRUE
direction,FALSE
way,TRUE
device,TRUE
dimension,FALSE
country,TRUE
medium,TRUE
channel,FALSE
none,FALSE
consider,TRUE
understanding,FALSE
on,FALSE
show,TRUE
show,TRUE
know,TRUE
learn,FALSE
probability,FALSE
transaction,TRUE
situation,FALSE
product,TRUE
quantity,TRUE
tailor,FALSE
add,TRUE
compare,TRUE
assign,TRUE
adapt,TRUE
attach,FALSE
similar,FALSE
future,FALSE
business,TRUE
special,FALSE
#,FALSE
#,FALSE
#,FALSE
community,TRUE
#,FALSE
#,FALSE
#,FALSE
government,FALSE
user,TRUE
#,FALSE
people,TRUE
it,FALSE
international,FALSE
local,FALSE
entire,FALSE
online,FALSE
academic,FALSE
professional,FALSE
global,FALSE
internet,TRUE
department,TRUE
staff,FALSE
teacher,FALSE
lab,FALSE
faculty,FALSE
director,FALSE
student,TRUE
professor,FALSE
student,TRUE
institute,FALSE
premise,FALSE
go,TRUE
screen,FALSE
campus,FALSE
planet,TRUE
board,FALSE
premise,FALSE
disk,FALSE
shelf,FALSE
exposure,FALSE
input,TRUE
attention,TRUE
status,TRUE
contribution,FALSE
respect,FALSE
contribution,FALSE
responsibility,TRUE
project,TRUE
be,FALSE
team,TRUE
not,FALSE
be,FALSE
name,FALSE
if,FALSE
be,FALSE
indicate,TRUE
denote,TRUE
use,TRUE
define,TRUE
include,TRUE
represent,TRUE
give,TRUE
find,TRUE
non,FALSE
semi,FALSE
Non,FALSE
quasi,FALSE
pseudo,FALSE
y,FALSE
brand,FALSE
near,FALSE
bi,FALSE
context,TRUE
#,FALSE
nuclear,FALSE
#,FALSE
#,FALSE
#,FALSE
#,FALSE
#,FALSE
#,FALSE
use,TRUE
atom,TRUE
metal,FALSE
gas,TRUE
silicon,FALSE
sodium,FALSE
iron,FALSE
sulfur,FALSE
uranium,FALSE
open,FALSE
fuel,FALSE
h,FALSE
aluminium,FALSE
mass,FALSE
in,FALSE
bond,FALSE
respectively,FALSE
#,FALSE
warehouse,FALSE
library,TRUE
module,TRUE
supply,TRUE
equip,FALSE
certify,FALSE
efficiency,TRUE
accuracy,TRUE
precision,FALSE
speed,TRUE
reliability,TRUE
flexibility,FALSE
productivity,FALSE
consideration,TRUE
decision,TRUE
align,TRUE
interfere,FALSE
inconsistent,FALSE
conflict,TRUE
overall,FALSE
high,FALSE
it,FALSE
they,FALSE
we,FALSE
engineer,TRUE
you,FALSE
he,FALSE
she,FALSE
researcher,TRUE
submit,TRUE
transmit,TRUE
assign,TRUE
delegate,FALSE
distribute,TRUE
numerical,FALSE
sophisticated,FALSE
expertise,FALSE
exchange,FALSE
mind,FALSE
parallel,FALSE
India,FALSE
final,FALSE
next,FALSE
orbital,FALSE
subsequent,FALSE
environmental,FALSE
atmospheric,FALSE
trajectory,FALSE
gather,TRUE
generation,FALSE
flight,TRUE
framework,TRUE
fee,FALSE
necessary,FALSE
computational,FALSE
consultation,FALSE
collaboration,TRUE
#,FALSE
deal,TRUE
principle,FALSE
rule,TRUE
word,TRUE
program,FALSE
system,FALSE
language,TRUE
part,FALSE
operation,FALSE
programming,TRUE
plural,FALSE
dual,FALSE
simple,FALSE
singular,FALSE
clear,FALSE
abstract,FALSE
continuous,FALSE
definite,FALSE
universal,FALSE
informal,FALSE
explicit,FALSE
distinct,FALSE
output,TRUE
sample,TRUE
event,TRUE
video,TRUE
sample,TRUE
input,TRUE
transform,TRUE
translate,TRUE
turn,TRUE
SAS,FALSE
abs,FALSE
NAS,FALSE
era,FALSE
iso,TRUE
as,FALSE
NSA,FALSE
SBS,FALSE
NFC,FALSE
API,FALSE
ARIA,FALSE
NRL,FALSE
MAC,FALSE
AMC,FALSE
create,TRUE
construct,TRUE
extract,TRUE
generate,TRUE
retrieve,TRUE
interpret,TRUE
store,TRUE
view,TRUE
filter,FALSE
calculate,TRUE
get,TRUE
recover,FALSE
collect,TRUE
finding,TRUE
observation,TRUE
signal,TRUE
return,TRUE
#,FALSE
performance,TRUE
experimental,FALSE
image,TRUE
software,TRUE
computer,TRUE
or,FALSE
testing,TRUE
cpu,TRUE
maintenance,TRUE
control,TRUE
evaluation,TRUE
any,FALSE
collect,TRUE
an,FALSE
electronic,FALSE
laboratory,TRUE
evidence,TRUE
obtain,TRUE
accumulate,FALSE
gather,TRUE
acquire,FALSE
generate,TRUE
directly,FALSE
gain,TRUE
record,TRUE
receive,TRUE
need,TRUE
inspection,FALSE
review,TRUE
repair,FALSE
isolation,FALSE
modification,TRUE
optimization,FALSE
adjustment,FALSE
speciman,FALSE
name,TRUE
child,FALSE
solution,TRUE
car,FALSE
person,TRUE
verb,FALSE
unknown,FALSE
ask,TRUE
center,FALSE
building,FALSE
service,FALSE
center,FALSE
centre,FALSE
manager,FALSE
officer,FALSE
name,TRUE
equation,FALSE
line,TRUE
entry,TRUE
letter,TRUE
column,FALSE
belong,TRUE
accord,TRUE
belong,TRUE
correspond,TRUE
belong,TRUE
refer,TRUE
belong,TRUE
contribute,TRUE
allocate,TRUE
architecture,TRUE
interface,TRUE
layout,FALSE
content,TRUE
title,TRUE
language,TRUE
acronym,FALSE
symbol,TRUE
those,FALSE
name,TRUE
letter,FALSE
track,TRUE
article,TRUE
image,TRUE
line,TRUE
product,TRUE
material,TRUE
record,FALSE
property,TRUE
instrument,TRUE
model,TRUE
link,TRUE
similarity,TRUE
modification,TRUE
citation,FALSE
similarity,TRUE
relation,TRUE
suffix,FALSE
origin,TRUE
author,TRUE
author,TRUE
specie,FALSE
parent,FALSE
compare,TRUE
start,TRUE
start,TRUE
begin,TRUE
plan,TRUE
exact,FALSE
launch,TRUE
arrival,FALSE
departure,FALSE
programme,FALSE
method,TRUE
strategy,FALSE
duration,TRUE
day,TRUE
position,TRUE
designation,FALSE
destination,FALSE
characteristic,TRUE
benefit,TRUE
attribute,TRUE
together,FALSE
couple,TRUE
function,TRUE
chart,TRUE
#,FALSE
visual,FALSE
framework,FALSE
application,FALSE
lab,FALSE
computing,FALSE
library,FALSE
infrastructure,FALSE
methodology,TRUE
prepare,TRUE
write,TRUE
assemble,TRUE
Institute,FALSE
enter,TRUE
insert,TRUE
place,TRUE
deposit,TRUE
embed,TRUE
load,TRUE
import,FALSE
image,TRUE
message,TRUE
message,TRUE
speech,FALSE
calculate,TRUE
measure,TRUE
per,FALSE
summary,TRUE
fact,TRUE
2016,FALSE
conclusion,FALSE
contrast,FALSE
2017,FALSE
2010,FALSE
record,TRUE
preservation,TRUE
administration,TRUE
registration,FALSE
paper,TRUE
publication,TRUE
database,TRUE
journal,TRUE
month,TRUE
day,TRUE
hour,TRUE
year,TRUE
week,FALSE
minute,FALSE
second,FALSE
month,TRUE
hour,TRUE
year,TRUE
week,FALSE
day,TRUE
decade,TRUE
discovery,TRUE
inception,FALSE
submission,FALSE
manner,TRUE
population,TRUE
society,TRUE
audience,FALSE
profession,FALSE
industry,TRUE
community,TRUE
authority,TRUE
medium,TRUE
undertake,TRUE
conduct,TRUE
handle,TRUE
support,TRUE
oversee,FALSE
manage,TRUE
administer,FALSE
supervise,FALSE
facilitate,TRUE
initiate,TRUE
derive,TRUE
draw,TRUE
source,TRUE
extract,TRUE
extension,TRUE
alternative,TRUE
amendment,FALSE
expansion,FALSE
attachment,FALSE
upgrade,FALSE
advisor,FALSE
alternative,TRUE
answer,FALSE
adaptation,FALSE
describe,TRUE
outline,TRUE
discuss,TRUE
explain,TRUE
location,TRUE
site,TRUE
warn,FALSE
land,TRUE
formulate,TRUE
review,TRUE
tier,FALSE
implement,TRUE
extend,TRUE
establish,TRUE
need,TRUE
distribute,TRUE
communication,TRUE
layer,TRUE
overview,TRUE
outline,TRUE
examination,TRUE
explanation,TRUE
account,TRUE
arrangement,FALSE
concept,TRUE
form,TRUE
qualification,TRUE
qualification,TRUE
certificate,FALSE
statement,TRUE
decision,TRUE
determination,TRUE
set,TRUE
terminology,FALSE
law,TRUE
legislation,FALSE
code,FALSE
regulation,TRUE
act,TRUE
support,TRUE
•,FALSE
protection,TRUE
operation,TRUE
complete,FALSE
perform,TRUE
perform,TRUE
complete,FALSE
perform,TRUE
basic,FALSE
part,TRUE
portion,FALSE
machine,TRUE
reactor,FALSE
robot,FALSE
plant,FALSE
proper,FALSE
external,FALSE
adequate,FALSE
critical,FALSE
specialize,FALSE
supervision,FALSE
manual,FALSE
analytical,FALSE
detection,TRUE
setting,FALSE
measure,TRUE
#,FALSE
edition,TRUE
region,TRUE
volume,TRUE
library,TRUE
country,TRUE
department,TRUE
project,TRUE
regulation,TRUE
map,TRUE
circumstance,FALSE
govern,TRUE
guide,TRUE
permit,TRUE
affect,TRUE
regulate,FALSE
allow,TRUE
facilitate,TRUE
manufacture,FALSE
review,TRUE
decision,TRUE
select,FALSE
overall,FALSE
administrative,FALSE
direct,FALSE
health,TRUE
make,TRUE
improvement,FALSE
choice,FALSE
drawing,FALSE
error,TRUE
occur,TRUE
education,TRUE
grade,FALSE
organizational,FALSE
technological,FALSE
architectural,FALSE
school,FALSE
॥,FALSE
fee,FALSE
arrangement,FALSE
plan,TRUE
mm,FALSE
nm,FALSE
cm,FALSE
MHz,FALSE
min,FALSE
Hz,FALSE
#,FALSE
kHz,FALSE
#,FALSE
formal,FALSE
safety,TRUE
official,FALSE
incident,FALSE
complaint,FALSE
threat,TRUE
apply,TRUE
specifically,FALSE
company,TRUE
business,TRUE
organization,TRUE
firm,FALSE
website,TRUE
organisation,FALSE
vendor,FALSE
individual,TRUE
enterprise,TRUE
corporation,FALSE
manage,TRUE
handle,TRUE
install,FALSE
administer,FALSE
utilize,TRUE
receive,TRUE
airport,FALSE
app,FALSE
member,TRUE
majority,FALSE
employee,FALSE
participant,FALSE
officer,FALSE
rest,FALSE
leader,FALSE
graduate,FALSE
developer,FALSE
researcher,TRUE
association,TRUE
family,FALSE
busy,FALSE
occupy,FALSE
work,TRUE
familiar,FALSE
experience,TRUE
train,TRUE
java,FALSE
model,TRUE
extraction,FALSE
development,TRUE
ready,FALSE
course,FALSE
opportunity,FALSE
job,FALSE
position,TRUE
workshop,FALSE
layer,TRUE
stage,TRUE
variant,FALSE
piece,TRUE
package,TRUE
rocket,FALSE
attitude,FALSE
altitude,FALSE
velocity,FALSE
position,TRUE
transit,FALSE
cruise,FALSE
control,TRUE
controller,FALSE
indicator,FALSE
controller,FALSE
indicator,FALSE
carrier,TRUE
launcher,FALSE
protocol,TRUE
flaw,FALSE
bug,FALSE
#,FALSE
recommend,TRUE
reach,TRUE
fill,TRUE
result,TRUE
diagnosis,FALSE
validity,FALSE
identity,FALSE
proof,TRUE
hypothesis,TRUE
claim,TRUE
release,TRUE
update,FALSE
archive,TRUE
retrieve,TRUE
since,FALSE
0,FALSE
r,FALSE
2,FALSE
concept,TRUE
mean,TRUE
idea,TRUE
intent,FALSE
motivation,FALSE
philosophy,TRUE
story,FALSE
action,TRUE
policy,TRUE
proposal,TRUE
scheme,TRUE
chapter,TRUE
conservation,FALSE
horizon,FALSE
improve,TRUE
expand,TRUE
study,TRUE
utilize,TRUE
research,TRUE
change,TRUE
advance,TRUE
transform,TRUE
well,FALSE
automate,TRUE
late,FALSE
automation,FALSE
perfect,FALSE
archive,TRUE
create,TRUE
prepare,TRUE
style,FALSE
fashion,FALSE
scan,TRUE
publish,TRUE
display,TRUE
mapping,TRUE
be,FALSE
evaluate,TRUE
sentence,FALSE
term,TRUE
description,TRUE
substitute,FALSE
valid,FALSE
large,FALSE
centralize,FALSE
commercial,FALSE
remote,FALSE
national,FALSE
mobile,FALSE
secure,FALSE
penetrate,FALSE
break,TRUE
control,TRUE
execute,TRUE
encode,TRUE
prefix,FALSE
subject,FALSE
hierarchy,FALSE
denote,TRUE
emphasize,TRUE
suggest,TRUE
imply,TRUE
convey,TRUE
represent,TRUE
express,TRUE
#,FALSE
security,FALSE
access,FALSE
service,FALSE
resource,FALSE
#,FALSE
knowledge,FALSE
battery,FALSE
cable,TRUE
telephone,TRUE
radio,FALSE
transmitter,FALSE
switch,TRUE
printer,FALSE
phone,FALSE
receiver,FALSE
sheet,TRUE
cause,TRUE
pose,TRUE
reduce,TRUE
reveal,FALSE
introduce,TRUE
penalty,FALSE
damage,FALSE
taxis,FALSE
sanction,FALSE
liability,FALSE
harm,TRUE
damage,FALSE
payment,FALSE
life,TRUE
health,TRUE
person,TRUE
human,TRUE
human,TRUE
live,FALSE
land,TRUE
man,FALSE
cargo,FALSE
vehicle,TRUE
machinery,FALSE
installation,TRUE
government,TRUE
initiative,FALSE
feature,TRUE
interaction,TRUE
collaborate,FALSE
cooperation,FALSE
interact,FALSE
consulting,FALSE
coordinate,TRUE
engage,TRUE
network,TRUE
node,TRUE
chip,FALSE
design,TRUE
understand,TRUE
predict,TRUE
evaluate,TRUE
coordinate,TRUE
wireless,FALSE
packet,TRUE
quantum,FALSE
coefficient,FALSE
frequency,TRUE
indicate,TRUE
store,TRUE
flow,TRUE
unique,FALSE
integral,FALSE
fundamental,FALSE
period,TRUE
amount,TRUE
delay,TRUE
age,FALSE
labor,FALSE
leave,TRUE
allot,FALSE
remain,TRUE
begin,TRUE
conduct,TRUE
undergo,TRUE
undertake,TRUE
initiate,TRUE
accomplish,FALSE
continue,TRUE
commence,FALSE
finish,FALSE
survey,FALSE
assignment,FALSE
long,FALSE
maximum,FALSE
least,FALSE
long,FALSE
long,FALSE
publish,TRUE
feedback,FALSE
testimony,FALSE
answer,FALSE
medical,FALSE
scholarly,FALSE
astronomical,FALSE
press,TRUE
world,TRUE
professional,FALSE
sector,FALSE
agency,TRUE
laboratory,TRUE
populace,FALSE
reader,FALSE
public,FALSE
end,TRUE
come,TRUE
extend,TRUE
last,TRUE
remain,TRUE
pass,TRUE
time,TRUE
quarter,FALSE
week,FALSE
period,TRUE
death,FALSE
retirement,FALSE
run,TRUE
successful,FALSE
detect,TRUE
discover,TRUE
capture,TRUE
encounter,FALSE
cite,TRUE
note,TRUE
reference,TRUE
document,TRUE
preserve,TRUE
hold,TRUE
description,TRUE
history,TRUE
reality,FALSE
say,TRUE
transaction,TRUE
request,TRUE
state,TRUE
no,FALSE
become,TRUE
create,TRUE
constitute,TRUE
remain,TRUE
stability,FALSE
existence,TRUE
composition,FALSE
behavior,FALSE
survival,FALSE
division,FALSE
unit,FALSE
Police,FALSE
domain,TRUE
categorize,TRUE
organise,FALSE
similarly,FALSE
accordingly,FALSE
geographically,FALSE
separately,FALSE
bold,FALSE
xml,FALSE
grid,FALSE
alpha,FALSE
broad,FALSE
graphic,FALSE
instance,TRUE
simplicity,FALSE
multiple,FALSE
small,FALSE
reconstruct,FALSE
retrieve,TRUE
form,TRUE
actual,FALSE
exist,TRUE
desire,FALSE
original,FALSE
simulate,FALSE
theoretical,TRUE
measure,TRUE
calculation,FALSE
convert,TRUE
fit,TRUE
load,TRUE
translate,TRUE
edit,TRUE
put,TRUE
incorporate,TRUE
place,TRUE
encode,TRUE
merge,TRUE
sort,TRUE
info,TRUE
correct,FALSE
sequence,TRUE
frame,TRUE
feed,TRUE
generally,FALSE
list,FALSE
test,TRUE
qualification,TRUE
school,FALSE
practice,TRUE
training,TRUE
study,FALSE
examination,TRUE
teach,FALSE
MA,FALSE
exam,FALSE
phd,FALSE
degree,TRUE
world,TRUE
instance,TRUE
virtual,FALSE
machine,TRUE
scenario,FALSE
integrate,FALSE
internal,FALSE
enterprise,FALSE
advanced,FALSE
underlie,FALSE
individual,FALSE
explain,TRUE
explicitly,FALSE
organize,TRUE
key,FALSE
seven,FALSE
pattern,TRUE
enterprise,TRUE
human,FALSE
educational,FALSE
core,TRUE
major,FALSE
their,FALSE
education,TRUE
industry,TRUE
laptop,TRUE
telecommunication,FALSE
automotive,FALSE
electronic,TRUE
analog,FALSE
network,TRUE
industrial,FALSE
programming,TRUE
graphic,TRUE
accounting,FALSE
server,TRUE
internet,TRUE
multimedia,FALSE
voice,FALSE
obtain,TRUE
physical,FALSE
background,FALSE
assemble,TRUE
gather,TRUE
display,TRUE
enter,TRUE
file,TRUE
view,TRUE
release,TRUE
collection,FALSE
right,FALSE
helpful,FALSE
art,FALSE
evidence,TRUE
the,FALSE
and,FALSE
of,FALSE
to,FALSE
in,FALSE
#,FALSE
Database,FALSE
p,FALSE
f,FALSE
,FALSE
organ,FALSE
space,TRUE
building,TRUE
work,TRUE
fund,TRUE
identical,FALSE
2000,FALSE
#,FALSE
provider,FALSE
oversee,FALSE
lead,TRUE
routine,FALSE
National,FALSE
second,FALSE
next,FALSE
base,TRUE
28,FALSE
29,FALSE
23,FALSE
15,FALSE
14,FALSE
31,FALSE
21,FALSE
22,FALSE
27,FALSE
19,FALSE
award,FALSE
connection,TRUE
correspondence,FALSE
correlation,FALSE
relationship,TRUE
overlap,FALSE
distinction,FALSE
difference,TRUE
serve,TRUE
activity,TRUE
obligation,TRUE
infrare,FALSE
observe,FALSE
scatter,FALSE
optical,FALSE
fusion,FALSE
potential,FALSE
affinity,FALSE
band,TRUE
segment,TRUE
copy,FALSE
warrant,FALSE
deserve,FALSE
merit,TRUE
care,FALSE
permission,FALSE
treatment,TRUE
moment,FALSE
participate,FALSE
engage,TRUE
realization,FALSE
topic,TRUE
phenomenon,TRUE
impose,TRUE
Boeing,FALSE
Congress,FALSE
proposal,TRUE
observe,TRUE
omit,TRUE
repeat,FALSE
default,FALSE
propose,TRUE
comprehensive,FALSE
unify,FALSE
robust,FALSE
collaborative,FALSE
waste,FALSE
master,FALSE
allocation,FALSE
improve,TRUE
expense,FALSE
impact,TRUE
overhead,FALSE
correlate,FALSE
raw,FALSE
funding,FALSE
automatic,FALSE
#,FALSE
disposal,FALSE
achieve,TRUE
accomplish,TRUE
scope,FALSE
hour,TRUE
capacity,FALSE
indefinitely,FALSE
code,TRUE
digit,FALSE
search,TRUE
sequence,TRUE
map,TRUE
label,FALSE
end,TRUE
terminate,FALSE
start,TRUE
start,TRUE
zero,FALSE
center,TRUE
arrive,TRUE
value,TRUE
appear,TRUE
tend,TRUE
attempt,TRUE
seem,TRUE
fail,TRUE
locate,TRUE
mark,TRUE
label,TRUE
identify,TRUE
sr,FALSE
rf,FALSE
sms,FALSE
RS,FALSE
sp,FALSE
pr,FALSE
SC,FALSE
SAT,FALSE
consist,TRUE
formula,FALSE
bank,FALSE
receive,TRUE
deliver,TRUE
transport,TRUE
download,TRUE
manage,TRUE
handle,TRUE
generate,TRUE
transfer,TRUE
convert,TRUE
translate,TRUE
divide,TRUE
organize,TRUE
combine,TRUE
transform,TRUE
separate,TRUE
place,TRUE
load,TRUE
put,TRUE
split,FALSE
event,TRUE
#,FALSE
block,TRUE
box,FALSE
send,TRUE
export,FALSE
supply,TRUE
pass,TRUE
leave,TRUE
feed,TRUE
assign,TRUE
archive,TRUE
produce,TRUE
build,TRUE
display,TRUE
prepare,TRUE
develop,TRUE
maintain,TRUE
host,TRUE
release,TRUE
web,TRUE
cloud,FALSE
web,TRUE
browser,FALSE
enable,TRUE
accessible,FALSE
stream,TRUE
download,TRUE
presentation,FALSE
consumption,FALSE
broadcast,FALSE
view,TRUE
keep,TRUE
monitor,TRUE
idf,FALSE
ip,FALSE
ms,FALSE
forwards,FALSE
bring,TRUE
connect,TRUE
sell,TRUE
set,TRUE
haul,FALSE
stay,FALSE
last,TRUE
stand,TRUE
post,FALSE
#,FALSE
keep,TRUE
ii,FALSE
forward,FALSE
carry,TRUE
coverage,FALSE
ongoing,FALSE
whole,FALSE
protocol,TRUE
