approach,TRUE
process,TRUE
step,TRUE
model,TRUE
design,TRUE
configuration,TRUE
method,TRUE
algorithm,TRUE
implementation,TRUE
mechanism,TRUE
architecture,TRUE
technique,TRUE
protocol,TRUE
scheme,TRUE
solution,TRUE
integrate,TRUE
bring,TRUE
incorporate,FALSE
carry,TRUE
accommodate,FALSE
combine,TRUE
connect,TRUE
include,TRUE
satisfy,TRUE
transfer,TRUE
balance,FALSE
feed,FALSE
reduce,TRUE
fit,TRUE
introduce,TRUE
time,TRUE
world,TRUE
#,FALSE
space,FALSE
time,TRUE
place,TRUE
spatial,FALSE
life,TRUE
frequency,TRUE
speed,TRUE
language,TRUE
value,TRUE
temporal,FALSE
day,TRUE
clock,TRUE
load,TRUE
network,TRUE
traffic,TRUE
performance,TRUE
security,TRUE
power,TRUE
datum,TRUE
processing,TRUE
capacity,TRUE
hardware,TRUE
transport,FALSE
computational,FALSE
system,TRUE
information,TRUE
energy,FALSE
load,TRUE
resource,TRUE
need,TRUE
force,TRUE
operation,TRUE
requirement,TRUE
process,TRUE
demand,FALSE
burden,FALSE
unit,TRUE
task,TRUE
master,FALSE
local,FALSE
source,TRUE
central,FALSE
base,TRUE
main,FALSE
intermediate,FALSE
primary,FALSE
application,TRUE
physical,FALSE
virtual,FALSE
destination,FALSE
home,FALSE
layer,TRUE
state,TRUE
domain,TRUE
environment,TRUE
layer,TRUE
node,FALSE
node,FALSE
loop,TRUE
sector,FALSE
zone,FALSE
channel,TRUE
time,TRUE
mode,TRUE
rate,TRUE
non,FALSE
quasi,FALSE
semi,FALSE
anti,FALSE
pseudo,FALSE
ultra,FALSE
near,FALSE
less,FALSE
highly,FALSE
super,FALSE
sub,FALSE
quantum,FALSE
post,TRUE
constraint,TRUE
requirement,TRUE
application,TRUE
algorithm,FALSE
request,TRUE
free,FALSE
slave,FALSE
transmitter,FALSE
client,TRUE
high,FALSE
rich,FALSE
upper,FALSE
pure,FALSE
,FALSE
design,FALSE
research,FALSE
extension,FALSE
repair,FALSE
photography,FALSE
maintenance,TRUE
installation,TRUE
draw,FALSE
use,TRUE
use,TRUE
for,FALSE
provide,TRUE
provide,TRUE
use,TRUE
more,FALSE
require,TRUE
support,FALSE
include,TRUE
with,FALSE
only,FALSE
require,TRUE
include,TRUE
form,TRUE
method,TRUE
area,TRUE
mean,TRUE
aspect,TRUE
amount,TRUE
level,TRUE
use,TRUE
type,TRUE
amount,TRUE
capability,TRUE
availability,TRUE
estate,FALSE
scale,TRUE
term,TRUE
live,FALSE
reality,FALSE
area,TRUE
image,TRUE
signal,TRUE
word,FALSE
transaction,TRUE
video,TRUE
visual,FALSE
computer,TRUE
analytical,FALSE
document,TRUE
text,TRUE
event,TRUE
analysis,TRUE
gather,FALSE
collection,TRUE
mining,FALSE
collect,TRUE
extraction,FALSE
research,TRUE
search,TRUE
acquisition,FALSE
analyze,TRUE
record,TRUE
management,TRUE
share,TRUE
storage,TRUE
service,TRUE
automation,FALSE
activity,TRUE
functionality,TRUE
tool,TRUE
testing,TRUE
documentation,TRUE
technique,FALSE
software,TRUE
statistical,FALSE
interactive,FALSE
AI,FALSE
image,TRUE
mapping,FALSE
simulation,FALSE
automate,FALSE
database,TRUE
communication,TRUE
graphical,FALSE
link,TRUE
access,TRUE
feedback,FALSE
image,TRUE
insight,FALSE
backup,TRUE
insight,FALSE
solution,TRUE
support,TRUE
connectivity,FALSE
page,TRUE
part,TRUE
section,TRUE
table,TRUE
chapter,TRUE
article,TRUE
version,TRUE
volume,TRUE
figure,FALSE
page,TRUE
release,TRUE
note,TRUE
issue,TRUE
level,TRUE
step,TRUE
define,TRUE
describe,TRUE
outline,FALSE
cover,TRUE
detail,TRUE
establish,TRUE
contain,TRUE
address,TRUE
include,TRUE
give,TRUE
discuss,FALSE
set,TRUE
#,FALSE
#,FALSE
statement,TRUE
status,TRUE
structure,TRUE
nature,FALSE
level,TRUE
detail,FALSE
specification,TRUE
#,FALSE
definition,FALSE
service,TRUE
law,FALSE
Act,FALSE
work,TRUE
plan,TRUE
school,FALSE
committee,FALSE
council,FALSE
regiment,FALSE
contract,FALSE
program,TRUE
army,FALSE
constitution,FALSE
army,FALSE
subject,TRUE
title,FALSE
basis,TRUE
author,TRUE
content,TRUE
summary,FALSE
scope,FALSE
purpose,TRUE
content,TRUE
format,FALSE
begin,TRUE
result,TRUE
name,FALSE
section,TRUE
article,TRUE
standard,TRUE
example,FALSE
administrator,TRUE
user,TRUE
developer,TRUE
manager,TRUE
operator,TRUE
owner,FALSE
engineer,TRUE
provider,TRUE
user,FALSE
member,TRUE
administrator,TRUE
driver,FALSE
controller,TRUE
administrator,FALSE
officer,TRUE
give,TRUE
grant,TRUE
allow,TRUE
provide,TRUE
afford,FALSE
guarantee,TRUE
permit,TRUE
offer,TRUE
provide,TRUE
assure,FALSE
allow,TRUE
give,TRUE
control,TRUE
right,TRUE
access,TRUE
attention,FALSE
coverage,FALSE
exposure,FALSE
responsibility,TRUE
ownership,FALSE
freedom,TRUE
protection,TRUE
respect,FALSE
part,TRUE
element,TRUE
component,TRUE
portion,FALSE
feature,TRUE
sector,FALSE
section,TRUE
function,TRUE
phase,TRUE
part,TRUE
system,TRUE
internet,TRUE
business,FALSE
product,TRUE
ability,TRUE
option,TRUE
authority,TRUE
right,TRUE
capability,TRUE
flexibility,FALSE
discretion,FALSE
possibility,FALSE
opportunity,FALSE
potential,FALSE
grant,TRUE
request,TRUE
issue,TRUE
extend,TRUE
add,TRUE
award,FALSE
apply,TRUE
assign,TRUE
restrict,TRUE
restore,TRUE
acquire,FALSE
confirm,FALSE
release,TRUE
allow,TRUE
enforce,FALSE
receive,TRUE
deny,TRUE
maintain,TRUE
limit,TRUE
exercise,FALSE
execute,TRUE
verify,TRUE
terminate,FALSE
license,TRUE
permission,TRUE
permit,FALSE
contract,FALSE
grant,TRUE
patent,FALSE
privilege,TRUE
license,TRUE
authorization,TRUE
approval,FALSE
order,TRUE
user,TRUE
unit,TRUE
se,FALSE
session,FALSE
ship,FALSE
vendor,FALSE
customer,TRUE
case,TRUE
choice,FALSE
option,TRUE
command,TRUE
presence,FALSE
force,TRUE
priority,TRUE
two,FALSE
one,FALSE
#,FALSE
attempt,TRUE
order,TRUE
failure,TRUE
party,FALSE
input,TRUE
attack,FALSE
threat,FALSE
effort,FALSE
switch,TRUE
activate,FALSE
trigger,FALSE
contact,FALSE
stop,TRUE
open,TRUE
initiate,FALSE
call,TRUE
run,TRUE
create,TRUE
drive,TRUE
effect,TRUE
operation,TRUE
instruction,TRUE
action,TRUE
inability,FALSE
intention,FALSE
install,TRUE
set,TRUE
start,TRUE
remove,TRUE
specify,TRUE
implement,TRUE
new,FALSE
single,FALSE
fully,FALSE
final,FALSE
permanent,FALSE
separate,FALSE
completely,FALSE
complete,FALSE
permanently,FALSE
full,FALSE
compatible,FALSE
boot,TRUE
boot,TRUE
pack,FALSE
door,FALSE
head,FALSE
affect,TRUE
reduce,TRUE
increase,TRUE
create,TRUE
involve,TRUE
identify,TRUE
measure,TRUE
compare,TRUE
allow,TRUE
generate,TRUE
concern,TRUE
network,TRUE
device,TRUE
product,TRUE
material,TRUE
item,FALSE
equipment,TRUE
technology,TRUE
particular,FALSE
remote,FALSE
typical,FALSE
common,FALSE
different,FALSE
compute,TRUE
region,TRUE
group,TRUE
country,FALSE
topology,FALSE
usage,TRUE
location,TRUE
removal,FALSE
deployment,FALSE
placement,FALSE
size,TRUE
movement,FALSE
activation,FALSE
affect,TRUE
improve,TRUE
impact,TRUE
increase,TRUE
influence,FALSE
alter,FALSE
change,TRUE
enhance,FALSE
decrease,TRUE
low,TRUE
harm,FALSE
benefit,TRUE
damage,TRUE
disrupt,FALSE
network,FALSE
electrical,FALSE
internal,FALSE
net,FALSE
wireless,FALSE
total,FALSE
available,FALSE
overall,FALSE
redundant,FALSE
effective,FALSE
infrastructure,TRUE
bandwidth,FALSE
operational,FALSE
#,FALSE
complex,FALSE
sensitive,FALSE
specific,FALSE
safety,FALSE
important,FALSE
#,FALSE
characteristic,TRUE
#,FALSE
rule,TRUE
behavior,TRUE
limitation,TRUE
complexity,TRUE
action,TRUE
property,TRUE
decision,TRUE
risk,TRUE
measurement,TRUE
care,FALSE
value,TRUE
step,TRUE
path,TRUE
risk,TRUE
error,TRUE
route,TRUE
perform,TRUE
take,TRUE
initiate,FALSE
do,TRUE
execute,TRUE
make,TRUE
trigger,TRUE
direct,TRUE
implement,TRUE
undertake,FALSE
require,TRUE
assume,TRUE
cause,TRUE
release,TRUE
sensor,FALSE
processor,TRUE
mechanism,TRUE
program,TRUE
computer,TRUE
controller,TRUE
disk,TRUE
drive,TRUE
disk,TRUE
#,FALSE
copy,TRUE
copy,TRUE
#,FALSE
press,FALSE
surface,FALSE
patch,FALSE
limit,TRUE
file,TRUE
#,FALSE
#,FALSE
test,TRUE
development,TRUE
#,FALSE
freely,FALSE
technology,TRUE
instrument,TRUE
accessory,FALSE
determine,TRUE
specify,TRUE
consider,TRUE
establish,TRUE
increase,TRUE
improve,TRUE
device,TRUE
may,FALSE
mission,TRUE
connection,TRUE
fail,TRUE
respond,FALSE
comply,TRUE
interrupt,FALSE
crash,FALSE
exist,TRUE
appear,TRUE
react,TRUE
refuse,TRUE
survive,FALSE
continue,TRUE
proceed,FALSE
return,TRUE
try,TRUE
able,FALSE
commit,FALSE
begin,TRUE
agree,FALSE
need,TRUE
manage,TRUE
enough,FALSE
attempt,TRUE
failure,TRUE
call,TRUE
attack,FALSE
effort,FALSE
event,TRUE
warning,FALSE
update,TRUE
plan,TRUE
pre,FALSE
self,TRUE
quick,FALSE
auto,FALSE
fast,FALSE
de,FALSE
back,FALSE
counter,FALSE
un,FALSE
improvement,FALSE
defense,FALSE
help,TRUE
report,TRUE
response,TRUE
monitor,TRUE
modification,TRUE
preservation,FALSE
check,TRUE
destructive,FALSE
report,TRUE
diagnostic,FALSE
#,FALSE
instruction,TRUE
recommendation,FALSE
message,TRUE
number,TRUE
alert,FALSE
message,TRUE
card,TRUE
sheet,FALSE
letter,TRUE
warn,TRUE
note,TRUE
sequence,FALSE
list,TRUE
line,TRUE
issue,TRUE
send,TRUE
post,TRUE
place,TRUE
create,TRUE
write,TRUE
receive,TRUE
publish,TRUE
prepare,FALSE
produce,TRUE
change,TRUE
circumstance,FALSE
delay,FALSE
condition,TRUE
issue,TRUE
delay,FALSE
fault,TRUE
disruption,FALSE
perform,TRUE
conduct,TRUE
schedule,FALSE
make,TRUE
attend,FALSE
routine,FALSE
successful,FALSE
major,FALSE
critical,FALSE
temporary,FALSE
fail,TRUE
propose,TRUE
recommend,FALSE
essential,FALSE
necessary,FALSE
suggest,TRUE
intend,TRUE
expect,TRUE
plan,TRUE
desirable,FALSE
possible,FALSE
request,TRUE
knowledge,TRUE
rest,TRUE
output,TRUE
memory,TRUE
majority,FALSE
integrity,FALSE
underlie,FALSE
operate,TRUE
processor,TRUE
would,FALSE
must,FALSE
also,FALSE
shall,FALSE
could,FALSE
might,FALSE
connection,TRUE
port,TRUE
switch,TRUE
interface,TRUE
integration,TRUE
channel,TRUE
packet,TRUE
module,TRUE
platform,TRUE
array,TRUE
spectrum,FALSE
reliability,TRUE
stability,FALSE
accuracy,TRUE
consistency,FALSE
efficiency,FALSE
simplicity,FALSE
quality,TRUE
compatibility,FALSE
resolution,FALSE
fault,TRUE
error,TRUE
collision,FALSE
test,TRUE
noise,FALSE
loss,TRUE
low,FALSE
stress,FALSE
problem,TRUE
shock,FALSE
parameter,TRUE
address,TRUE
feature,TRUE
property,TRUE
code,TRUE
interface,TRUE
use,TRUE
combine,TRUE
process,TRUE
modify,TRUE
interpret,TRUE
design,TRUE
choose,TRUE
extend,TRUE
apply,TRUE
enable,TRUE
sufficient,FALSE
identify,TRUE
define,TRUE
determine,TRUE
establish,TRUE
find,TRUE
select,TRUE
give,TRUE
generate,TRUE
indicate,TRUE
represent,TRUE
prefix,FALSE
address,TRUE
path,TRUE
socket,FALSE
ip,FALSE
#,FALSE
#,FALSE
#,FALSE
#,FALSE
#,FALSE
#,FALSE
#,FALSE
base,TRUE
#,FALSE
#,FALSE
#,FALSE
host,TRUE
thus,FALSE
hence,FALSE
therefore,FALSE
potentially,FALSE
voice,TRUE
MAC,FALSE
voice,FALSE
route,TRUE
transmission,TRUE
packet,FALSE
switch,TRUE
switch,TRUE
number,TRUE
#,FALSE
terminal,FALSE
server,TRUE
junction,FALSE
core,TRUE
#,FALSE
assess,TRUE
identify,TRUE
track,TRUE
investigate,FALSE
evaluate,FALSE
review,TRUE
observe,TRUE
prevent,TRUE
recognize,FALSE
manage,TRUE
measure,TRUE
act,TRUE
lock,TRUE
inform,FALSE
plan,TRUE
move,TRUE
comment,FALSE
early,FALSE
rely,TRUE
advise,FALSE
carry,TRUE
wait,FALSE
turn,TRUE
focus,TRUE
take,TRUE
implement,TRUE
request,TRUE
perform,TRUE
follow,TRUE
execute,TRUE
coordinate,FALSE
adopt,TRUE
seek,TRUE
undertaking,FALSE
indicate,TRUE
initiative,FALSE
turn,TRUE
minimize,FALSE
prevent,TRUE
eliminate,FALSE
avoid,TRUE
alleviate,FALSE
reverse,FALSE
combat,FALSE
offset,FALSE
reduce,TRUE
effect,TRUE
occurrence,FALSE
severity,FALSE
consequence,TRUE
likelihood,FALSE
symptom,FALSE
probability,FALSE
incidence,FALSE
impact,TRUE
danger,TRUE
minimum,TRUE
maximum,TRUE
glance,FALSE
cost,TRUE
premium,FALSE
peak,FALSE
least,FALSE
distance,TRUE
point,TRUE
various,FALSE
four,FALSE
five,FALSE
follow,TRUE
usual,FALSE
relevant,FALSE
aforementione,FALSE
many,FALSE
three,FALSE
several,FALSE
category,FALSE
kind,FALSE
combination,TRUE
type,TRUE
range,TRUE
class,TRUE
cause,TRUE
variety,TRUE
combination,TRUE
series,TRUE
sort,TRUE
behaviour,FALSE
phenomenon,FALSE
situation,TRUE
activity,TRUE
external,FALSE
include,TRUE
catastrophic,FALSE
circuit,TRUE
assembly,TRUE
function,TRUE
bus,TRUE
logic,TRUE
branch,FALSE
cpu,TRUE
defect,FALSE
problem,TRUE
crash,FALSE
degradation,FALSE
bug,FALSE
flaw,FALSE
fatigue,FALSE
embed,TRUE
electronic,FALSE
automatic,FALSE
mechanical,FALSE
machine,TRUE
room,FALSE
accident,FALSE
crack,FALSE
loss,TRUE
fail,TRUE
drop,TRUE
fall,FALSE
spin,FALSE
run,TRUE
die,TRUE
slip,FALSE
stop,FALSE
current,FALSE
temperature,TRUE
voltage,FALSE
current,TRUE
static,FALSE
velocity,FALSE
height,FALSE
bias,FALSE
pressure,FALSE
thermal,FALSE
phase,FALSE
vertical,FALSE
threshold,FALSE
volume,TRUE
variation,TRUE
difference,FALSE
drop,FALSE
spike,FALSE
cost,TRUE
rate,TRUE
speed,TRUE
specification,TRUE
standard,TRUE
description,TRUE
success,FALSE
execution,TRUE
recovery,TRUE
detection,FALSE
resistance,FALSE
expectation,FALSE
communication,TRUE
difficulty,FALSE
interference,FALSE
version,TRUE
port,TRUE
window,FALSE
account,TRUE
enable,TRUE
serve,TRUE
assist,FALSE
search,FALSE
manipulation,FALSE
expansion,FALSE
optimization,TRUE
exploration,FALSE
game,FALSE
graphic,FALSE
host,TRUE
object,FALSE
table,TRUE
object,FALSE
logical,FALSE
file,TRUE
programming,TRUE
view,TRUE
#,FALSE
describe,TRUE
show,TRUE
discuss,FALSE
list,TRUE
mention,FALSE
illustrate,FALSE
outline,TRUE
define,TRUE
present,TRUE
article,FALSE
page,TRUE
publication,TRUE
entry,TRUE
volume,TRUE
chapter,FALSE
name,TRUE
verse,FALSE
work,TRUE
book,TRUE
document,TRUE
sentence,FALSE
contain,TRUE
state,TRUE
include,TRUE
cover,TRUE
identify,TRUE
detail,TRUE
book,TRUE
chapter,FALSE
edition,FALSE
publication,FALSE
generally,FALSE
largely,FALSE
usually,FALSE
primarily,FALSE
judge,FALSE
typically,FALSE
depend,TRUE
accord,TRUE
dependent,FALSE
depend,TRUE
differently,FALSE
depend,TRUE
base,TRUE
center,TRUE
except,FALSE
paragraph,FALSE
year,TRUE
district,FALSE
locality,FALSE
jurisdiction,TRUE
period,TRUE
form,TRUE
province,FALSE
occur,TRUE
meet,TRUE
appear,TRUE
come,TRUE
sit,TRUE
reside,FALSE
follow,TRUE
occur,TRUE
stand,TRUE
c,FALSE
facility,TRUE
entity,FALSE
machine,TRUE
installation,TRUE
suite,TRUE
family,FALSE
framework,FALSE
facility,TRUE
cluster,FALSE
end,TRUE
individual,FALSE
multiple,FALSE
enterprise,FALSE
register,TRUE
authorize,FALSE
person,TRUE
personnel,FALSE
individual,TRUE
employee,TRUE
customer,FALSE
technician,TRUE
authority,TRUE
staff,FALSE
monitor,TRUE
utilize,TRUE
link,TRUE
join,FALSE
visit,FALSE
inspect,FALSE
register,TRUE
database,TRUE
account,FALSE
server,TRUE
record,TRUE
website,TRUE
administration,TRUE
repair,TRUE
upgrade,TRUE
upgrade,FALSE
internet,TRUE
control,TRUE
online,FALSE
engine,TRUE
module,TRUE
update,TRUE
instal,TRUE
upgrade,TRUE
integrate,TRUE
rebuilt,FALSE
compile,FALSE
convert,TRUE
deploy,TRUE
activate,FALSE
download,TRUE
develop,TRUE
build,TRUE
restore,TRUE
assemble,FALSE
put,TRUE
bring,TRUE
move,TRUE
transform,FALSE
feed,FALSE
transfer,TRUE
push,FALSE
enter,TRUE
launch,FALSE
position,TRUE
tool,TRUE
accelerate,FALSE
facilitate,FALSE
ensure,TRUE
guarantee,TRUE
handle,TRUE
achieve,TRUE
rescue,FALSE
save,TRUE
recovery,FALSE
relief,FALSE
escape,FALSE
restoration,FALSE
salvage,FALSE
salvation,FALSE
rehabilitation,FALSE
damage,FALSE
crash,FALSE
unwanted,FALSE
fix,FALSE
break,FALSE
dead,FALSE
unreliable,FALSE
discard,FALSE
old,FALSE
expensive,FALSE
infect,FALSE
weak,FALSE
wire,FALSE
lock,FALSE
connect,TRUE
end,FALSE
spot,FALSE
run,TRUE
hot,FALSE
button,FALSE
terminate,FALSE
cold,FALSE
couple,FALSE
chip,TRUE
incorporate,TRUE
load,TRUE
add,TRUE
program,TRUE
insert,FALSE
introduce,TRUE
import,FALSE
focus,TRUE
audience,TRUE
stakeholder,FALSE
participant,FALSE
role,FALSE
author,FALSE
project,TRUE
forum,FALSE
conference,FALSE
campaign,FALSE
practice,TRUE
discussion,FALSE
comprise,FALSE
consist,TRUE
encompasse,FALSE
limit,TRUE
restrict,TRUE
confine,FALSE
exclusive,FALSE
address,TRUE
exclusively,FALSE
reserve,FALSE
dedicate,FALSE
mandatory,FALSE
clear,FALSE
industry,TRUE
community,FALSE
technical,FALSE
organizational,FALSE
market,FALSE
team,FALSE
policy,TRUE
company,TRUE
#,FALSE
leader,TRUE
partner,FALSE
manager,FALSE
team,TRUE
creator,FALSE
professional,TRUE
designer,TRUE
architect,FALSE
researcher,TRUE
founder,FALSE
builder,FALSE
project,TRUE
site,TRUE
website,TRUE
general,FALSE
average,FALSE
actual,FALSE
active,FALSE
experience,FALSE
#,FALSE
#,FALSE
#,FALSE
people,TRUE
transparency,FALSE
disclosure,FALSE
autonomy,FALSE
assurance,FALSE
achieve,TRUE
accomplish,FALSE
ensure,TRUE
support,TRUE
facilitate,FALSE
maintain,TRUE
obtain,TRUE
degree,TRUE
percentage,FALSE
proportion,FALSE
extent,FALSE
cognitive,FALSE
semantic,FALSE
functional,FALSE
mathematical,FALSE
density,FALSE
encryption,TRUE
compression,FALSE
flow,TRUE
supply,TRUE
present,TRUE
reach,TRUE
leave,TRUE
offer,TRUE
operator,TRUE
context,TRUE
sense,TRUE
way,TRUE
terminology,FALSE
category,FALSE
everything,FALSE
IBM,FALSE
pc,TRUE
Linux,FALSE
refer,TRUE
correspond,FALSE
apply,TRUE
refer,TRUE
belong,FALSE
transfer,TRUE
relate,TRUE
refer,TRUE
connect,TRUE
relate,TRUE
assign,FALSE
extend,TRUE
personal,FALSE
small,FALSE
desktop,FALSE
peripheral,FALSE
large,FALSE
digital,FALSE
analog,FALSE
instrument,FALSE
similar,FALSE
store,TRUE
transmit,TRUE
access,TRUE
share,TRUE
collect,TRUE
save,TRUE
display,TRUE
distribute,TRUE
retrieve,FALSE
fairly,FALSE
relatively,FALSE
strictly,FALSE
somewhat,FALSE
reasonably,FALSE
frame,TRUE
record,TRUE
need,TRUE
see,TRUE
evidence,FALSE
demonstrate,FALSE
source,TRUE
format,TRUE
protocol,TRUE
archive,FALSE
library,TRUE
display,TRUE
web,TRUE
news,FALSE
box,FALSE
screen,FALSE
email,FALSE
medium,TRUE
store,TRUE
warehouse,FALSE
center,TRUE
#,FALSE
cache,FALSE
bank,FALSE
stream,TRUE
e,FALSE
Non,FALSE
a,FALSE
sub,FALSE
x,FALSE
terminal,FALSE
receiver,FALSE
agent,FALSE
locate,TRUE
operate,TRUE
position,FALSE
protect,TRUE
compliance,FALSE
#,FALSE
point,TRUE
protect,TRUE
shield,FALSE
secure,TRUE
defend,FALSE
protect,TRUE
guard,FALSE
block,TRUE
buffer,FALSE
keep,TRUE
save,TRUE
protect,TRUE
transaction,TRUE
block,TRUE
interception,FALSE
incoming,FALSE
route,TRUE
system,FALSE
system,FALSE
security,FALSE
service,FALSE
logic,FALSE
stack,FALSE
gain,TRUE
permit,TRUE
deliver,TRUE
#,FALSE
#,FALSE
#,FALSE
#,FALSE
#,FALSE
#,FALSE
#,FALSE
#,FALSE
visibility,FALSE
representation,FALSE
recognition,FALSE
key,FALSE
applicable,FALSE
sensor,FALSE
monitor,TRUE
reference,TRUE
state,TRUE
parameter,TRUE
variable,FALSE
exclude,FALSE
like,FALSE
plus,FALSE
even,FALSE
see,TRUE
especially,FALSE
beyond,FALSE
#,FALSE
#,FALSE
#,FALSE
hybrid,FALSE
call,TRUE
name,TRUE
term,TRUE
dub,FALSE
use,TRUE
via,FALSE
title,TRUE
designate,FALSE
rename,FALSE
control,TRUE
manage,TRUE
construct,TRUE
deliver,TRUE
autonomous,FALSE
unify,FALSE
independent,FALSE
simultaneously,FALSE
independently,FALSE
support,TRUE
control,TRUE
handle,TRUE
represent,TRUE
combine,TRUE
movement,TRUE
pair,FALSE
couple,FALSE
parallel,FALSE
vector,FALSE
station,TRUE
center,TRUE
owner,FALSE
receiver,TRUE
provider,FALSE
government,FALSE
contractor,TRUE
regulator,FALSE
authority,FALSE
organization,TRUE
duty,FALSE
power,TRUE
mandate,FALSE
visitor,FALSE
visit,FALSE
modification,FALSE
reference,TRUE
intentionally,FALSE
voluntarily,FALSE
purpose,TRUE
efficiently,FALSE
hour,TRUE
reason,FALSE
day,TRUE
reason,TRUE
actively,FALSE
automatically,FALSE
other,TRUE
anyone,FALSE
iso,FALSE
gps,FALSE
MCC,FALSE
FCC,FALSE
NSA,FALSE
Controller,FALSE
BBC,FALSE
cc,FALSE
API,FALSE
company,TRUE
vehicle,TRUE
robot,FALSE
organization,TRUE
ongoing,FALSE
continuous,FALSE
ensure,FALSE
procedure,TRUE
assessment,FALSE
training,TRUE
practice,TRUE
treatment,FALSE
field,FALSE
health,FALSE
laboratory,FALSE
medical,FALSE
improvement,FALSE
check,TRUE
adjustment,FALSE
review,FALSE
education,FALSE
datum,FALSE
virtual,FALSE
unify,FALSE
integrate,FALSE
advanced,FALSE
automatic,FALSE
central,FALSE
global,FALSE
Digital,FALSE
ieee,FALSE
computer,FALSE
control,FALSE
software,FALSE
measurement,TRUE
#,FALSE
guidance,FALSE
component,TRUE
inspection,FALSE
evaluation,FALSE
engineering,TRUE
engineer,TRUE
scientist,FALSE
researcher,FALSE
officer,FALSE
staff,FALSE
agent,FALSE
soldier,FALSE
team,FALSE
worker,FALSE
driver,TRUE
engineer,TRUE
scientist,FALSE
scientist,FALSE
vendor,FALSE
manufacturer,FALSE
contractor,TRUE
develop,TRUE
possess,FALSE
employ,FALSE
deploy,TRUE
expertise,FALSE
certification,FALSE
detect,TRUE
track,TRUE
locate,TRUE
operate,TRUE
build,TRUE
map,TRUE
analyze,TRUE
modify,TRUE
#,FALSE
#,FALSE
#,FALSE
configuration,TRUE
structure,TRUE
location,TRUE
site,TRUE
quickly,FALSE
directly,FALSE
immediately,FALSE
remotely,FALSE
instantly,FALSE
easily,FALSE
direct,TRUE
rapidly,FALSE
simply,FALSE
periodically,FALSE
continuously,FALSE
tolerance,FALSE
app,TRUE
session,FALSE
email,FALSE
registration,FALSE
domain,TRUE
shut,FALSE
cut,FALSE
turn,TRUE
block,TRUE
close,TRUE
wipe,FALSE
kill,FALSE
power,TRUE
seal,FALSE
click,FALSE
check,TRUE
knock,FALSE
contain,TRUE
produce,TRUE
audio,FALSE
input,TRUE
#,FALSE
estimate,FALSE
frame,TRUE
#,FALSE
scale,TRUE
table,TRUE
zone,TRUE
signal,TRUE
signature,FALSE
interval,FALSE
trial,FALSE
map,TRUE
cross,FALSE
multi,FALSE
inter,FALSE
wire,FALSE
per,FALSE
optical,FALSE
fiber,FALSE
cable,TRUE
radio,FALSE
link,TRUE
structure,TRUE
drive,TRUE
band,FALSE
#,FALSE
time,TRUE
geometry,FALSE
transition,FALSE
code,TRUE
model,TRUE
result,TRUE
pattern,TRUE
associate,FALSE
compare,TRUE
exchange,TRUE
mixed,FALSE
pair,FALSE
correlate,FALSE
merge,FALSE
additional,FALSE
raw,FALSE
sample,FALSE
report,TRUE
command,TRUE
attach,TRUE
supply,TRUE
pass,TRUE
submit,FALSE
bind,FALSE
appropriate,FALSE
battery,FALSE
DC,FALSE
root,FALSE
valve,FALSE
accident,FALSE
leak,FALSE
collapse,FALSE
disaster,FALSE
injury,FALSE
explosion,FALSE
occur,TRUE
arise,TRUE
happen,FALSE
happen,FALSE
arise,TRUE
exist,TRUE
emerge,FALSE
#,FALSE
cool,FALSE
2008,FALSE
2017,FALSE
2012,FALSE
2011,FALSE
2015,FALSE
2007,FALSE
2005,FALSE
2013,FALSE
2004,FALSE
2009,FALSE
2010,FALSE
2014,FALSE
2006,FALSE
remainder,FALSE
bulk,FALSE
entirety,FALSE
inside,FALSE
front,FALSE
bottom,FALSE
manual,FALSE
paper,TRUE
booklet,FALSE
offer,TRUE
present,TRUE
outline,TRUE
explanation,TRUE
overview,TRUE
history,TRUE
review,TRUE
material,TRUE
construct,TRUE
manufacture,TRUE
person,TRUE
victim,FALSE
suspect,FALSE
member,TRUE
player,FALSE
target,FALSE
body,FALSE
candidate,FALSE
child,FALSE
driver,FALSE
patient,FALSE
find,TRUE
trust,FALSE
read,TRUE
contact,TRUE
pay,FALSE
select,TRUE
reach,TRUE
replace,TRUE
deny,TRUE
award,FALSE
fund,FALSE
contribution,FALSE
job,FALSE
say,TRUE
deem,FALSE
likely,FALSE
commit,TRUE
devote,FALSE
expose,FALSE
entitle,FALSE
subject,TRUE
suit,FALSE
manufacture,TRUE
sale,FALSE
creation,FALSE
production,FALSE
administrative,FALSE
consulting,FALSE
act,TRUE
serve,TRUE
operate,TRUE
serve,TRUE
function,TRUE
act,TRUE
remain,FALSE
act,TRUE
continue,TRUE
integral,FALSE
official,FALSE
element,TRUE
subset,FALSE
portion,TRUE
hard,FALSE
exist,TRUE
network,TRUE
write,TRUE
host,TRUE
distribution,FALSE
house,FALSE
host,TRUE
assemble,FALSE
download,FALSE
play,FALSE
stand,TRUE
stand,TRUE
stand,TRUE
stand,TRUE
let,TRUE
die,TRUE
walk,FALSE
hold,TRUE
sell,FALSE
package,TRUE
accord,TRUE
add,TRUE
guide,FALSE
enable,TRUE
employee,TRUE
officer,FALSE
entity,FALSE
agent,FALSE
privacy,FALSE
chat,FALSE
sms,FALSE
branch,FALSE
qualified,FALSE
inform,FALSE
aware,FALSE
know,TRUE
verify,TRUE
clock,TRUE
pass,TRUE
communicate,TRUE
carry,TRUE
intercept,FALSE
telephone,FALSE
boundary,FALSE
carrier,FALSE
line,TRUE
UTC,FALSE
global,FALSE
os,TRUE
#,FALSE
#,FALSE
mount,FALSE
plate,FALSE
#,FALSE
thickness,FALSE
top,FALSE
date,TRUE
#,FALSE
interval,FALSE
#,FALSE
stamp,TRUE
#,FALSE
slot,FALSE
signature,FALSE
size,TRUE
date,TRUE
the,FALSE
memory,TRUE
an,FALSE
internal,FALSE
external,FALSE
direct,FALSE
management,FALSE
manager,FALSE
trace,TRUE
send,TRUE
turn,TRUE
roll,FALSE
take,TRUE
register,TRUE
list,TRUE
relationship,FALSE
Protocol,FALSE
capable,FALSE
compose,FALSE
inclusive,FALSE
either,FALSE
maximum,FALSE
bit,TRUE
total,FALSE
message,TRUE
net,FALSE
universal,FALSE
see,TRUE
human,FALSE
report,TRUE
update,TRUE
distress,FALSE
miss,FALSE
correction,TRUE
null,FALSE
correct,FALSE
miss,FALSE
delete,FALSE
incident,FALSE
handle,TRUE
route,TRUE
filter,TRUE
generate,TRUE
fashion,TRUE
hierarchy,FALSE
manner,FALSE
pattern,TRUE
order,TRUE
tree,FALSE
relation,FALSE
entire,FALSE
entry,TRUE
classify,FALSE
categorize,FALSE
sort,TRUE
analyze,TRUE
track,TRUE
divide,FALSE
evaluate,FALSE
assess,FALSE
separate,TRUE
measure,TRUE
length,FALSE
value,TRUE
filter,FALSE
delivery,FALSE
serial,FALSE
relay,FALSE
prepare,FALSE
compensate,FALSE
check,TRUE
qualify,FALSE
arrange,FALSE
wait,TRUE
assistance,FALSE
absence,FALSE
vicinity,FALSE
middle,FALSE
course,FALSE
direction,FALSE
face,FALSE
emergency,TRUE
situation,TRUE
formulate,FALSE
generalize,FALSE
argument,FALSE
goal,TRUE
response,TRUE
represent,TRUE
change,TRUE
every,FALSE
all,FALSE
source,TRUE
package,FALSE
library,TRUE
platform,TRUE
administer,FALSE
rule,FALSE
method,FALSE
give,TRUE
interpretation,FALSE
understand,TRUE
rule,TRUE
new,FALSE
thus,FALSE
additionally,FALSE
to,FALSE
g,FALSE
it,FALSE
withstand,FALSE
relieve,FALSE
ease,TRUE
resist,FALSE
future,FALSE
increase,TRUE
high,FALSE
reduce,FALSE
retention,FALSE
restriction,TRUE
challenge,FALSE
pressure,FALSE
overhead,FALSE
barrier,FALSE
impose,TRUE
pose,FALSE
induce,FALSE
dictate,FALSE
meet,TRUE
demand,TRUE
#,FALSE
#,FALSE
#,FALSE
#,FALSE
#,FALSE
#,FALSE
technology,FALSE
network,FALSE
architecture,FALSE
introduction,FALSE
adoption,FALSE
introduction,FALSE
addition,TRUE
addition,TRUE
construction,FALSE
purchase,FALSE
and,FALSE
also,FALSE
finally,FALSE
first,FALSE
furthermore,FALSE
affect,TRUE
dependence,FALSE
reliance,FALSE
limitation,FALSE
strain,FALSE
expenditure,FALSE
restriction,TRUE
end,TRUE
start,TRUE
begin,TRUE
back,TRUE
after,FALSE
right,TRUE
next,FALSE
day,TRUE
start,TRUE
door,FALSE
last,FALSE
word,TRUE
Mid,FALSE
2016,FALSE
pdf,FALSE
2003,FALSE
2018,FALSE
generator,FALSE
retain,FALSE
lack,TRUE
short,FALSE
shortage,FALSE
surge,FALSE
crisis,FALSE
breakdown,FALSE
swap,FALSE
happen,FALSE
begin,TRUE
start,TRUE
commence,FALSE
strike,FALSE
arrive,FALSE
erupt,FALSE
result,TRUE
occur,TRUE
get,TRUE
want,TRUE
keep,TRUE
keep,TRUE
render,FALSE
ahead,FALSE
regardless,FALSE
worth,FALSE
plenty,FALSE
outside,FALSE
anything,FALSE
electricity,FALSE
battery,FALSE
spend,TRUE
remain,TRUE
leave,TRUE
remove,TRUE
appearance,FALSE
condition,TRUE
weight,FALSE
proximity,FALSE
dimension,FALSE
obtain,TRUE
wear,FALSE
sale,FALSE
disposal,FALSE
consumption,FALSE
password,TRUE
ID,FALSE
alia,FALSE
logo,FALSE
self,TRUE
re,FALSE
auto,FALSE
clock,FALSE
co,FALSE
CO,FALSE
pre,FALSE
counter,FALSE
multi,FALSE
Anti,FALSE
participate,FALSE
cloud,FALSE
cycle,FALSE
robot,FALSE
ready,FALSE
monitor,TRUE
watch,FALSE
observe,TRUE
wake,FALSE
long,FALSE
public,FALSE
bug,FALSE
miss,FALSE
virus,FALSE
defect,FALSE
fire,FALSE
flash,FALSE
cause,TRUE
hit,FALSE
resource,TRUE
fix,TRUE
resolve,FALSE
certain,FALSE
binary,FALSE
effectiveness,FALSE
outcome,FALSE
fate,FALSE
alternative,TRUE
strength,FALSE
compare,TRUE
state,TRUE
statistical,FALSE
insurance,FALSE
#,FALSE
#,FALSE
#,FALSE
#,FALSE
part,TRUE
#,FALSE
#,FALSE
count,FALSE
coefficient,FALSE
count,FALSE
coefficient,FALSE
ratio,FALSE
statistic,FALSE
sample,FALSE
item,FALSE
vehicle,TRUE
cell,FALSE
log,FALSE
indicator,FALSE
factor,FALSE
party,FALSE
citizen,FALSE
player,FALSE
refuse,FALSE
admission,FALSE
entrance,FALSE
exception,TRUE
exemption,FALSE
exception,TRUE
piece,FALSE
segment,FALSE
build,TRUE
park,FALSE
museum,FALSE
city,FALSE
severely,FALSE
legally,FALSE
otherwise,FALSE
extremely,FALSE
geographically,FALSE
physically,FALSE
reasonable,FALSE
subsequent,FALSE
succeed,FALSE
conduct,TRUE
complete,TRUE
set,TRUE
host,TRUE
type,TRUE
text,TRUE
name,TRUE
file,TRUE
character,TRUE
location,TRUE
accept,TRUE
obtain,TRUE
receive,TRUE
select,TRUE
distinguish,TRUE
remove,TRUE
issue,TRUE
generate,TRUE
transmit,TRUE
display,TRUE
produce,TRUE
digit,FALSE
character,FALSE
bit,TRUE
pin,FALSE
symbol,FALSE
column,FALSE
dimensional,FALSE
additional,FALSE
these,FALSE
various,FALSE
other,FALSE
special,FALSE
several,FALSE
many,FALSE
numerous,FALSE
application,TRUE
multiple,FALSE
utilize,TRUE
aid,TRUE
guide,FALSE
engage,FALSE
developer,TRUE
programmer,FALSE
#,FALSE
range,TRUE
span,FALSE
navigation,TRUE
profile,FALSE
command,FALSE
bar,TRUE
put,TRUE
maintain,TRUE
place,TRUE
enforcement,TRUE
license,TRUE
strategy,FALSE
regime,FALSE
lock,FALSE
mind,FALSE
hand,TRUE
flight,FALSE
search,FALSE
without,FALSE
force,TRUE
obligation,FALSE
regulation,FALSE
enforce,FALSE
lay,FALSE
exchange,FALSE
independence,FALSE
govern,FALSE
price,FALSE
aircraft,FALSE
locomotive,FALSE
train,FALSE
vessel,FALSE
plane,FALSE
helicopter,FALSE
fleet,FALSE
locomotive,FALSE
airplane,FALSE
restart,FALSE
remain,FALSE
idle,FALSE
stay,TRUE
stall,FALSE
resume,FALSE
function,TRUE
work,TRUE
fire,TRUE
#,FALSE
attempt,TRUE
hope,FALSE
order,TRUE
try,TRUE
help,TRUE
preserve,FALSE
cover,TRUE
threat,FALSE
way,TRUE
enter,TRUE
audit,FALSE
breach,FALSE
monitor,TRUE
remove,TRUE
destroy,FALSE
record,TRUE
transfer,TRUE
analysis,TRUE
collection,FALSE
integration,TRUE
maintenance,FALSE
instead,FALSE
distribution,FALSE
creation,FALSE
development,TRUE
halt,TRUE
cease,FALSE
log,TRUE
scheduling,FALSE
statement,TRUE
satisfy,FALSE
clear,TRUE
exhaust,FALSE
resolve,FALSE
fill,FALSE
lose,TRUE
eliminate,FALSE
interchange,FALSE
interaction,TRUE
upwards,FALSE
penetration,FALSE
report,FALSE
secure,TRUE
unlocked,FALSE
identification,TRUE
identity,FALSE
name,TRUE
number,TRUE
grant,TRUE
holder,FALSE
#,FALSE
belong,FALSE
connect,TRUE
return,TRUE
attacker,FALSE
consent,FALSE
private,FALSE
real,FALSE
unused,FALSE
hide,FALSE
compromise,FALSE
isolate,FALSE
illegal,FALSE
disconnect,FALSE
confidential,FALSE
unknown,FALSE
disable,FALSE
inactive,FALSE
region,TRUE
version,TRUE
instance,TRUE
operate,TRUE
enterprise,FALSE
open,FALSE
Unix,FALSE
current,FALSE
Microsoft,FALSE
information,TRUE
board,TRUE
adequate,FALSE
native,FALSE
#,FALSE
card,TRUE
board,TRUE
equip,FALSE
ship,FALSE
financial,FALSE
marketing,FALSE
commercial,FALSE
observation,TRUE
imagery,FALSE
light,FALSE
observation,TRUE
interrupt,FALSE
unavailable,FALSE
erase,FALSE
return,TRUE
hope,FALSE
anticipate,FALSE
estimate,FALSE
believe,FALSE
think,TRUE
predict,FALSE
project,TRUE
batch,FALSE
bank,FALSE
recorder,FALSE
match,TRUE
calculate,FALSE
deliver,TRUE
sample,FALSE
stream,TRUE
flow,TRUE
accept,TRUE
desire,FALSE
valid,FALSE
acceptable,FALSE
reject,FALSE
approve,FALSE
support,TRUE
grid,FALSE
diagram,FALSE
cable,FALSE
wire,TRUE
rack,FALSE
loop,TRUE
lane,FALSE
tunnel,FALSE
track,TRUE
life,FALSE
world,FALSE
d,FALSE
estate,FALSE
surveillance,FALSE
investigate,FALSE
policy,FALSE
#,FALSE
edge,FALSE
target,TRUE
key,TRUE
encounter,FALSE
detect,TRUE
discover,FALSE
threaten,FALSE
result,TRUE
suffer,FALSE
lead,TRUE
factor,FALSE
deal,TRUE
manifest,FALSE
economic,FALSE
significant,FALSE
widespread,FALSE
massive,FALSE
serious,FALSE
theft,FALSE
capture,FALSE
corruption,TRUE
exhaustion,FALSE
fraud,FALSE
original,FALSE
often,FALSE
still,FALSE
ensure,TRUE
prefer,FALSE
console,FALSE
keyboard,FALSE
under,FALSE
risk,FALSE
post,FALSE
over,FALSE
work,TRUE
in,FALSE
decision,FALSE
tune,FALSE
electro,FALSE
co,FALSE
bio,FALSE
teach,FALSE
regulate,FALSE
administer,FALSE
regulation,FALSE
evident,FALSE
those,FALSE
anyone,FALSE
People,TRUE
individual,TRUE
someone,FALSE
application,TRUE
everyone,FALSE
student,TRUE
person,TRUE
read,TRUE
filter,FALSE
incorrect,FALSE
send,TRUE
edit,FALSE
avoid,TRUE
prevention,FALSE
interpret,TRUE
understand,TRUE
retrieve,FALSE
intercept,FALSE
wrong,FALSE
whole,FALSE
compiler,FALSE
replace,TRUE
associate,TRUE
share,TRUE
match,TRUE
fill,TRUE
#,FALSE
regard,FALSE
xml,FALSE
calculate,FALSE
criterion,FALSE
adopt,FALSE
journal,FALSE
manuscript,FALSE
interest,TRUE
importance,FALSE
significance,FALSE
relevance,FALSE
concern,TRUE
import,FALSE
#,FALSE
director,FALSE
worker,FALSE
official,FALSE
practitioner,FALSE
student,TRUE
artist,FALSE
collaborator,FALSE
scholar,FALSE
supplement,FALSE
template,FALSE
memorial,FALSE
group,TRUE
involve,TRUE
engage,TRUE
interested,FALSE
employ,TRUE
engage,FALSE
assist,FALSE
collaborate,FALSE
participate,FALSE
invest,FALSE
compete,FALSE
field,FALSE
study,TRUE
investigation,FALSE
experiment,FALSE
objective,TRUE
interest,TRUE
theme,FALSE
diagnosis,FALSE
assessment,FALSE
#,FALSE
#,FALSE
#,FALSE
supervision,FALSE
auspex,FALSE
observatory,FALSE
telescope,FALSE
radiation,FALSE
astronomy,FALSE
satellite,FALSE
astronomical,FALSE
department,FALSE
class,TRUE
or,FALSE
java,FALSE
it,FALSE
infrastructure,TRUE
this,FALSE
equipment,TRUE
manufacturing,FALSE
power,TRUE
engineering,TRUE
planning,FALSE
aim,TRUE
want,TRUE
seek,TRUE
continue,TRUE
balance,TRUE
study,TRUE
become,TRUE
mode,TRUE
disease,FALSE
crack,FALSE
earthquake,FALSE
cancer,FALSE
fix,TRUE
find,TRUE
reduction,FALSE
replacement,FALSE
goal,TRUE
aim,FALSE
objective,TRUE
measure,TRUE
expect,TRUE
encourage,FALSE
electric,FALSE
nuclear,FALSE
solar,FALSE
AC,FALSE
generation,FALSE
allocation,FALSE
intervene,FALSE
plant,FALSE
dynamic,FALSE
calculation,FALSE
calculation,FALSE
determination,FALSE
prediction,FALSE
linear,FALSE
random,FALSE
discrete,FALSE
constant,FALSE
variable,FALSE
trip,TRUE
#,FALSE
#,FALSE
#,FALSE
shift,FALSE
transition,TRUE
derivative,FALSE
prediction,FALSE
#,FALSE
position,FALSE
testing,TRUE
technical,FALSE
however,FALSE
operation,TRUE
hand,TRUE
side,TRUE
extreme,FALSE
arm,TRUE
foot,FALSE
#,FALSE
hand,FALSE
concern,FALSE
gain,TRUE
claim,FALSE
alteration,FALSE
aspect,FALSE
mean,TRUE
know,TRUE
extra,FALSE
advance,FALSE
experience,TRUE
agreement,FALSE
certificate,FALSE
fee,FALSE
prevent,TRUE
clearance,FALSE
chip,TRUE
hour,TRUE
mean,TRUE
wish,FALSE
intend,TRUE
think,TRUE
say,TRUE
ought,FALSE
office,FALSE
group,FALSE
center,FALSE
material,FALSE
material,TRUE
when,FALSE
light,FALSE
within,FALSE
protective,FALSE
ground,FALSE
air,TRUE
radar,FALSE
outer,FALSE
surface,FALSE
cell,FALSE
fibre,TRUE
dark,FALSE
thin,FALSE
#,FALSE
composite,FALSE
reinforce,FALSE
glass,FALSE
plastic,FALSE
film,FALSE
polymer,FALSE
steel,FALSE
exceed,FALSE
#,FALSE
#,FALSE
stamp,TRUE
slot,FALSE
scan,FALSE
absolutely,FALSE
make,TRUE
task,TRUE
pulse,FALSE
correlation,FALSE
average,FALSE
#,FALSE
#,FALSE
cycle,TRUE
#,FALSE
#,FALSE
style,TRUE
represent,TRUE
bridge,FALSE
separation,FALSE
difference,TRUE
couple,FALSE
facility,FALSE
unit,FALSE
program,FALSE
server,FALSE
board,FALSE
10,FALSE
#,FALSE
grade,FALSE
margin,FALSE
alarm,FALSE
cancellation,FALSE
such,FALSE
its,FALSE
each,FALSE
that,FALSE
any,FALSE
process,TRUE
every,FALSE
organize,FALSE
language,TRUE
environment,TRUE
o,TRUE
t,FALSE
p,FALSE
m,FALSE
v,FALSE
u,FALSE
r,FALSE
n,FALSE
ii,FALSE
advantage,FALSE
compilation,FALSE
translation,FALSE
learn,FALSE
choose,TRUE
away,FALSE
injury,FALSE
student,TRUE
recipient,FALSE
hire,FALSE
recruit,FALSE
attract,FALSE
contribute,FALSE
move,TRUE
directory,TRUE
portal,FALSE
unique,FALSE
optional,FALSE
setting,FALSE
certificate,FALSE
regulate,FALSE
reflect,FALSE
model,TRUE
editor,FALSE
privilege,TRUE
manipulate,FALSE
adjust,FALSE
web,TRUE
agency,FALSE
employer,FALSE
exclude,FALSE
withdraw,FALSE
dismiss,FALSE
extract,FALSE
ban,TRUE
b,FALSE
treat,FALSE
express,TRUE
involve,TRUE
violate,FALSE
lack,TRUE
perform,TRUE
encounter,FALSE
deliver,TRUE
produce,FALSE
implement,TRUE
lose,TRUE
॥,FALSE
antenna,FALSE
tightly,FALSE
another,FALSE
always,FALSE
#,FALSE
twist,FALSE
gate,FALSE
conductor,FALSE
pair,TRUE
coil,FALSE
double,FALSE
together,FALSE
metal,FALSE
consideration,FALSE
suitable,FALSE
isolation,FALSE
rf,FALSE
electromagnetic,FALSE
disturbance,FALSE
motion,FALSE
environmental,FALSE
#,FALSE
distance,TRUE
duration,FALSE
circuit,TRUE
wavelength,FALSE
endurance,FALSE
compact,FALSE
lightweight,FALSE
modular,FALSE
portable,FALSE
rugge,FALSE
3d,FALSE
tactical,FALSE
flexible,FALSE
special,FALSE
general,FALSE
dual,FALSE
assignment,FALSE
layout,FALSE
connector,FALSE
integrate,TRUE
offer,TRUE
kernel,FALSE
#,FALSE
#,FALSE
question,FALSE
paper,TRUE
proposal,FALSE
disclose,FALSE
accessible,FALSE
regular,FALSE
daily,FALSE
weekly,FALSE
monthly,FALSE
quarterly,FALSE
periodic,FALSE
theoretical,FALSE
nominal,FALSE
provisional,FALSE
•,FALSE
take,TRUE
get,TRUE
select,FALSE
find,TRUE
collect,TRUE
gather,FALSE
search,TRUE
info,FALSE
log,TRUE
coordinate,FALSE
convert,TRUE
insert,FALSE
translate,TRUE
normal,FALSE
trial,FALSE
truth,FALSE
question,FALSE
confusion,FALSE
operational,FALSE
meet,TRUE
fulfil,FALSE
satisfy,TRUE
balance,TRUE
serve,TRUE
enable,TRUE
provision,FALSE
possibility,FALSE
#,FALSE
#,FALSE
along,FALSE
#,FALSE
panel,FALSE
distribute,TRUE
usb,TRUE
concern,TRUE
contain,TRUE
keep,TRUE
termination,FALSE
suspension,FALSE
denial,FALSE
break,FALSE
reliable,FALSE
consist,TRUE
participate,FALSE
interfere,FALSE
destruction,FALSE
loss,FALSE
contamination,FALSE
missile,FALSE
station,TRUE
prove,FALSE
stage,FALSE
year,TRUE
they,FALSE
operation,TRUE
performance,TRUE
succeed,FALSE
conclude,FALSE
start,TRUE
exit,FALSE
continue,TRUE
respond,TRUE
come,TRUE
return,TRUE
restore,TRUE
return,TRUE
arrive,TRUE
proceed,FALSE
member,TRUE
communicate,TRUE
upon,FALSE
sort,FALSE
kind,TRUE
principle,FALSE
test,TRUE
some,FALSE
professional,FALSE
specialize,FALSE
kit,FALSE
package,TRUE
license,FALSE
render,FALSE
app,TRUE
script,FALSE
go,TRUE
arrive,FALSE
kit,TRUE
variant,FALSE
behave,FALSE
#,FALSE
mobile,FALSE
cellular,FALSE
wound,FALSE
micro,FALSE
clean,FALSE
load,TRUE
review,TRUE
author,TRUE
result,TRUE
form,TRUE
press,FALSE
Journal,FALSE
novel,FALSE
magazine,FALSE
lead,TRUE
indicator,TRUE
lighting,FALSE
beacon,FALSE
visible,FALSE
red,FALSE
show,TRUE
charge,FALSE
carrier,FALSE
technician,FALSE
pilot,FALSE
indication,TRUE
confirmation,FALSE
reminder,FALSE
proof,FALSE
hint,FALSE
good,FALSE
ok,FALSE
positive,FALSE
zero,FALSE
green,FALSE
bad,FALSE
safe,FALSE
blue,FALSE
proposal,FALSE
focus,TRUE
found,FALSE
expand,FALSE
model,TRUE
contingent,FALSE
finding,FALSE
note,TRUE
concept,FALSE
idea,TRUE
principle,FALSE
definition,TRUE
conclusion,FALSE
comment,FALSE
suggestion,FALSE
image,TRUE
print,TRUE
video,TRUE
record,TRUE
picture,FALSE
touch,FALSE
evaluate,FALSE
dna,FALSE
#,FALSE
mechanic,FALSE
shop,FALSE
status,TRUE
warning,FALSE
code,TRUE
navigation,FALSE
event,TRUE
action,TRUE
FALSE,FALSE
mislead,FALSE
broadcast,TRUE
dispatch,FALSE
convey,FALSE
depth,FALSE
forward,FALSE
relative,FALSE
across,FALSE
difficulty,FALSE
follow,TRUE
follow,TRUE
meeting,FALSE
coordinate,FALSE
regulatory,FALSE
governmental,FALSE
govern,FALSE
healthcare,FALSE
scientific,FALSE
professional,FALSE
agency,FALSE
body,TRUE
organisation,FALSE
CP,FALSE
EC,FALSE
HP,FALSE
BP,FALSE
icc,FALSE
CSI,FALSE
ABC,FALSE
gp,FALSE
expert,FALSE
institution,FALSE
high,FALSE
solution,FALSE
platform,FALSE
service,FALSE
reach,TRUE
exceed,FALSE
achieve,TRUE
cover,TRUE
#,FALSE
conversion,FALSE
immediate,FALSE
predict,FALSE
window,FALSE
physical,FALSE
content,FALSE
basic,FALSE
spare,FALSE
need,TRUE
design,TRUE
easy,FALSE
selection,FALSE
learn,FALSE
demonstration,FALSE
understand,TRUE
document,TRUE
research,TRUE
translate,FALSE
dialect,TRUE
script,FALSE
alphabet,FALSE
dialect,FALSE
vocabulary,FALSE
term,TRUE
medium,TRUE
font,FALSE
english,FALSE
culture,FALSE
so,FALSE
hence,FALSE
but,FALSE
upstream,FALSE
last,TRUE
continuity,FALSE
case,TRUE
instance,TRUE
scenario,FALSE
moment,FALSE
abandonment,FALSE
where,FALSE
until,FALSE
therefore,FALSE
moreover,FALSE
next,FALSE
recover,FALSE
partial,FALSE
conflict,FALSE
conflict,FALSE
friction,FALSE
gap,FALSE
interaction,TRUE
complication,FALSE
store,TRUE
filter,FALSE
design,TRUE
chart,FALSE
architectural,FALSE
#,FALSE
skill,TRUE
preserve,FALSE
enhance,FALSE
attain,FALSE
respect,FALSE
precision,FALSE
FAA,FALSE
department,FALSE
district,FALSE
airport,FALSE
commence,FALSE
assume,TRUE
indefinitely,FALSE
normally,FALSE
temporarily,FALSE
regularly,FALSE
period,TRUE
completion,FALSE
closure,FALSE
retirement,FALSE
overhaul,FALSE
renovation,FALSE
modernization,FALSE
robust,FALSE
sophisticated,FALSE
conduct,TRUE
handle,TRUE
analysis,TRUE
derive,FALSE
gather,TRUE
extract,FALSE
originate,FALSE
acquire,FALSE
recover,FALSE
draw,FALSE
respective,FALSE
suppose,FALSE
tasked,FALSE
leave,TRUE
mean,TRUE
ask,FALSE
oversee,FALSE
negotiate,FALSE
matter,FALSE
master,FALSE
doctor,FALSE
commander,FALSE
President,FALSE
director,FALSE
architect,FALSE
leader,FALSE
mistress,FALSE
basic,FALSE
methodology,FALSE
concept,FALSE
resemble,FALSE
match,TRUE
match,TRUE
reflect,FALSE
mirror,FALSE
parallel,FALSE
resemble,FALSE
indicate,TRUE
#,FALSE
#,FALSE
#,FALSE
#,FALSE
#,FALSE
#,FALSE
#,FALSE
standard,FALSE
#,FALSE
#,FALSE
good,FALSE
standard,FALSE
common,FALSE
good,FALSE
International,FALSE
fair,FALSE
well,FALSE
free,FALSE
electronic,FALSE
Carrier,FALSE
radio,FALSE
telephone,FALSE
local,FALSE
satellite,FALSE
communication,TRUE
#,FALSE
#,FALSE
#,FALSE
#,FALSE
interact,FALSE
compete,FALSE
coordinate,FALSE
advantage,FALSE
benefit,TRUE
strength,FALSE
criticism,FALSE
convenience,FALSE
comprise,FALSE
mb,FALSE
gb,FALSE
#,FALSE
#,FALSE
#,FALSE
MHz,FALSE
#,FALSE
#,FALSE
#,FALSE
ram,FALSE
consist,TRUE
integer,FALSE
#,FALSE
#,FALSE
#,FALSE
#,FALSE
#,FALSE
#,FALSE
#,FALSE
#,FALSE
#,FALSE
#,FALSE
#,FALSE
#,FALSE
#,FALSE
#,FALSE
#,FALSE
correct,TRUE
repair,TRUE
solve,TRUE
intervention,TRUE
vital,FALSE
crucial,FALSE
transmit,TRUE
readiness,FALSE
spot,FALSE
prevent,TRUE
avoid,FALSE
cure,FALSE
overcome,FALSE
make,TRUE
conduct,TRUE
add,TRUE
direct,TRUE
transfer,TRUE
intent,FALSE
initiative,FALSE
study,TRUE
survey,FALSE
consortium,FALSE
publish,TRUE
list,TRUE
priority,TRUE
volunteer,FALSE
develop,TRUE
maintain,TRUE
create,TRUE
design,TRUE
instal,TRUE
brain,FALSE
cooperate,FALSE
collaborate,FALSE
consult,FALSE
partner,FALSE
assure,TRUE
prove,FALSE
demonstrate,FALSE
both,FALSE
key,FALSE
correspond,FALSE
equivalent,FALSE
copy,TRUE
export,FALSE
different,FALSE
their,FALSE
our,FALSE
what,FALSE
individual,FALSE
attitude,FALSE
opinion,FALSE
preference,FALSE
view,TRUE
wish,TRUE
experience,TRUE
ability,TRUE
desire,FALSE
behavior,TRUE
attachment,FALSE
look,FALSE
ask,TRUE
alpha,FALSE
active,FALSE
knowledge,TRUE
label,FALSE
stamp,TRUE
mark,TRUE
print,FALSE
charge,FALSE
label,TRUE
label,TRUE
sign,TRUE
number,TRUE
date,TRUE
brand,FALSE
arrival,FALSE
reaction,FALSE
propagation,FALSE
penalty,FALSE
post,TRUE
discovery,TRUE
arrest,FALSE
departure,FALSE
competent,FALSE
certify,FALSE
regional,FALSE
responsible,FALSE
engineer,TRUE
architect,FALSE
analyst,FALSE
responsibility,TRUE
oversight,FALSE
leverage,FALSE
describe,TRUE
most,FALSE
typical,FALSE
resolution,FALSE
stream,FALSE
browser,FALSE
explore,FALSE
whose,FALSE
whatever,FALSE
reader,FALSE
exploit,FALSE
utility,FALSE
reflect,FALSE