path,TRUE
route,TRUE
approach,TRUE
also,FALSE
method,TRUE
step,TRUE
pathway,FALSE
course,FALSE
direction,FALSE
trail,FALSE
system,TRUE
often,FALSE
usually,FALSE
follow,TRUE
become,TRUE
replace,TRUE
resemble,FALSE
replace,TRUE
form,TRUE
include,TRUE
provide,TRUE
intersect,FALSE
meet,TRUE
leave,TRUE
one,TRUE
step,TRUE
path,TRUE
plan,TRUE
walk,FALSE
line,FALSE
find,TRUE
describe,TRUE
introduce,TRUE
use,TRUE
show,TRUE
start,TRUE
see,TRUE
obtain,TRUE
propose,TRUE
encounter,FALSE
establish,TRUE
discover,FALSE
give,TRUE
available,FALSE
provide,TRUE
exit,FALSE
level,TRUE
step,FALSE
junction,FALSE
route,FALSE
highway,FALSE
path,FALSE
point,TRUE
exit,FALSE
line,FALSE
turn,TRUE
purpose,TRUE
function,TRUE
use,TRUE
essence,FALSE
aim,FALSE
goal,TRUE
scope,FALSE
intent,FALSE
objective,TRUE
purpose,TRUE
role,FALSE
effect,FALSE
mean,TRUE
object,FALSE
basis,TRUE
particular,FALSE
court,TRUE
special,FALSE
new,FALSE
specific,FALSE
criminal,FALSE
brief,FALSE
law,TRUE
legal,FALSE
current,FALSE
civil,FALSE
original,FALSE
case,TRUE
article,TRUE
today,FALSE
term,TRUE
page,FALSE
statement,FALSE
phrase,FALSE
section,FALSE
book,FALSE
provide,TRUE
give,TRUE
facilitate,TRUE
protect,FALSE
improve,FALSE
reduce,TRUE
preserve,FALSE
assist,FALSE
review,TRUE
inform,TRUE
make,TRUE
obtain,TRUE
prevent,FALSE
get,FALSE
support,TRUE
process,TRUE
process,TRUE
activity,TRUE
procedure,TRUE
work,TRUE
business,TRUE
practice,TRUE
factor,FALSE
function,TRUE
cost,FALSE
practice,TRUE
problem,FALSE
method,TRUE
issue,TRUE
involve,TRUE
engage,FALSE
employ,TRUE
perform,TRUE
do,TRUE
undertake,FALSE
take,TRUE
conduct,TRUE
include,TRUE
require,TRUE
cover,FALSE
inherent,FALSE
#,FALSE
office,FALSE
file,TRUE
decision,TRUE
record,FALSE
control,TRUE
supervision,FALSE
aspect,FALSE
investigation,TRUE
handle,FALSE
witness,TRUE
fact,TRUE
case,TRUE
order,TRUE
attorney,TRUE
management,TRUE
file,TRUE
relate,FALSE
summary,FALSE
file,TRUE
action,TRUE
number,TRUE
size,FALSE
amount,TRUE
type,TRUE
length,FALSE
type,TRUE
rate,TRUE
rate,TRUE
duration,FALSE
range,TRUE
value,FALSE
frequency,FALSE
speed,FALSE
size,FALSE
arrest,FALSE
request,TRUE
visit,FALSE
conviction,FALSE
complaint,FALSE
violation,FALSE
execution,TRUE
question,FALSE
charge,TRUE
client,FALSE
response,FALSE
jurisdiction,TRUE
age,TRUE
year,TRUE
day,TRUE
subject,FALSE
date,TRUE
address,TRUE
time,TRUE
statute,FALSE
,FALSE
date,FALSE
month,TRUE
hour,TRUE
week,TRUE
period,TRUE
day,TRUE
name,FALSE
word,FALSE
state,TRUE
city,FALSE
night,TRUE
event,TRUE
evening,FALSE
quarter,FALSE
week,FALSE
season,FALSE
weekend,FALSE
half,TRUE
annual,FALSE
monthly,FALSE
minute,FALSE
month,TRUE
quarterly,FALSE
periodic,FALSE
weekly,FALSE
yearly,FALSE
fiscal,FALSE
seasonal,FALSE
calendar,FALSE
summer,FALSE
periodical,FALSE
the,FALSE
director,FALSE
a,FALSE
board,FALSE
appoint,TRUE
deputy,FALSE
qualified,FALSE
assistant,FALSE
name,TRUE
nominate,FALSE
elect,FALSE
designate,FALSE
qualified,FALSE
incumbent,FALSE
act,TRUE
chief,FALSE
eligible,FALSE
Canada,FALSE
defense,FALSE
California,FALSE
Virginia,FALSE
Arizona,FALSE
Alabama,FALSE
Massachusetts,FALSE
Japan,FALSE
alaska,FALSE
agree,FALSE
agree,FALSE
ask,TRUE
want,TRUE
continue,FALSE
refuse,FALSE
want,TRUE
offer,FALSE
decline,FALSE
offer,FALSE
arrest,TRUE
convince,FALSE
find,TRUE
convict,FALSE
interview,FALSE
defend,FALSE
identify,TRUE
locate,FALSE
kill,FALSE
release,FALSE
call,TRUE
contact,FALSE
tell,TRUE
require,TRUE
note,TRUE
indicate,TRUE
require,TRUE
determine,TRUE
state,TRUE
ensure,TRUE
mean,TRUE
note,TRUE
ensure,TRUE
report,TRUE
assume,FALSE
note,TRUE
hire,FALSE
appoint,TRUE
select,FALSE
promote,FALSE
terminate,FALSE
dismiss,FALSE
list,TRUE
assign,FALSE
approve,FALSE
staff,FALSE
appointment,TRUE
office,TRUE
counsel,TRUE
lawyer,TRUE
initial,FALSE
client,TRUE
personnel,FALSE
attorney,TRUE
#,FALSE
fee,FALSE
wait,FALSE
deadline,FALSE
#,FALSE
warrant,FALSE
request,FALSE
merit,FALSE
service,TRUE
#,FALSE
list,TRUE
schedule,FALSE
unless,FALSE
issue,TRUE
set,TRUE
create,TRUE
determine,TRUE
recommend,FALSE
prepare,TRUE
make,TRUE
define,FALSE
generate,FALSE
prescribe,FALSE
Commission,FALSE
council,FALSE
rule,FALSE
commissioner,FALSE
committee,FALSE
standard,FALSE
Act,FALSE
secretary,FALSE
counsel,FALSE
center,FALSE
order,FALSE
requirement,TRUE
department,FALSE
inform,TRUE
notify,FALSE
remove,TRUE
request,TRUE
may,FALSE
must,FALSE
shall,FALSE
could,FALSE
#,FALSE
would,FALSE
might,FALSE
#,FALSE
payment,FALSE
liability,FALSE
demand,FALSE
application,TRUE
petition,FALSE
responsibility,FALSE
claim,FALSE
claim,TRUE
compensation,FALSE
interest,FALSE
payment,FALSE
ask,TRUE
bail,FALSE
part,TRUE
whole,FALSE
part,TRUE
entire,FALSE
partial,FALSE
partially,FALSE
parcel,FALSE
partly,FALSE
portion,FALSE
portion,FALSE
form,TRUE
entirety,FALSE
full,FALSE
immediate,FALSE
proper,FALSE
final,FALSE
actual,FALSE
direct,FALSE
non,FALSE
formal,FALSE
voluntary,FALSE
future,FALSE
notice,TRUE
settlement,FALSE
disclosure,FALSE
consideration,FALSE
coverage,FALSE
collection,FALSE
proof,FALSE
treatment,FALSE
relief,FALSE
report,TRUE
r,FALSE
without,FALSE
no,FALSE
without,FALSE
upon,FALSE
with,FALSE
seat,FALSE
district,TRUE
funding,FALSE
seat,FALSE
vacancy,FALSE
position,FALSE
power,FALSE
office,TRUE
district,TRUE
fund,FALSE
grant,FALSE
removal,TRUE
departure,FALSE
exemption,FALSE
retirement,FALSE
leave,FALSE
transfer,FALSE
withdrawal,FALSE
free,FALSE
access,FALSE
exclusion,FALSE
rotation,FALSE
selection,FALSE
active,FALSE
official,FALSE
NASA,FALSE
military,FALSE
regular,FALSE
mission,FALSE
green,FALSE
access,FALSE
advisory,FALSE
this,FALSE
start,FALSE
wait,FALSE
front,FALSE
death,FALSE
campaign,FALSE
short,FALSE
track,FALSE
fail,TRUE
fail,TRUE
refuse,FALSE
begin,FALSE
not,FALSE
cease,FALSE
cease,FALSE
failure,FALSE
remain,FALSE
win,FALSE
respond,FALSE
agree,FALSE
comply,FALSE
appear,TRUE
escape,FALSE
participate,FALSE
answer,TRUE
succeed,FALSE
deliver,FALSE
survive,FALSE
document,TRUE
report,TRUE
standard,TRUE
project,TRUE
database,FALSE
index,FALSE
follow,TRUE
specification,FALSE
program,FALSE
comprise,FALSE
represent,TRUE
contain,TRUE
describe,TRUE
involve,TRUE
define,TRUE
sequence,FALSE
group,FALSE
subset,FALSE
series,FALSE
combination,FALSE
category,FALSE
table,FALSE
hierarchy,FALSE
variety,FALSE
datum,TRUE
information,TRUE
fact,TRUE
material,FALSE
material,FALSE
document,FALSE
source,FALSE
item,FALSE
finding,FALSE
topic,FALSE
element,FALSE
criterion,FALSE
point,TRUE
error,FALSE
develop,FALSE
submit,TRUE
present,TRUE
produce,FALSE
formulate,FALSE
analysis,TRUE
processing,FALSE
acquisition,FALSE
production,FALSE
development,TRUE
preparation,FALSE
evaluation,FALSE
publication,TRUE
presentation,FALSE
examination,FALSE
research,FALSE
relevant,FALSE
technical,FALSE
reference,TRUE
scientific,FALSE
policy,FALSE
training,FALSE
academic,FALSE
assessment,FALSE
source,FALSE
test,FALSE
evidence,TRUE
check,FALSE
statement,FALSE
study,TRUE
assessment,FALSE
standard,FALSE
documentation,FALSE
collect,FALSE
derive,FALSE
gather,FALSE
receive,TRUE
source,FALSE
compile,FALSE
draw,FALSE
extract,FALSE
industry,FALSE
department,TRUE
project,FALSE
organization,FALSE
application,TRUE
service,TRUE
agency,FALSE
industry,FALSE
laboratory,FALSE
library,FALSE
person,TRUE
be,FALSE
be,FALSE
be,FALSE
person,TRUE
often,FALSE
be,FALSE
person,TRUE
arrest,TRUE
convict,FALSE
accuse,TRUE
catch,FALSE
indict,FALSE
detain,FALSE
suspect,TRUE
charge,TRUE
prosecute,FALSE
sentence,TRUE
identify,TRUE
try,TRUE
capture,FALSE
connect,FALSE
punish,FALSE
charge,TRUE
imprison,FALSE
guilty,FALSE
offense,TRUE
offence,FALSE
activity,TRUE
crime,TRUE
act,TRUE
conspiracy,FALSE
proceed,FALSE
conviction,FALSE
enterprise,FALSE
conduct,FALSE
investigation,TRUE
execute,FALSE
release,TRUE
know,TRUE
acquit,FALSE
Judge,FALSE
he,FALSE
whether,FALSE
entitle,FALSE
authorize,FALSE
competent,FALSE
able,FALSE
willing,FALSE
license,FALSE
allow,TRUE
certify,FALSE
represent,TRUE
become,TRUE
constitute,FALSE
serve,FALSE
accompany,FALSE
advise,FALSE
trial,TRUE
dispute,FALSE
capacity,FALSE
inquiry,FALSE
matter,FALSE
situation,FALSE
proceeding,TRUE
murder,TRUE
police,FALSE
important,FALSE
criminal,FALSE
typically,FALSE
procedure,TRUE
generally,FALSE
always,FALSE
commonly,FALSE
question,FALSE
come,TRUE
come,TRUE
occur,TRUE
end,TRUE
arise,FALSE
begin,TRUE
start,TRUE
start,TRUE
arise,FALSE
end,TRUE
occur,TRUE
call,TRUE
arrive,FALSE
investigate,TRUE
file,TRUE
hear,TRUE
write,TRUE
seek,FALSE
order,TRUE
appear,FALSE
drop,FALSE
deny,TRUE
bring,FALSE
press,FALSE
lay,FALSE
settle,FALSE
pass,FALSE
confirm,TRUE
initiate,FALSE
reject,FALSE
move,FALSE
raise,TRUE
suit,FALSE
complaint,TRUE
lawsuit,FALSE
indictment,FALSE
judgment,FALSE
motion,FALSE
we,FALSE
see,TRUE
alternative,FALSE
main,FALSE
National,FALSE
legal,FALSE
regard,FALSE
include,TRUE
federal,FALSE
current,FALSE
court,TRUE
executive,FALSE
presidential,FALSE
Senate,FALSE
public,FALSE
an,FALSE
administrative,FALSE
House,FALSE
Congress,FALSE
executive,FALSE
government,FALSE
standing,FALSE
seek,TRUE
include,TRUE
ministry,FALSE
Minister,FALSE
cabinet,FALSE
rank,FALSE
division,FALSE
ask,TRUE
ask,TRUE
request,TRUE
allow,TRUE
use,TRUE
allow,TRUE
experience,FALSE
appropriate,FALSE
expert,FALSE
independent,FALSE
assistant,TRUE
outside,FALSE
individual,FALSE
administrative,FALSE
insurance,FALSE
immigration,FALSE
associate,FALSE
external,FALSE
employment,FALSE
intermediate,FALSE
officer,TRUE
authority,TRUE
party,FALSE
judge,TRUE
committee,FALSE
commission,TRUE
receiver,FALSE
witness,FALSE
establish,TRUE
determine,TRUE
specify,FALSE
confirm,TRUE
record,FALSE
verify,FALSE
indicate,TRUE
change,TRUE
discuss,FALSE
arrange,FALSE
alter,FALSE
place,TRUE
location,FALSE
date,TRUE
circumstance,FALSE
venue,FALSE
location,FALSE
detail,FALSE
nature,FALSE
position,FALSE
occasion,FALSE
manner,FALSE
time,TRUE
extent,FALSE
time,TRUE
site,FALSE
#,FALSE
#,FALSE
#,FALSE
#,FALSE
#,FALSE
#,FALSE
#,FALSE
#,FALSE
custody,FALSE
meet,TRUE
encounter,FALSE
conversation,FALSE
communication,FALSE
hear,TRUE
transaction,FALSE
exchange,FALSE
incident,FALSE
confrontation,FALSE
consultation,FALSE
argument,FALSE
discussion,FALSE
defendant,TRUE
applicant,FALSE
plaintiff,FALSE
patient,FALSE
visitor,FALSE
decease,FALSE
owner,FALSE
require,TRUE
for,FALSE
direct,TRUE
allow,TRUE
enable,TRUE
effective,FALSE
fill,FALSE
open,FALSE
hold,FALSE
exercise,FALSE
open,FALSE
close,FALSE
activate,FALSE
approval,FALSE
recommendation,FALSE
decision,FALSE
advice,FALSE
visit,FALSE
suggestion,FALSE
accredit,FALSE
attorney,FALSE
solicitor,FALSE
agent,FALSE
prosecutor,TRUE
practitioner,FALSE
director,FALSE
follow,TRUE
indicate,TRUE
accompany,FALSE
affect,FALSE
interrupt,FALSE
meet,FALSE
complete,FALSE
precede,FALSE
possible,FALSE
anticipate,FALSE
work,TRUE
financial,FALSE
reasonable,FALSE
statutory,FALSE
member,FALSE
session,FALSE
partner,FALSE
commencement,FALSE
completion,FALSE
begin,FALSE
announcement,FALSE
termination,FALSE
end,TRUE
start,TRUE
conclusion,FALSE
election,FALSE
audit,FALSE
registration,FALSE
appointment,TRUE
study,TRUE
history,FALSE
community,FALSE
network,FALSE
lot,FALSE
five,FALSE
four,FALSE
30,FALSE
six,FALSE
three,FALSE
28,FALSE
27,FALSE
26,FALSE
20,FALSE
plan,FALSE
strategy,FALSE
area,FALSE
agreement,TRUE
guideline,FALSE
proposal,FALSE
policy,FALSE
suggest,FALSE
design,TRUE
adopt,FALSE
form,TRUE
devise,FALSE
build,FALSE
choose,FALSE
offer,TRUE
create,TRUE
present,TRUE
remain,FALSE
develop,TRUE
focal,FALSE
central,FALSE
launch,FALSE
turn,TRUE
middle,FALSE
set,TRUE
common,FALSE
gather,FALSE
strong,FALSE
spot,FALSE
ground,FALSE
platform,FALSE
#,FALSE
base,TRUE
area,FALSE
pad,FALSE
deal,FALSE
negotiation,FALSE
cooperation,FALSE
discussion,TRUE
dialogue,FALSE
negotiation,FALSE
compliance,FALSE
collaboration,FALSE
integration,FALSE
engagement,FALSE
case,FALSE
technical,FALSE
incident,FALSE
problem,TRUE
datum,TRUE
report,FALSE
clinical,FALSE
additional,FALSE
preliminary,FALSE
process,TRUE
information,TRUE
type,TRUE
conflict,FALSE
service,FALSE
#,FALSE
govern,TRUE
legislative,FALSE
legislative,FALSE
main,FALSE
representative,FALSE
government,TRUE
constituent,FALSE
judicial,FALSE
ruling,FALSE
body,TRUE
body,TRUE
council,FALSE
body,FALSE
board,TRUE
house,FALSE
organ,FALSE
organisation,FALSE
officer,FALSE
consist,TRUE
compose,FALSE
consist,TRUE
consist,TRUE
Son,FALSE
one,FALSE
respectively,FALSE
member,FALSE
member,FALSE
commissioner,FALSE
article,TRUE
session,FALSE
section,TRUE
court,TRUE
year,TRUE
act,TRUE
line,FALSE
law,TRUE
question,FALSE
grade,FALSE
issue,TRUE
proceeding,FALSE
division,FALSE
suspend,TRUE
postpone,FALSE
delay,TRUE
void,FALSE
continue,FALSE
valid,FALSE
keep,FALSE
retain,FALSE
remain,FALSE
asset,FALSE
defendant,TRUE
lawsuit,FALSE
damage,FALSE
suit,FALSE
allegation,FALSE
court,TRUE
prove,FALSE
prove,FALSE
resolve,FALSE
clear,FALSE
admit,FALSE
discharge,FALSE
fire,FALSE
question,TRUE
kill,FALSE
resource,FALSE
prosecutor,TRUE
appeal,TRUE
appeal,TRUE
trial,TRUE
sentence,TRUE
pende,FALSE
resume,FALSE
relieve,FALSE
strip,FALSE
deprive,FALSE
remind,FALSE
reassign,FALSE
assume,FALSE
discharge,FALSE
duty,TRUE
duty,TRUE
power,FALSE
discretion,FALSE
responsibility,FALSE
command,FALSE
top,FALSE
next,FALSE
rotate,FALSE
upcoming,FALSE
2018,FALSE
round,FALSE
result,TRUE
normally,FALSE
happen,FALSE
summon,FALSE
send,FALSE
replace,TRUE
investigate,TRUE
product,FALSE
user,FALSE
volume,FALSE
price,FALSE
time,FALSE
product,FALSE
name,FALSE
file,FALSE
perennial,FALSE
winter,FALSE
apply,TRUE
reach,FALSE
render,FALSE
announce,FALSE
reverse,FALSE
deliver,FALSE
grant,FALSE
finalize,FALSE
choice,FALSE
determination,FALSE
motion,FALSE
decision,TRUE
resolution,FALSE
move,TRUE
proceed,FALSE
continue,TRUE
interfere,FALSE
deal,TRUE
cooperate,FALSE
begin,TRUE
commence,FALSE
help,FALSE
stop,FALSE
engage,FALSE
proceed,FALSE
trial,FALSE
defense,TRUE
prosecution,TRUE
behalf,FALSE
number,TRUE
hour,FALSE
quality,FALSE
public,FALSE
courtroom,FALSE
guest,FALSE
medium,FALSE
private,FALSE
schedule,FALSE
pay,FALSE
press,FALSE
appearance,FALSE
hearing,FALSE
meeting,FALSE
session,FALSE
judge,TRUE
order,TRUE
vary,TRUE
vary,TRUE
semester,FALSE
vision,FALSE
focus,TRUE
mandate,FALSE
challenge,FALSE
goal,TRUE
priority,FALSE
idea,TRUE
task,TRUE
promote,FALSE
explore,FALSE
design,TRUE
foster,FALSE
implement,FALSE
enable,FALSE
integrate,FALSE
deploy,FALSE
manage,TRUE
utilize,FALSE
advance,FALSE
build,FALSE
innovative,FALSE
sustainable,FALSE
integrate,FALSE
efficient,FALSE
smart,FALSE
collaborative,FALSE
well,FALSE
complex,FALSE
unique,FALSE
successful,FALSE
justice,TRUE
governance,FALSE
investigative,FALSE
plan,FALSE
enforcement,FALSE
disciplinary,FALSE
environment,FALSE
model,TRUE
intelligence,FALSE
model,TRUE
skill,FALSE
solution,FALSE
opportunity,FALSE
leadership,FALSE
strategy,FALSE
advance,FALSE
apply,TRUE
emerge,FALSE
digital,FALSE
economic,FALSE
strategic,FALSE
technology,TRUE
practical,FALSE
institutional,FALSE
capability,FALSE
system,TRUE
technology,FALSE
innovation,FALSE
tool,FALSE
initiative,FALSE
component,FALSE
advance,TRUE
improvement,FALSE
platform,FALSE
approach,TRUE
result,TRUE
aid,FALSE
result,TRUE
bring,FALSE
administration,FALSE
implementation,FALSE
division,FALSE
delivery,FALSE
pursuit,FALSE
sense,FALSE
provision,FALSE
healthcare,FALSE
business,TRUE
water,FALSE
credit,FALSE
operation,FALSE
it,FALSE
event,TRUE
energy,FALSE
money,FALSE
demand,FALSE
fee,FALSE
assistance,FALSE
comment,FALSE
permission,FALSE
opinion,FALSE
resignation,FALSE
confirmation,FALSE
all,FALSE
sanction,FALSE
accusation,FALSE
litigation,FALSE
Brown,FALSE
smith,FALSE
direct,TRUE
direct,TRUE
direct,TRUE
urge,FALSE
instruct,FALSE
urge,FALSE
produce,TRUE
perform,TRUE
collect,FALSE
take,TRUE
prepare,TRUE
issue,TRUE
receive,TRUE
performance,FALSE
statistical,FALSE
tax,FALSE
security,FALSE
market,FALSE
income,FALSE
risk,FALSE
recommendation,FALSE
product,TRUE
demonstrate,FALSE
reflect,FALSE
show,TRUE
assure,FALSE
accordance,FALSE
consistent,FALSE
consistency,FALSE
compatibility,FALSE
agreement,FALSE
alignment,FALSE
continuity,FALSE
inconsistent,FALSE
progress,FALSE
grant,FALSE
instruction,FALSE
letter,FALSE
license,FALSE
officer,TRUE
official,FALSE
take,TRUE
bring,FALSE
release,FALSE
get,FALSE
place,TRUE
put,TRUE
escort,FALSE
transfer,TRUE
transport,FALSE
send,TRUE
secure,FALSE
obtain,TRUE
force,FALSE
carry,FALSE
receive,TRUE
account,FALSE
jail,FALSE
prison,FALSE
possession,FALSE
version,FALSE
website,FALSE
make,TRUE
give,TRUE
seek,TRUE
sure,FALSE
clear,FALSE
certain,FALSE
plain,FALSE
mistake,FALSE
believe,FALSE
innocent,FALSE
right,FALSE
nominee,FALSE
need,TRUE
candidate,FALSE
due,FALSE
candidate,FALSE
need,FALSE
exclude,FALSE
delete,FALSE
omit,FALSE
absent,FALSE
exempt,FALSE
withdraw,FALSE
eliminate,FALSE
detach,FALSE
FBI,FALSE
advisory,FALSE
each,FALSE
then,FALSE
another,FALSE
decide,FALSE
set,TRUE
award,FALSE
consider,TRUE
receive,TRUE
review,TRUE
review,TRUE
give,TRUE
kind,FALSE
sort,FALSE
scale,FALSE
judicial,FALSE
district,FALSE
justice,FALSE
law,TRUE
state,TRUE
program,FALSE
circuit,FALSE
Model,FALSE
every,FALSE
rule,TRUE
table,FALSE
task,TRUE
forth,FALSE
unable,FALSE
refuse,FALSE
prove,FALSE
testify,FALSE
change,TRUE
prior,FALSE
guide,FALSE
right,FALSE
schedule,FALSE
up,FALSE
refer,FALSE
prior,FALSE
permanent,FALSE
previous,FALSE
see,TRUE
short,FALSE
honour,FALSE
provision,FALSE
principle,FALSE
term,TRUE
section,FALSE
content,FALSE
article,TRUE
word,FALSE
regulation,FALSE
paper,FALSE
regulation,FALSE
patent,FALSE
code,TRUE
contract,FALSE
land,FALSE
fair,FALSE
single,FALSE
fix,FALSE
general,FALSE
commercial,FALSE
language,FALSE
class,FALSE
consult,FALSE
serve,TRUE
consulting,FALSE
contact,FALSE
interview,FALSE
federal,FALSE
similar,FALSE
appeal,TRUE
#,FALSE
#,FALSE
#,FALSE
pay,FALSE
lose,FALSE
lose,FALSE
paper,FALSE
proposal,FALSE
bill,FALSE
become,TRUE
mile,FALSE
km,FALSE
#,FALSE
#,FALSE
#,FALSE
#,FALSE
#,FALSE
#,FALSE
#,FALSE
application,FALSE
#,FALSE
#,FALSE
randomly,FALSE
senior,FALSE
Lord,FALSE
lawyer,TRUE
judge,FALSE
officer,FALSE
senator,FALSE
general,FALSE
US,FALSE
field,FALSE
rule,TRUE
#,FALSE
control,FALSE
it,FALSE
part,TRUE
service,FALSE
permit,FALSE
ask,TRUE
magistrate,FALSE
commissioner,FALSE
tribunal,FALSE
monitor,FALSE
examine,FALSE
track,FALSE
testimony,FALSE
matter,FALSE
assign,FALSE
declare,FALSE
moment,FALSE
degree,FALSE
refusal,FALSE
secretary,FALSE
applicant,FALSE
employer,FALSE
afternoon,FALSE
morning,FALSE
noon,FALSE
midnight,FALSE
relationship,FALSE
make,TRUE
death,TRUE
dismissal,FALSE
seizure,FALSE
intention,FALSE
famous,FALSE
latter,FALSE
clearly,FALSE
explain,TRUE
evaluate,FALSE
describe,TRUE
illustrate,FALSE
highlight,FALSE
assess,FALSE
difficulty,FALSE
risk,FALSE
#,FALSE
#,FALSE
relation,FALSE
practice,FALSE
#,FALSE
relationship,FALSE
#,FALSE
contact,FALSE
along,FALSE
interaction,FALSE
#,FALSE
number,FALSE
couple,FALSE
span,FALSE
proportion,FALSE
length,FALSE
delay,FALSE
patient,FALSE
year,TRUE
minute,FALSE
call,TRUE
arrival,FALSE
admission,FALSE
diagnosis,FALSE
locality,FALSE
discovery,FALSE
deposition,FALSE
submission,FALSE
subsequent,FALSE
post,FALSE
telephone,FALSE
#,FALSE
#,FALSE
#,FALSE
#,FALSE
centre,FALSE
Institute,FALSE
bar,FALSE
unit,FALSE
room,FALSE
•,FALSE
Washington,FALSE
London,FALSE
documentary,FALSE
english,FALSE
Mexico,FALSE
prepare,TRUE
conduct,TRUE
collect,FALSE
publish,FALSE
create,TRUE
write,TRUE
accept,TRUE
establish,TRUE
send,TRUE
maintain,TRUE
use,TRUE
retain,FALSE
hold,TRUE
manage,TRUE
deliver,FALSE
qualification,FALSE
nomination,FALSE
rating,FALSE
requirement,TRUE
name,TRUE
example,FALSE
name,TRUE
language,FALSE
word,FALSE
note,TRUE
character,FALSE
other,FALSE
application,TRUE
definition,FALSE
confirm,TRUE
senior,FALSE
career,FALSE
directory,FALSE
percentage,FALSE
amount,TRUE
sum,FALSE
ratio,FALSE
employee,FALSE
account,FALSE
work,TRUE
serve,FALSE
occupy,FALSE
sign,FALSE
unit,FALSE
Senator,FALSE
member,FALSE
usually,FALSE
commission,FALSE
swear,FALSE
retire,FALSE
preside,FALSE
preside,FALSE
rule,TRUE
watch,FALSE
hold,FALSE
sit,FALSE
circuit,FALSE
county,FALSE
local,FALSE
superior,FALSE
high,FALSE
municipal,FALSE
associate,FALSE
chamber,FALSE
limit,FALSE
exclusive,FALSE
extensive,FALSE
broad,FALSE
unlimited,FALSE
#,FALSE
§,FALSE
step,TRUE
order,TRUE
ignore,FALSE
repeat,TRUE
consider,FALSE
argument,FALSE
level,TRUE
someone,FALSE
anyone,FALSE
Lee,FALSE
Johnson,FALSE
Kennedy,FALSE
everyone,FALSE
free,FALSE
jail,FALSE
penalty,FALSE
disqualify,FALSE
anything,FALSE
restraint,FALSE
more,FALSE
first,FALSE
theory,FALSE
programming,FALSE
structure,FALSE
geometry,FALSE
algebra,FALSE
logic,FALSE
verb,FALSE
synthesis,FALSE
mathematic,FALSE
node,FALSE
stage,FALSE
edge,FALSE
least,FALSE
contain,FALSE
define,TRUE
cover,FALSE
exclude,TRUE
kind,FALSE
aspect,FALSE
variable,FALSE
constraint,FALSE
action,TRUE
operation,FALSE
generalize,FALSE
adapt,FALSE
restrict,FALSE
extend,FALSE
compare,FALSE
tailor,FALSE
applicable,FALSE
subject,TRUE
attribute,FALSE
confine,FALSE
per,FALSE
different,FALSE
software,TRUE
election,FALSE
these,FALSE
they,FALSE
election,FALSE
parliament,FALSE
meet,FALSE
award,FALSE
competition,FALSE
organise,FALSE
run,TRUE
organize,FALSE
convene,FALSE
arrange,FALSE
launch,FALSE
plan,TRUE
meet,TRUE
fulfill,FALSE
learn,FALSE
satisfy,TRUE
feedback,FALSE
expertise,FALSE
knowledge,FALSE
input,FALSE
occurrence,FALSE
cycle,FALSE
birth,FALSE
death,TRUE
period,TRUE
visitor,FALSE
birth,FALSE
conception,FALSE
establishment,FALSE
surgery,FALSE
onset,FALSE
disposition,FALSE
origin,FALSE
creation,FALSE
purchase,FALSE
formation,FALSE
construction,FALSE
travel,FALSE
occupation,FALSE
availability,FALSE
geographical,FALSE
geographic,FALSE
weight,FALSE
cycle,FALSE
technology,FALSE
review,TRUE
manage,TRUE
study,TRUE
monitor,FALSE
design,TRUE
support,TRUE
understanding,FALSE
change,TRUE
advance,FALSE
consider,TRUE
organizational,FALSE
operational,FALSE
professional,FALSE
internal,FALSE
regulatory,FALSE
necessary,FALSE
automate,FALSE
unit,FALSE
experience,FALSE
need,TRUE
utilize,FALSE
essential,FALSE
expect,FALSE
supply,FALSE
train,FALSE
operate,FALSE
employ,TRUE
maintain,TRUE
sustain,FALSE
air,FALSE
national,FALSE
global,FALSE
critical,FALSE
electronic,FALSE
social,FALSE
customer,FALSE
health,FALSE
care,FALSE
consumer,FALSE
medical,FALSE
try,TRUE
attempt,FALSE
attempt,FALSE
exist,FALSE
various,FALSE
specification,FALSE
summarize,FALSE
discuss,FALSE
outline,FALSE
contain,TRUE
explain,FALSE
add,FALSE
update,FALSE
revise,FALSE
change,TRUE
reduce,FALSE
evaluate,FALSE
modify,FALSE
correct,FALSE
simplify,FALSE
alter,FALSE
addition,FALSE
subsequently,FALSE
code,FALSE
feature,FALSE
amend,FALSE
assess,FALSE
examine,FALSE
refine,FALSE
improve,FALSE
expand,FALSE
test,TRUE
enhance,FALSE
upgrade,FALSE
councillor,FALSE
juvenile,FALSE
offence,FALSE
count,FALSE
#,FALSE
#,FALSE
#,FALSE
#,FALSE
#,FALSE
#,FALSE
#,FALSE
#,FALSE
#,FALSE
#,FALSE
†,FALSE
‡,FALSE
¹,FALSE
on,FALSE
find,TRUE
make,TRUE
have,FALSE
about,FALSE
select,FALSE
include,TRUE
award,FALSE
achievement,FALSE
player,FALSE
student,FALSE
episode,FALSE
work,TRUE
detention,FALSE
misconduct,FALSE
device,FALSE
initiative,FALSE
effort,FALSE
experiment,FALSE
organization,FALSE
agency,FALSE
infrastructure,FALSE
undertaking,FALSE
entity,FALSE
implement,FALSE
fund,FALSE
lead,TRUE
support,TRUE
pursue,FALSE
sponsor,FALSE
manage,FALSE
installation,FALSE
presence,FALSE
transition,FALSE
return,FALSE
incomplete,FALSE
idea,FALSE
insight,FALSE
publish,FALSE
study,TRUE
acquire,FALSE
learn,FALSE
accumulate,FALSE
workshop,TRUE
conference,FALSE
workshop,TRUE
programme,FALSE
survey,FALSE
combine,FALSE
group,FALSE
incorporate,FALSE
consolidated,FALSE
put,TRUE
merge,FALSE
divide,FALSE
amalgamate,FALSE
mixed,FALSE
assemble,FALSE
piece,FALSE
demonstrate,TRUE
display,FALSE
exhibit,FALSE
showcase,FALSE
reveal,FALSE
culminate,FALSE
forum,FALSE
panel,FALSE
guidance,FALSE
representative,FALSE
expert,FALSE
participation,FALSE
contribution,FALSE
also,FALSE
represent,TRUE
assist,FALSE
defend,FALSE
involve,TRUE
advise,FALSE
lead,TRUE
protect,FALSE
direct,TRUE
support,TRUE
engage,FALSE
represent,TRUE
oppose,FALSE
challenge,FALSE
crisis,FALSE
battle,FALSE
express,FALSE
express,FALSE
withdraw,FALSE
declare,FALSE
bill,FALSE
legislation,FALSE
build,FALSE
arbitration,FALSE
understand,FALSE
arrangement,FALSE
expense,FALSE
award,FALSE
provide,TRUE
grant,FALSE
pay,FALSE
give,TRUE
collect,FALSE
threat,FALSE
representation,FALSE
donation,FALSE
accord,FALSE
accord,FALSE
refer,TRUE
relate,FALSE
hear,FALSE
examine,FALSE
sign,FALSE
deny,TRUE
forwards,FALSE
answer,FALSE
option,FALSE
condition,FALSE
clearance,FALSE
certification,FALSE
assignment,FALSE
return,FALSE
algorithm,FALSE
respond,FALSE
reply,FALSE
party,TRUE
go,FALSE
pass,FALSE
#,FALSE
exceed,FALSE
mention,FALSE
declaration,FALSE
minimum,FALSE
maximum,FALSE
loan,FALSE
10,FALSE
accept,TRUE
charge,TRUE
demand,FALSE
use,TRUE
calculate,FALSE
issue,TRUE
item,FALSE
allowance,FALSE
arrangement,FALSE
extension,FALSE
instrument,FALSE
award,FALSE
option,FALSE
accept,FALSE
intend,FALSE
she,FALSE
constitution,FALSE
have,FALSE
#,FALSE
bankruptcy,FALSE
debt,FALSE
revision,FALSE
salary,FALSE
placement,FALSE
hire,FALSE
currently,FALSE
and,FALSE
now,FALSE
objective,FALSE
phase,TRUE
incarnation,FALSE
edition,FALSE
strengthen,FALSE
expand,FALSE
achieve,FALSE
incorporate,FALSE
#,FALSE
#,FALSE
#,FALSE
#,FALSE
#,FALSE
#,FALSE
#,FALSE
#,FALSE
#,FALSE
#,FALSE
eligibility,FALSE
interest,FALSE
mandate,FALSE
impose,FALSE
recognize,FALSE
liable,FALSE
return,FALSE
responsible,FALSE
supervise,FALSE
maintain,TRUE
execute,FALSE
oversee,TRUE
determine,TRUE
prepare,TRUE
observe,FALSE
manage,TRUE
review,TRUE
monitor,FALSE
read,FALSE
implement,FALSE
affair,FALSE
administration,FALSE
finance,FALSE
function,TRUE
cost,FALSE
#,FALSE
#,FALSE
transaction,FALSE
level,TRUE
thousand,FALSE
percent,FALSE
base,FALSE
place,TRUE
spend,FALSE
incur,FALSE
report,TRUE
assignment,FALSE
schedule,FALSE
daily,FALSE
temporary,FALSE
additional,FALSE
generate,FALSE
yield,FALSE
understand,FALSE
overview,FALSE
example,FALSE
expansion,FALSE
explanation,FALSE
interpretation,FALSE
appreciation,FALSE
illustration,FALSE
well,FALSE
potential,FALSE
alternative,FALSE
#,FALSE
pricing,FALSE
improvement,FALSE
#,FALSE
scenario,FALSE
#,FALSE
create,TRUE
improve,FALSE
develop,TRUE
offer,TRUE
perform,TRUE
purchase,FALSE
comprehensive,FALSE
basic,FALSE
intelligent,FALSE
personal,FALSE
defence,FALSE
protection,FALSE
protective,FALSE
software,FALSE
functionality,FALSE
solution,FALSE
#,FALSE
enforcement,FALSE
#,FALSE
department,TRUE
school,FALSE
official,TRUE
authority,TRUE
agent,FALSE
investigator,FALSE
force,FALSE
aware,FALSE
satisfy,FALSE
assure,FALSE
confident,FALSE
concern,FALSE
alert,FALSE
tell,FALSE
advise,FALSE
alert,FALSE
unaware,FALSE
opportunity,FALSE
search,FALSE
plea,FALSE
asylum,FALSE
permit,FALSE
authorization,FALSE
process,TRUE
answer,TRUE
second,FALSE
hour,FALSE
mile,FALSE
page,FALSE
day,TRUE
night,FALSE
min,FALSE
value,FALSE
several,FALSE
#,FALSE
paperwork,FALSE
plead,FALSE
back,FALSE
cash,FALSE
emergency,FALSE
interim,FALSE
check,FALSE
warn,FALSE
consent,FALSE
present,TRUE
proceed,FALSE
appear,FALSE
serve,FALSE
exhibit,FALSE
display,FALSE
display,FALSE
copy,FALSE
entry,FALSE
letter,FALSE
key,FALSE
museum,FALSE
museum,FALSE
foundation,FALSE
produce,TRUE
read,FALSE
#,FALSE
#,FALSE
meaning,FALSE
people,FALSE
delay,FALSE
denial,FALSE
rejection,FALSE
condition,FALSE
acceptance,FALSE
physician,FALSE
doctor,FALSE
chair,FALSE
response,FALSE
protest,FALSE
objection,FALSE
regional,FALSE
person,TRUE
inform,TRUE
convince,FALSE
remind,FALSE
show,FALSE
teach,FALSE
tell,TRUE
accuse,TRUE
opposition,FALSE
obligation,FALSE
connection,FALSE
relation,FALSE
attachment,FALSE
#,FALSE
adequate,FALSE
honest,FALSE
equal,FALSE
#,FALSE
advocate,FALSE
job,FALSE
remedy,FALSE
description,FALSE
consider,TRUE
participate,FALSE
participate,FALSE
occur,FALSE
maintenance,FALSE
framework,FALSE
outcome,FALSE
execution,TRUE
environment,FALSE
space,FALSE
setting,TRUE
context,FALSE
content,FALSE
speech,FALSE
demonstration,FALSE
observation,FALSE
experiment,FALSE
test,FALSE
analysis,TRUE
survey,FALSE
pattern,FALSE
grade,FALSE
expect,FALSE
pass,FALSE
attain,FALSE
complete,FALSE
follow,TRUE
earn,FALSE
reach,FALSE
limit,TRUE
level,FALSE
deny,TRUE
pay,FALSE
accept,TRUE
submit,FALSE
approve,FALSE
send,FALSE
refuse,FALSE
recommend,FALSE
route,TRUE
elevation,FALSE
consecutive,FALSE
country,TRUE
shoot,FALSE
chair,FALSE
chairman,FALSE
representative,FALSE
establish,TRUE
license,FALSE
write,TRUE
evaluate,FALSE
center,FALSE
program,TRUE
training,FALSE
program,FALSE
law,TRUE
border,FALSE
field,FALSE
effort,FALSE
ability,FALSE
retrieve,FALSE
gather,FALSE
acquire,FALSE
handle,TRUE
publish,FALSE
background,FALSE
incident,FALSE
threat,FALSE
surveillance,FALSE
suspect,FALSE
victim,FALSE
citizen,FALSE
suspect,FALSE
#,FALSE
scene,FALSE
classify,FALSE
secure,FALSE
confidential,FALSE
identification,FALSE
search,FALSE
clip,FALSE
moment,FALSE
inch,FALSE
open,FALSE
investigate,TRUE
call,TRUE
find,TRUE
question,TRUE
examine,FALSE
deny,TRUE
press,FALSE
drop,FALSE
refer,TRUE
present,TRUE
return,FALSE
appeal,FALSE
cover,FALSE
list,TRUE
#,FALSE
argue,FALSE
handle,TRUE
address,TRUE
decide,FALSE
prediction,FALSE
record,TRUE
timeline,FALSE
forecast,FALSE
parameter,FALSE
outcome,TRUE
audio,FALSE
plus,FALSE
management,FALSE
planning,FALSE
base,TRUE
make,TRUE
inform,TRUE
say,FALSE
tell,FALSE
say,FALSE
judgement,FALSE
everything,FALSE
cancel,FALSE
contemplate,FALSE
deliver,FALSE
proposition,FALSE
privilege,FALSE
automatic,FALSE
extra,FALSE
fine,FALSE
fine,FALSE
bond,FALSE
#,FALSE
#,FALSE
#,FALSE
#,FALSE
#,FALSE
#,FALSE
#,FALSE
contact,TRUE
introduction,FALSE
sheriff,FALSE
detective,FALSE
President,FALSE
vary,TRUE
attack,FALSE
head,FALSE
oversee,FALSE
carry,FALSE
look,FALSE
reign,FALSE
govern,FALSE
branch,FALSE
encourage,FALSE
accelerate,FALSE
enhance,FALSE
share,FALSE
flow,FALSE
transmission,FALSE
distribution,FALSE
deployment,FALSE
diffusion,FALSE
interchange,FALSE
supply,FALSE
help,TRUE
enable,TRUE
connect,FALSE
enhance,FALSE
institution,FALSE
region,FALSE
participant,FALSE
resource,FALSE
asset,FALSE
taxis,FALSE
system,FALSE
status,FALSE
status,FALSE
directly,FALSE
depend,FALSE
advisor,FALSE
focus,FALSE
representation,FALSE
kilometer,FALSE
to,FALSE
go,FALSE
please,FALSE
fast,FALSE
send,TRUE
go,FALSE
third,FALSE
way,FALSE
put,TRUE
pass,FALSE
#,FALSE
credential,FALSE
●,FALSE
special,FALSE
,FALSE
visit,FALSE
former,FALSE
write,TRUE
bring,FALSE
certificate,FALSE
preliminary,FALSE
high,FALSE
low,FALSE
difficult,FALSE
exist,FALSE
originate,FALSE
license,FALSE
draft,FALSE
select,TRUE
jury,FALSE
dependent,FALSE
depend,FALSE
center,FALSE
contingent,FALSE
model,TRUE
focus,TRUE
found,FALSE
conditional,FALSE
severity,FALSE
caliber,FALSE
crime,TRUE
abuse,FALSE
corruption,FALSE
punishment,FALSE
capable,FALSE
incapable,FALSE
worthy,FALSE
signature,FALSE
membership,FALSE
specify,FALSE
high,FALSE
possibility,FALSE
validity,FALSE
interference,FALSE
involvement,FALSE
conflict,FALSE
reason,FALSE
draft,FALSE
favor,FALSE
italic,FALSE
error,FALSE
favour,FALSE
bold,FALSE
residence,FALSE
attendance,FALSE
#,FALSE
#,FALSE
#,FALSE
#,FALSE
#,FALSE
#,FALSE
restriction,FALSE
consideration,FALSE
limitation,FALSE
assumption,FALSE
concern,FALSE
concept,FALSE
apply,TRUE
belong,FALSE
refer,TRUE
relate,FALSE
lead,FALSE
correspond,FALSE
exist,FALSE
occur,TRUE
contribute,FALSE
attach,FALSE
extend,FALSE
business,TRUE
corporate,FALSE
company,FALSE
industrial,FALSE
usage,FALSE
operate,FALSE
domain,FALSE
instance,TRUE
treat,FALSE
regard,TRUE
understand,FALSE
view,TRUE
interpret,FALSE
recognise,FALSE
instance,FALSE
example,FALSE
characteristic,FALSE
definition,FALSE
coordinate,FALSE
voluntarily,FALSE
call,FALSE
certificate,FALSE
honorable,FALSE
superior,FALSE
allege,FALSE
outstanding,FALSE
locate,FALSE
title,FALSE
county,FALSE
city,FALSE
state,FALSE
tax,FALSE
Crown,FALSE
Davis,FALSE
report,FALSE
early,FALSE
vote,FALSE
choose,TRUE
administer,FALSE
regulate,FALSE
head,FALSE
affair,FALSE
unanimous,FALSE
majority,TRUE
joint,FALSE
popular,FALSE
simple,FALSE
stand,FALSE
voice,FALSE
majority,FALSE
vote,TRUE
caucus,FALSE
vote,TRUE
cast,FALSE
reside,FALSE
tenure,FALSE
rescue,FALSE
release,TRUE
pull,FALSE
liberate,FALSE
expel,FALSE
transfer,FALSE
eject,FALSE
Afghanistan,FALSE
ISIL,FALSE
China,FALSE
India,FALSE
add,TRUE
detail,FALSE
remove,TRUE
supplement,FALSE
outline,FALSE
subject,TRUE
topic,FALSE
precede,FALSE
#,FALSE
#,FALSE
#,FALSE
#,FALSE
graph,FALSE
diagram,TRUE
chart,FALSE
image,FALSE
map,FALSE
gallery,FALSE
figure,FALSE
show,TRUE
demonstrate,TRUE
depict,FALSE
outline,FALSE
typical,FALSE
drug,FALSE
primary,FALSE
home,FALSE
multiple,FALSE
#,FALSE
deputy,FALSE
administrator,FALSE
verify,FALSE
condemn,FALSE
defend,FALSE
disclose,FALSE
accusation,FALSE
amendment,FALSE
lift,FALSE
link,FALSE
interface,FALSE
link,FALSE
tool,FALSE
channel,FALSE
channel,TRUE
mechanism,FALSE
operate,FALSE
instal,FALSE
maintain,FALSE
deploy,FALSE
authority,FALSE
directorate,FALSE
agency,FALSE
Police,FALSE
store,FALSE
convey,FALSE
organize,FALSE
vital,FALSE
forensic,FALSE
detection,FALSE
formulation,FALSE
verdict,FALSE
infamous,FALSE
automatically,FALSE
situation,FALSE
wish,FALSE
post,TRUE
another,FALSE
none,FALSE
unknown,FALSE
source,FALSE
offender,FALSE
inmate,FALSE
capture,FALSE
imprisonment,FALSE
force,FALSE
coordinator,FALSE
manager,FALSE
response,FALSE
investigation,FALSE
Controller,FALSE
specialist,FALSE
scene,FALSE
enter,FALSE
take,TRUE
exit,FALSE
close,FALSE
conclude,FALSE
presidential,FALSE
in,FALSE
seek,TRUE
#,FALSE
regulation,FALSE
finance,FALSE
set,TRUE
include,TRUE
check,FALSE
release,FALSE
meet,TRUE
company,FALSE
register,FALSE
hear,TRUE
closing,FALSE
governor,FALSE
cite,FALSE
appeal,FALSE
return,FALSE
leave,FALSE
motion,FALSE
session,FALSE
comment,FALSE
owe,FALSE
earn,FALSE
promotion,FALSE
nomination,FALSE
Advisor,FALSE
June,FALSE
July,FALSE
urge,FALSE
initiate,FALSE
renew,FALSE
reject,FALSE
Monday,FALSE
Friday,FALSE
Thursday,FALSE
Tuesday,FALSE
Wednesday,FALSE
hire,FALSE
Commonwealth,FALSE
take,TRUE
separately,FALSE
jointly,FALSE
correspondence,FALSE
list,TRUE
number,TRUE
classification,FALSE
record,FALSE
record,FALSE
admission,FALSE
vary,TRUE
differ,FALSE
differ,FALSE
ward,FALSE
ad,FALSE
ad,TRUE
en,FALSE
ex,FALSE
post,FALSE
tran,FALSE
el,FALSE
low,FALSE
e,FALSE
de,FALSE
mode,FALSE
style,FALSE
violation,FALSE
homicide,FALSE
assault,FALSE
fraud,FALSE
theft,FALSE
illegal,FALSE
accident,FALSE
invalid,FALSE
suicide,FALSE
insane,FALSE
accidental,FALSE
serious,FALSE
reckless,FALSE
probable,FALSE
state,TRUE
note,TRUE
election,FALSE
search,FALSE
cancel,FALSE
discontinue,FALSE
revoke,FALSE
#,FALSE
enter,FALSE
quantity,FALSE
bed,FALSE
meal,FALSE
benefit,FALSE
individual,TRUE
child,FALSE
resident,FALSE
adult,FALSE
physician,FALSE
family,FALSE
woman,FALSE
doctor,FALSE
object,FALSE
charge,TRUE
profit,FALSE
deposit,FALSE
its,FALSE
school,FALSE
believe,FALSE
suggest,FALSE
argue,FALSE
explain,FALSE
sentence,TRUE
safe,FALSE
chief,FALSE
principal,FALSE
appearance,FALSE
week,FALSE
chair,FALSE
constitute,FALSE
raise,FALSE
propose,TRUE
institute,FALSE
measure,FALSE
qualification,FALSE
deputy,FALSE
civilian,FALSE
citizen,FALSE
victim,FALSE
worker,FALSE
civilian,FALSE
exceptional,FALSE
international,FALSE
trial,TRUE
capital,FALSE
life,FALSE
political,FALSE
severe,FALSE
penalty,TRUE
row,FALSE
abolish,FALSE
unconstitutional,FALSE
prohibit,FALSE
mayor,FALSE
staff,FALSE
testify,FALSE
stand,FALSE
sit,FALSE
appeal,FALSE
argue,FALSE
speak,FALSE
gain,FALSE
consensus,FALSE
clarity,FALSE
conclusion,FALSE
balance,FALSE
impact,FALSE
compromise,FALSE
equilibrium,FALSE
two,FALSE
way,FALSE
tier,FALSE
fold,FALSE
component,FALSE
factor,FALSE
protocol,FALSE
mechanism,FALSE
conduct,TRUE
coordinate,FALSE
run,FALSE
policy,FALSE
Corps,FALSE
reform,FALSE
fund,FALSE
insurance,FALSE
score,FALSE